,property_type,price,area,area_unit,n_bedrooms,n_bathrooms,n_floors,dimension_2,address,city_province,district,legal_docs,facing_direction,front_width
0,Nhà mặt tiền,48.0,65.0,m²,,,4.0,16.0,"Đường Nguyễn Trãi, Phường 7, Quận 5, TP.HCM",TP.HCM,Quận 5,Sổ hồng,,4.0
1,Nhà hẻm ngõ,8.2,105.0,m²,6.0,6.0,2.0,23.0,"1234, Đường Huỳnh Tấn phát, Phường Tân Phú, Quận 7, TP.HCM",TP.HCM,Quận 7,Sổ hồng,,4.6
2,Biệt thự,300.0,1100.0,m²,8.0,10.0,3.0,50.0,"105, Đường Trần Văn Kiểu, Phường 10, Quận 6, TP.HCM",TP.HCM,Quận 6,Sổ hồng,,20.0
3,Nhà mặt tiền,0.89,60.0,m²,3.0,3.0,,15.0,"Đường Đoàn Nguyễn Tuấn, Xã Hưng Long, Huyện Bình Chánh, TP.HCM",TP.HCM,Huyện Bình Chánh,Sổ hồng,,4.0
4,Nhà mặt tiền,40.0,140.0,m²,8.0,8.0,3.0,22.0,"Đường 3 Tháng 2, Phường 14, Quận 10, TP.HCM",TP.HCM,Quận 10,Sổ hồng,,7.5
5,Nhà hẻm ngõ,3.8,29.0,m²,2.0,,,,"Hẻm 11/9, Đường Trần Văn Đang, Phường 9, Quận 3, TP.HCM",TP.HCM,Quận 3,Sổ hồng,Đông Nam,
6,Nhà hẻm ngõ,2.98,24.0,m²,2.0,2.0,,,"87/12/4, Đường 27, Phường 6, Quận Gò Vấp, TP.HCM",TP.HCM,Quận Gò Vấp,Sổ hồng,,
7,Nhà mặt tiền,42.0,64.0,m²,4.0,3.0,3.0,16.3,"Đường Nguyễn Thái Học, Phường Cầu Ông Lãnh, Quận 1, TP.HCM",TP.HCM,Quận 1,Sổ hồng,,4.0
8,Nhà mặt tiền,9.2,100.0,m²,,,5.0,,"440A, Đường Tô Ngọc Vân, Phường Thạnh Xuân, Quận 12, TP.HCM",TP.HCM,Quận 12,Sổ hồng,,
9,Nhà mặt tiền,8.6,48.0,m²,4.0,5.0,3.0,12.0,"69, Đường số 4, Phường 16, Quận Gò Vấp, TP.HCM",TP.HCM,Quận Gò Vấp,Sổ hồng,,4.0
10,Nhà hẻm ngõ,11.8,79.0,m²,,,,19.8,"513/60, Đường Phạm Văn Bạch, Phường 15, Quận Tân Bình, TP.HCM",TP.HCM,Quận Tân Bình,Sổ hồng,Tây Nam,4.0
11,Nhà mặt tiền,12.8,47.0,m²,,,5.0,12.0,"16, Đường Nguyễn Bá Tòng, Phường Tân Thành, Quận Tân Phú, TP.HCM",TP.HCM,Quận Tân Phú,Sổ hồng,,4.1
12,Nhà hẻm ngõ,8.69,42.0,m²,4.0,4.0,3.0,,"432/3, Đường Lê Văn Sỹ, Phường 2, Quận Tân Bình, TP.HCM",TP.HCM,Quận Tân Bình,Sổ hồng,,
13,Nhà mặt tiền,,40.0,m²,,,2.0,,"Đường Nguyễn Công Trứ, Phường 19, Quận Bình Thạnh, TP.HCM",TP.HCM,Quận Bình Thạnh,Sổ đỏ,,
14,Nhà hẻm ngõ,2.2,85.0,m²,3.0,3.0,,17.0,"Đường Cây Cám, Phường Bình Hưng Hòa B, Quận Bình Tân, TP.HCM",TP.HCM,Quận Bình Tân,Giấy tờ hợp lệ,,5.0
15,Nhà mặt tiền,0.68,120.0,m²,3.0,2.0,1.0,20.0,"Đường Trịnh Như Khuê, Xã Bình Chánh, Huyện Bình Chánh, TP.HCM",TP.HCM,Huyện Bình Chánh,Sổ hồng,,6.0
16,Nhà mặt tiền,0.7,98.0,m²,3.0,2.0,,19.0,"Đường Đinh Đức Thiện, Xã Bình Chánh, Huyện Bình Chánh, TP.HCM",TP.HCM,Huyện Bình Chánh,Sổ hồng,,5.1
17,Nhà mặt tiền,1.25,100.0,m²,3.0,3.0,,20.0,"Đường Trịnh Quang Nghị, Xã Phong Phú, Huyện Bình Chánh, TP.HCM",TP.HCM,Huyện Bình Chánh,Sổ hồng,,5.0
18,Nhà mặt tiền,2.111,500.0,m²,,,,20.0,"Đường Thi Sách, Phường Bến Nghé, Quận 1, TP.HCM",TP.HCM,Quận 1,Sổ hồng,,25.0
19,Nhà hẻm ngõ,8.1,68.0,m²,3.0,3.0,3.0,17.0,"Đường Đồng Đen, Phường 14, Quận Tân Bình, TP.HCM",TP.HCM,Quận Tân Bình,Sổ hồng,,4.0
20,Nhà mặt tiền,5.5,46.0,m²,3.0,3.0,2.0,,"228, Đường Bình Quới, Phường 28, Quận Bình Thạnh, TP.HCM",TP.HCM,Quận Bình Thạnh,Sổ hồng,Tây Nam,
21,Nhà hẻm ngõ,7.8,56.0,m²,5.0,6.0,,,"Phường Bình Trị Đông, Quận Bình Tân, TP.HCM",TP.HCM,Quận Bình Tân,Sổ hồng,,
22,Nhà hẻm ngõ,10.5,73.0,m²,5.0,4.0,4.0,,"Đường Tân Trụ, Phường 15, Quận Tân Bình, TP.HCM",TP.HCM,Quận Tân Bình,Sổ hồng,Tây,
23,Nhà mặt tiền,1.29,72.0,m²,5.0,6.0,,,"Phường Bình Trị Đông, Quận Bình Tân, TP.HCM",TP.HCM,Quận Bình Tân,Sổ hồng,,
24,Nhà hẻm ngõ,30.0,67.5,m²,20.0,21.0,7.0,17.0,"67/1, Đường Lê Đức Thọ, Phường 6, Quận Gò Vấp, TP.HCM",TP.HCM,Quận Gò Vấp,Sổ hồng,Bắc,4.5
25,Nhà mặt tiền,22.9,69.0,m²,6.0,6.0,7.0,21.0,"Đường Lê Đức Thọ, Phường 6, Quận Gò Vấp, TP.HCM",TP.HCM,Quận Gò Vấp,Sổ hồng,Tây Nam,4.0
26,Nhà hẻm ngõ,15.5,60.0,m²,,,,,"Đường 22, Phường 15, Quận 11, TP.HCM",TP.HCM,Quận 11,Giấy tờ hợp lệ,,
27,Nhà mặt tiền,55.0,100.0,m²,24.0,,7.0,18.0,"Đường Phan Đình Phùng, Phường 2, Quận Phú Nhuận, TP.HCM",TP.HCM,Quận Phú Nhuận,Sổ đỏ,,4.0
28,Nhà hẻm ngõ,4.95,124.3,m²,2.0,1.0,,26.0,"Đường Huỳnh Tấn Phát, Thị Trấn Nhà Bè, Huyện Nhà Bè, TP.HCM",TP.HCM,Huyện Nhà Bè,Sổ hồng,,4.8
29,Nhà mặt tiền,19.6,60.2,m²,,,4.0,17.0,"136, Đường Âu Dương Lân, Phường 3, Quận 8, TP.HCM",TP.HCM,Quận 8,Sổ hồng,,4.2
30,Nhà mặt tiền,5.7,48.0,m²,2.0,2.0,2.0,12.0,"Đường Âu Cơ, Phường 11, Quận Tân Bình, TP.HCM",TP.HCM,Quận Tân Bình,Sổ hồng,,4.0
31,Nhà hẻm ngõ,19.9,328.0,m²,52.0,52.0,3.0,36.0,"Đường Hồ Văn Long, Phường Tân Tạo, Quận Bình Tân, TP.HCM",TP.HCM,Quận Bình Tân,Sổ hồng,Tây Bắc,9.5
32,Nhà mặt tiền,7.5,107.0,m²,,,,20.0,"109, Đường Thới An 13, Phường Thới An, Quận 12, TP.HCM",TP.HCM,Quận 12,Sổ hồng,,6.0
33,Nhà hẻm ngõ,9.5,90.0,m²,,,2.0,18.0,"140/10/19, Đường Điện Biên Phủ, Phường 17, Quận Bình Thạnh, TP.HCM",TP.HCM,Quận Bình Thạnh,Sổ hồng,,5.0
34,Nhà mặt tiền,23.9,160.0,m²,,,3.0,20.0,"Đường Nguyễn Gia Trí, Phường 25, Quận Bình Thạnh, TP.HCM",TP.HCM,Quận Bình Thạnh,Sổ hồng,Đông Nam,8.0
35,Nhà hẻm ngõ,8.0,71.0,m²,4.0,4.0,,16.0,"Đường Âu Cơ, Phường 10, Quận Tân Bình, TP.HCM",TP.HCM,Quận Tân Bình,Sổ hồng,,4.0
36,Nhà hẻm ngõ,3.95,13.0,m²,2.0,2.0,,,"Đường Nguyễn Thiện Thuật, Phường 2, Quận 3, TP.HCM",TP.HCM,Quận 3,Sổ hồng,,
37,Nhà mặt tiền,33.0,130.0,m²,,,,19.1,"Đường Thân Văn Nhiếp, Phường An Phú, TP. Thủ Đức - Quận 2, TP.HCM",TP.HCM,TP. Thủ Đức - Quận 2,Sổ hồng,Đông Nam,6.8
38,Nhà mặt tiền,10.8,30.0,m²,5.0,4.0,5.0,13.0,"181, Đường Nhật Tảo, Phường 8, Quận 10, TP.HCM",TP.HCM,Quận 10,Sổ hồng,,3.0
39,Nhà hẻm ngõ,4.45,55.0,m²,4.0,5.0,4.0,11.0,"Đường Nguyễn  Cửu Phú, Phường Tân Tạo A, Quận Bình Tân, TP.HCM",TP.HCM,Quận Bình Tân,Sổ hồng,,5.5
40,Nhà hẻm ngõ,5.65,37.0,m²,2.0,2.0,,14.5,"Đường Nguyễn An Ninh, Phường 14, Quận Bình Thạnh, TP.HCM",TP.HCM,Quận Bình Thạnh,Sổ hồng,,2.6
41,Nhà hẻm ngõ,4.6,34.4,m²,3.0,2.0,,9.0,"Đường Kỳ Đồng, Phường 9, Quận 3, TP.HCM",TP.HCM,Quận 3,Sổ hồng,,3.7
42,Nhà mặt tiền,6.5,93.0,m²,1.0,1.0,,24.0,"Đường 21, Phường Bình Hưng Hòa, Quận Bình Tân, TP.HCM",TP.HCM,Quận Bình Tân,Sổ hồng,Nam,4.0
43,Nhà hẻm ngõ,4.95,32.0,m²,4.0,4.0,5.0,8.0,"Đường Lê Trung Đình, Phường Sơn Kỳ, Quận Tân Phú, TP.HCM",TP.HCM,Quận Tân Phú,Sổ hồng,Nam,4.0
44,Nhà mặt tiền,4.65,52.0,m²,2.0,2.0,2.0,10.5,"1806, Đường Huỳnh Tấn Phát, Thị Trấn Nhà Bè, Huyện Nhà Bè, TP.HCM",TP.HCM,Huyện Nhà Bè,Sổ hồng,Bắc,5.0
45,Nhà mặt tiền,6.05,56.0,m²,5.0,6.0,4.0,14.0,"703/22, Đường Lê Trọng Tấn, Phường Tây Thạnh, Quận Tân Phú, TP.HCM",TP.HCM,Quận Tân Phú,Sổ hồng,,4.0
46,Nhà mặt tiền,13.9,142.0,m²,10.0,10.0,6.0,30.0,"6/1B, Đường Nguyễn Thị Sóc, Xã Bà Điểm, Huyện Hóc Môn, TP.HCM",TP.HCM,Huyện Hóc Môn,Sổ hồng,Đông Nam,6.0
47,Nhà hẻm ngõ,6.26,30.0,m²,3.0,3.0,,,"42/, Đường Hồ Văn Huê, Phường 9, Quận Phú Nhuận, TP.HCM",TP.HCM,Quận Phú Nhuận,Sổ hồng,,
48,Nhà mặt tiền,65.0,180.0,m²,33.0,36.0,5.0,15.0,"Quận 7, TP.HCM",TP.HCM,Quận 7,Sổ hồng,Nam,12.0
49,Nhà mặt tiền,14.0,76.0,m²,,,3.0,19.0,"Đường Phú Thọ Hòa, Phường Phú Thọ Hòa, Quận Tân Phú, TP.HCM",TP.HCM,Quận Tân Phú,Sổ hồng,,4.0
50,Nhà hẻm ngõ,6.3,41.0,m²,,,,9.5,"Đường Đồng Đen, Phường 14, Quận Tân Bình, TP.HCM",TP.HCM,Quận Tân Bình,Sổ hồng,,4.3
51,Nhà hẻm ngõ,4.2,64.2,m²,,,2.0,12.0,"19/30A, Đường Võ Văn Ngân, Phường Linh Chiểu, TP. Thủ Đức - Quận Thủ Đức, TP.HCM",TP.HCM,TP. Thủ Đức - Quận Thủ Đức,Sổ hồng,,5.2
52,Nhà hẻm ngõ,4.55,24.4,m²,3.0,3.0,4.0,6.1,"Đường Nguyễn Đình Chiểu, Phường 4, Quận Phú Nhuận, TP.HCM",TP.HCM,Quận Phú Nhuận,Sổ hồng,Đông Bắc,4.0
53,Nhà mặt tiền,5.65,52.0,m²,4.0,3.0,4.0,14.0,"Đường An Dương Vương, Phường 16, Quận 8, TP.HCM",TP.HCM,Quận 8,Sổ hồng,,4.0
54,Nhà hẻm ngõ,2.95,52.0,m²,2.0,2.0,,12.0,"Đường Võ Văn Ngân, Phường Bình Thọ, TP. Thủ Đức - Quận Thủ Đức, TP.HCM",TP.HCM,TP. Thủ Đức - Quận Thủ Đức,Sổ hồng,,4.0
55,Nhà hẻm ngõ,7.3,40.3,m²,3.0,4.0,3.0,11.5,"Đường Đặng Văn Ngữ, Phường 10, Quận Phú Nhuận, TP.HCM",TP.HCM,Quận Phú Nhuận,Sổ hồng,Tây Bắc,3.5
56,Nhà hẻm ngõ,8.6,45.0,m²,4.0,4.0,4.0,7.5,"Đường Lê Văn Sỹ, Phường 14, Quận 3, TP.HCM",TP.HCM,Quận 3,Sổ hồng,Đông Nam,6.0
57,Nhà mặt tiền,8.49,74.0,m²,5.0,6.0,5.0,16.0,"Phường Bình Hưng Hòa A, Quận Bình Tân, TP.HCM",TP.HCM,Quận Bình Tân,Giấy tờ hợp lệ,,4.0
58,Nhà hẻm ngõ,3.25,42.0,m²,3.0,2.0,2.0,9.0,"1716, 1716, Thị Trấn Nhà Bè, Huyện Nhà Bè, TP.HCM",TP.HCM,Huyện Nhà Bè,Sổ hồng,Đông Bắc,5.0
59,Biệt thự,115.0,307.0,m²,5.0,6.0,3.0,20.5,"Đường Nguyễn Văn Hưởng, Phường Thảo Điền, TP. Thủ Đức - Quận 2, TP.HCM",TP.HCM,TP. Thủ Đức - Quận 2,Sổ hồng,,15.0
60,Nhà hẻm ngõ,1.47,45.0,m²,3.0,2.0,2.0,11.3,"Đường Đồng Nai, Phường 15, Quận 10, TP.HCM",TP.HCM,Quận 10,Sổ đỏ,,4.0
61,Nhà hẻm ngõ,6.55,90.0,m²,2.0,2.0,2.0,12.5,"137/32/18, Đường Lê Văn Sỹ, Phường 13, Quận Phú Nhuận, TP.HCM",TP.HCM,Quận Phú Nhuận,Sổ hồng,,4.0
62,Nhà mặt tiền,28.0,168.0,m²,,,,,"Xã Bình Hưng, Huyện Bình Chánh, TP.HCM",TP.HCM,Huyện Bình Chánh,Sổ hồng,,
63,Nhà mặt tiền,1.8,125.0,m²,10.0,10.0,,,"Đường Bà Thau, Xã Tân Kiên, Huyện Bình Chánh, TP.HCM",TP.HCM,Huyện Bình Chánh,Sổ hồng,,
64,Nhà mặt tiền,1.1,44.0,m²,2.0,2.0,,11.0,"Đường 74, Phường 16, Quận 8, TP.HCM",TP.HCM,Quận 8,Sổ hồng,,4.0
65,Nhà mặt tiền,8.8,63.5,m²,,,,20.0,"103, Đường Bác Ái, Phường Tân Thành, Quận Tân Phú, TP.HCM",TP.HCM,Quận Tân Phú,Sổ hồng,,3.7
66,Biệt thự,13.5,93.0,m²,8.0,8.0,,15.0,"187/37, Đường Bạch Đằng, Phường 2, Quận Tân Bình, TP.HCM",TP.HCM,Quận Tân Bình,Sổ hồng,,6.2
67,Nhà hẻm ngõ,10.5,54.0,m²,,,,13.5,"88/24/10, Đường Phan Sào Nam, Phường 11, Quận Tân Bình, TP.HCM",TP.HCM,Quận Tân Bình,Sổ hồng,,4.0
68,Nhà hẻm ngõ,24.5,275.0,m²,,,,25.0,"46/3-5, Đường Phan Đình Phùng, Phường Tân Thành, Quận Tân Phú, TP.HCM",TP.HCM,Quận Tân Phú,Sổ hồng,,12.0
69,Nhà hẻm ngõ,7.9,71.6,m²,,,,13.5,"55/10/31, Đường Thành Mỹ, Phường 8, Quận Tân Bình, TP.HCM",TP.HCM,Quận Tân Bình,Sổ hồng,,5.3
70,Nhà mặt tiền,75.0,110.0,m²,,,,25.0,"49b, Đường Cao Thắng, Phường 3, Quận 3, TP.HCM",TP.HCM,Quận 3,Sổ hồng,,4.2
71,Nhà hẻm ngõ,2.95,24.6,m²,3.0,2.0,,8.5,"16/25, Đường Bùi Thế Mỹ, Phường 10, Quận Tân Bình, TP.HCM",TP.HCM,Quận Tân Bình,Sổ hồng,,3.0
72,Nhà hẻm ngõ,11.6,87.5,m²,6.0,5.0,,17.5,"107/6, Đường Phạm Phú Thứ, Phường 11, Quận Tân Bình, TP.HCM",TP.HCM,Quận Tân Bình,Sổ hồng,,5.0
73,Nhà hẻm ngõ,8.5,38.5,m²,,,,10.0,"48/20, Đường Lam Sơn, Phường 2, Quận Tân Bình, TP.HCM",TP.HCM,Quận Tân Bình,Sổ hồng,,4.1
74,Nhà mặt tiền,29.5,106.1,m²,9.0,4.0,4.0,14.0,"923, Đường Hồng Bàng, Phường 9, Quận 6, TP.HCM",TP.HCM,Quận 6,Sổ hồng,,8.1
75,Nhà mặt tiền,5.25,18.1,m²,,,,4.2,"Đường Đồng Xoài, Phường 13, Quận Tân Bình, TP.HCM",TP.HCM,Quận Tân Bình,Sổ hồng,,4.3
76,Nhà mặt tiền,6.6,17.0,m²,,,,5.0,"400, Đường Cộng Hòa, Phường 13, Quận Tân Bình, TP.HCM",TP.HCM,Quận Tân Bình,Sổ hồng,,4.1
77,Nhà hẻm ngõ,17.0,64.0,m²,,,,16.0,"41/28, Đường Bàu Cát 8, Phường 13, Quận Tân Bình, TP.HCM",TP.HCM,Quận Tân Bình,Sổ hồng,,4.0
78,Nhà hẻm ngõ,6.05,52.0,m²,5.0,5.0,3.0,10.0,"132/21, Đường 26/3, Phường Bình Hưng Hòa, Quận Bình Tân, TP.HCM",TP.HCM,Quận Bình Tân,Sổ hồng,,5.2
79,Nhà hẻm ngõ,6.5,56.0,m²,2.0,2.0,,,"354/21, Đường Bùi Đình Túy, Phường 12, Quận Bình Thạnh, TP.HCM",TP.HCM,Quận Bình Thạnh,Sổ hồng,,
80,Biệt thự,122.0,530.7,m²,8.0,8.0,,24.0,"Đường 47, Phường Thảo Điền, TP. Thủ Đức - Quận 2, TP.HCM",TP.HCM,TP. Thủ Đức - Quận 2,Sổ hồng,,22.0
81,Nhà hẻm ngõ,18.5,65.0,m²,6.0,6.0,5.0,17.0,"436B/123, Đường 3 Tháng 2, Phường 12, Quận 10, TP.HCM",TP.HCM,Quận 10,Sổ hồng,Đông Nam,3.7
82,Nhà hẻm ngõ,8.1,61.0,m²,4.0,5.0,4.0,12.0,"1Y, Đường Lạc Long Quân, Phường 5, Quận 11, TP.HCM",TP.HCM,Quận 11,Sổ hồng,,6.0
83,Nhà mặt tiền,12.0,120.0,m²,2.0,4.0,,20.0,"108 Đường 22, Xã Bình Hưng, Bình Chánh, Hồ Chí Min, Đường 22, Xã Bình Hưng, Huyện Bình Chánh, TP.HCM",TP.HCM,Huyện Bình Chánh,Sổ hồng,,6.0
84,Nhà mặt tiền,5.25,58.0,m²,3.0,2.0,4.0,4.5,"27, Đường Đồng Xoài, Phường 13, Quận Tân Bình, TP.HCM",TP.HCM,Quận Tân Bình,Sổ hồng,,4.3
85,Nhà mặt tiền,50.0,111.0,m²,20.0,20.0,5.0,15.0,"Đường 42, Phường Tân Quy, Quận 7, TP.HCM",TP.HCM,Quận 7,Sổ hồng,,8.5
86,Nhà mặt tiền,31.0,652.6,m²,,,,,"168A, Đường Quốc Lộ 1, Phường An Phú Đông, Quận 12, TP.HCM",TP.HCM,Quận 12,Sổ hồng,,
87,Nhà mặt tiền,0.73,100.0,m²,3.0,4.0,,20.0,"Đường Hưng Nhơn, Xã Tân Kiên, Huyện Bình Chánh, TP.HCM",TP.HCM,Huyện Bình Chánh,Sổ hồng,,5.0
88,Nhà mặt tiền,95.0,155.0,m²,,,2.0,30.0,"120 D, Đường Trần Hưng Đạo, Phường Phạm Ngũ Lão, Quận 1, TP.HCM",TP.HCM,Quận 1,Sổ hồng,Đông Nam,5.5
89,Nhà mặt tiền,23.3,78.4,m²,,,,17.0,"Phường 7, Quận Tân Bình, TP.HCM",TP.HCM,Quận Tân Bình,Sổ hồng,,3.6
90,Nhà mặt tiền,29.0,44.1,m²,5.0,6.0,6.0,10.5,"5, Đường Nguyễn Thiện Thuật, Phường 2, Quận 3, TP.HCM",TP.HCM,Quận 3,Sổ hồng,,4.2
91,Nhà hẻm ngõ,29.5,256.0,m²,14.0,,,24.0,"15/1, Đường 13, Phường An Khánh, TP. Thủ Đức - Quận 2, TP.HCM",TP.HCM,TP. Thủ Đức - Quận 2,Sổ hồng,,11.0
92,Nhà hẻm ngõ,12.0,53.3,m²,,,5.0,13.0,"435/7/25, Đường Thống Nhất, Phường 11, Quận Gò Vấp, TP.HCM",TP.HCM,Quận Gò Vấp,Sổ hồng,,4.1
93,Nhà hẻm ngõ,12.0,155.0,m²,,1.0,2.0,23.0,"59/14, Đường Lý Chiêu Hoàng, Phường 10, Quận 6, TP.HCM",TP.HCM,Quận 6,Sổ hồng,Tây Bắc,5.0
94,Nhà hẻm ngõ,5.55,60.0,m²,3.0,4.0,4.0,12.0,"Thị Trấn Nhà Bè, Huyện Nhà Bè, TP.HCM",TP.HCM,Huyện Nhà Bè,Sổ hồng,,5.0
95,Nhà hẻm ngõ,4.75,58.0,m²,,,,,"Đường số 7, Phường Hiệp Bình Chánh, TP. Thủ Đức - Quận Thủ Đức, TP.HCM",TP.HCM,TP. Thủ Đức - Quận Thủ Đức,Sổ hồng,,
96,Nhà mặt tiền,210.0,5564.0,m²,,,,,"Đường 12, Phường Trường Thọ, TP. Thủ Đức - Quận Thủ Đức, TP.HCM",TP.HCM,TP. Thủ Đức - Quận Thủ Đức,Sổ hồng,Đông Bắc,
97,Nhà mặt tiền,,49.7,m²,3.0,1.0,,12.0,"Đường Nguyễn Tư Giản, Phường 12, Quận Gò Vấp, TP.HCM",TP.HCM,Quận Gò Vấp,Sổ hồng,,4.0
98,Biệt thự,81.0,432.0,m²,4.0,6.0,3.0,,"TP. Thủ Đức - Quận 9, TP.HCM",TP.HCM,TP. Thủ Đức - Quận 9,Sổ hồng,Đông Nam,
99,Nhà hẻm ngõ,33.0,160.0,m²,4.0,6.0,4.0,20.0,"101/62, Đường Nguyễn Chí Thanh, Phường 9, Quận 5, TP.HCM",TP.HCM,Quận 5,Sổ hồng,,8.0
100,Nhà mặt tiền,9.6,166.0,m²,3.0,4.0,,33.0,"Đường Trung Mỹ Tây 4, Xã Trung Chánh, Huyện Hóc Môn, TP.HCM",TP.HCM,Huyện Hóc Môn,Sổ hồng,Tây Bắc,5.0
101,Biệt thự,14.3,164.0,m²,,,,,"Đường Nguyễn Thị Định, Phường Bình Trưng Tây, TP. Thủ Đức - Quận 2, TP.HCM",TP.HCM,TP. Thủ Đức - Quận 2,Sổ hồng,,
102,Nhà hẻm ngõ,1.99,42.0,m²,2.0,3.0,,11.5,"Đường Đinh Bộ Lĩnh, Phường 1, Quận Bình Thạnh, TP.HCM",TP.HCM,Quận Bình Thạnh,Sổ hồng,,3.7
103,Nhà hẻm ngõ,2.09,58.0,m²,2.0,3.0,,14.0,"Phường Hiệp Bình Chánh, TP. Thủ Đức - Quận Thủ Đức, TP.HCM",TP.HCM,TP. Thủ Đức - Quận Thủ Đức,Sổ hồng,,4.2
104,Nhà hẻm ngõ,2.15,41.0,m²,4.0,4.0,,8.5,"Đường Yên Thế, Phường 2, Quận Tân Bình, TP.HCM",TP.HCM,Quận Tân Bình,Sổ hồng,,4.8
105,Nhà hẻm ngõ,12.2,73.0,m²,,,4.0,,"305/A, Đường Lê Văn Sỹ, Phường 1, Quận Tân Bình, TP.HCM",TP.HCM,Quận Tân Bình,Sổ hồng,,
106,Nhà mặt tiền,43.0,1553.0,m²,,,,16.0,"Đường Phan Đình Phùng, Phường 17, Quận Phú Nhuận, TP.HCM",TP.HCM,Quận Phú Nhuận,Sổ hồng,,9.0
107,Nhà mặt tiền,25.0,61.0,m²,,,,10.0,"Đường Vườn Chuối, Phường 4, Quận 3, TP.HCM",TP.HCM,Quận 3,Sổ hồng,,6.1
108,Nhà mặt tiền,50.0,220.0,m²,,,,20.0,"Đường K300, Phường 12, Quận Tân Bình, TP.HCM",TP.HCM,Quận Tân Bình,Sổ hồng,,11.0
109,"Biệt thự, Villa",40.0,160.0,m²,4.0,4.0,,16.0,"Đường Bùi Tá Hán, Phường An Phú, TP. Thủ Đức - Quận 2, TP.HCM",TP.HCM,TP. Thủ Đức - Quận 2,Sổ hồng,,10.0
110,Biệt thự,95.0,4.9,m²,4.0,4.0,,,"Đường Long Thuận, Phường Long Phước, TP. Thủ Đức - Quận 9, TP.HCM",TP.HCM,TP. Thủ Đức - Quận 9,Sổ hồng,,
111,Nhà hẻm ngõ,35.0,147.0,m²,4.0,4.0,,18.0,"Đường Bạch Đằng, Phường 2, Quận Tân Bình, TP.HCM",TP.HCM,Quận Tân Bình,Sổ hồng,,9.0
112,Nhà hẻm ngõ,17.5,65.0,m²,,,2.0,,"Đường Trần Quang Diệu, Phường 14, Quận 3, TP.HCM",TP.HCM,Quận 3,Sổ hồng,,
113,Nhà mặt tiền,41.5,100.0,m²,,,,25.0,"Đường Trần Hưng Đạo, Phường 1, Quận 5, TP.HCM",TP.HCM,Quận 5,Sổ hồng,,4.0
114,"Nhà hẻm, ngõ",0.72,85.0,m²,2.0,1.0,,17.0,"Đường An Phú Tây, Xã Phong Phú, Huyện Bình Chánh, TP.HCM",TP.HCM,Huyện Bình Chánh,Sổ hồng,,5.0
115,Nhà mặt tiền,12.86,60.0,m²,3.0,1.0,2.0,12.0,"40, Đường Ba Vân, Phường 14, Quận Tân Bình, TP.HCM",TP.HCM,Quận Tân Bình,Sổ hồng,,5.0
116,Nhà mặt tiền,39.99,211.0,m²,20.0,20.0,4.0,27.0,"Đường Lê Tấn Quốc, Phường 13, Quận Tân Bình, TP.HCM",TP.HCM,Quận Tân Bình,Sổ hồng,,8.0
117,Nhà mặt tiền,12.8,56.0,m²,5.0,4.0,4.0,14.0,"Đường Bàu Cát 3, Phường 14, Quận Tân Bình, TP.HCM",TP.HCM,Quận Tân Bình,Sổ hồng,,4.0
118,Nhà mặt tiền,11.0,150.0,m²,2.0,2.0,,30.0,"Đường Tô Ngọc Vân, Phường Thạnh Xuân, Quận 12, TP.HCM",TP.HCM,Quận 12,Sổ hồng,Nam,5.0
119,Nhà hẻm ngõ,6.5,80.0,m²,4.0,5.0,3.0,16.0,"1419, Đường Lê Văn Lương, Xã Phước Kiển, Huyện Nhà Bè, TP.HCM",TP.HCM,Huyện Nhà Bè,Sổ hồng,Đông Nam,5.0
120,Nhà mặt tiền,8.8,987.0,m²,3.0,3.0,2.0,18.5,"1236, Đường Lê Văn Lương, Xã Phước Kiển, Huyện Nhà Bè, TP.HCM",TP.HCM,Huyện Nhà Bè,Sổ hồng,Đông,4.9
121,Nhà hẻm ngõ,6.6,64.0,m²,5.0,5.0,4.0,13.5,"Đường Thạnh Xuân 25, Phường Thạnh Xuân, Quận 12, TP.HCM",TP.HCM,Quận 12,Sổ hồng,,4.0
122,Nhà hẻm ngõ,2.45,114.0,m²,2.0,2.0,,5.0,"Đường An Phú Đông 25, Phường An Phú Đông, Quận 12, TP.HCM",TP.HCM,Quận 12,Sổ hồng,,23.0
123,Nhà mặt tiền,40.0,144.0,m²,,,,21.5,"Đường Vũ Tông Phan, Phường An Phú, TP. Thủ Đức - Quận 2, TP.HCM",TP.HCM,TP. Thủ Đức - Quận 2,Sổ hồng,,7.5
124,Nhà mặt tiền,17.5,127.0,m²,17.0,17.0,5.0,17.0,"136, Đường Trần Văn Quang, Phường 10, Quận Tân Bình, TP.HCM",TP.HCM,Quận Tân Bình,Sổ hồng,,5.0
125,Nhà hẻm ngõ,15.9,72.0,m²,5.0,6.0,4.0,,"Đường Nguyễn Trọng Tuyển, Phường 10, Quận Phú Nhuận, TP.HCM",TP.HCM,Quận Phú Nhuận,Sổ hồng,,
126,Nhà hẻm ngõ,5.68,27.0,m²,2.0,2.0,,,"450/16/45, Đường Phan Xích Long, Phường 2, Quận Phú Nhuận, TP.HCM",TP.HCM,Quận Phú Nhuận,Sổ hồng,,
127,Nhà hẻm ngõ,5.38,56.0,m²,3.0,3.0,2.0,14.0,"102/, Đường Lê Văn Thọ, Phường 11, Quận Gò Vấp, TP.HCM",TP.HCM,Quận Gò Vấp,Sổ hồng,Bắc,4.0
128,"Nhà hẻm, ngõ",12.5,1084.0,m²,6.0,60.0,,18.0,"60, 60, Huyện Bình Chánh, TP.HCM",TP.HCM,Huyện Bình Chánh,Sổ hồng,Tây,6.0
129,Nhà mặt tiền,17.0,126.0,m²,,,1.0,18.0,"Đường Khuông Việt, Phường Phú Trung, Quận Tân Phú, TP.HCM",TP.HCM,Quận Tân Phú,Sổ hồng,,7.0
130,Nhà hẻm ngõ,1.7,34.0,m²,3.0,4.0,,,"Đường Nơ Trang Long, Phường 7, Quận Bình Thạnh, TP.HCM",TP.HCM,Quận Bình Thạnh,Sổ hồng,,
131,Nhà mặt tiền,59.0,140.0,m²,10.0,10.0,4.0,20.0,"Đường Nguyễn Trãi, Phường 3, Quận 5, TP.HCM",TP.HCM,Quận 5,Sổ hồng,,7.1
132,Nhà hẻm ngõ,1.25,17.0,m²,4.0,4.0,4.0,4.8,"Đường Chu Văn An, Phường 12, Quận Bình Thạnh, TP.HCM",TP.HCM,Quận Bình Thạnh,Sổ hồng,,3.5
133,Nhà mặt tiền,22.5,64.0,m²,5.0,6.0,5.0,16.0,"135, Đường Đồng Đen, Phường 12, Quận Tân Bình, TP.HCM",TP.HCM,Quận Tân Bình,Sổ hồng,Tây Bắc,4.0
134,Nhà hẻm ngõ,12.5,70.0,m²,,,,,"Phường 1, Quận Tân Bình, TP.HCM",TP.HCM,Quận Tân Bình,Sổ hồng,,
135,Nhà hẻm ngõ,2.3,63.0,m²,3.0,4.0,,,"Đường Hoàng Hoa Thám, Phường 5, Quận Bình Thạnh, TP.HCM",TP.HCM,Quận Bình Thạnh,Sổ hồng,,
136,Nhà mặt tiền,3.85,80.0,m²,4.0,5.0,2.0,16.0,"Đường số 2, Xã Xuân Thới Sơn, Huyện Hóc Môn, TP.HCM",TP.HCM,Huyện Hóc Môn,Sổ hồng,,5.0
137,Nhà hẻm ngõ,4.26,48.0,m²,2.0,2.0,1.0,12.0,"Đường Quang Trung, Phường 14, Quận Gò Vấp, TP.HCM",TP.HCM,Quận Gò Vấp,Sổ hồng,,4.1
138,Nhà mặt tiền,15.3,73.5,m²,,,,,"Đường 17, Phường Tân Kiểng, Quận 7, TP.HCM",TP.HCM,Quận 7,Sổ hồng,,
139,Nhà hẻm ngõ,2.89,69.0,m²,4.0,4.0,,17.0,"Đường Đào Duy Anh, Phường 9, Quận Phú Nhuận, TP.HCM",TP.HCM,Quận Phú Nhuận,Sổ hồng,,4.0
140,Nhà hẻm ngõ,11.8,56.0,m²,,,4.0,,"319/11, Đường Nguyễn Công Trứ, Phường Nguyễn Thái Bình, Quận 1, TP.HCM",TP.HCM,Quận 1,Sổ hồng,,
141,Nhà hẻm ngõ,4.8,49.0,m²,3.0,2.0,2.0,7.0,"911/, Đường Quang Trung, Phường 14, Quận Gò Vấp, TP.HCM",TP.HCM,Quận Gò Vấp,Sổ hồng,,7.0
142,Nhà hẻm ngõ,2.35,50.0,m²,4.0,5.0,4.0,,"Đường Nơ Trang Long, Phường 12, Quận Bình Thạnh, TP.HCM",TP.HCM,Quận Bình Thạnh,Sổ hồng,,
143,Nhà hẻm ngõ,2.68,15.0,m²,2.0,3.0,4.0,5.0,"Đường Phạm Văn Hai, Phường 2, Quận Tân Bình, TP.HCM",TP.HCM,Quận Tân Bình,Sổ hồng,,3.0
144,Nhà mặt tiền,33.5,160.0,m²,4.0,4.0,3.0,20.0,"TP. Thủ Đức - Quận 2, TP.HCM",TP.HCM,TP. Thủ Đức - Quận 2,Sổ hồng,Tây Nam,8.0
145,Nhà hẻm ngõ,2.39,50.0,m²,4.0,4.0,,,"Đường Hoàng Hoa Thám, Phường 6, Quận Bình Thạnh, TP.HCM",TP.HCM,Quận Bình Thạnh,Sổ hồng,,
146,Nhà hẻm ngõ,10.5,70.0,m²,5.0,5.0,4.0,14.0,"Đường Cộng Hòa, Phường 13, Quận Tân Bình, TP.HCM",TP.HCM,Quận Tân Bình,Sổ hồng,,5.0
147,Nhà hẻm ngõ,4.95,50.0,m²,4.0,3.0,4.0,12.0,"Đường Phú Định, Phường 16, Quận 8, TP.HCM",TP.HCM,Quận 8,Sổ hồng,Đông Nam,3.6
148,Nhà hẻm ngõ,2.99,47.0,m²,4.0,3.0,,,"Đường Kỳ Đồng, Phường 9, Quận 3, TP.HCM",TP.HCM,Quận 3,Sổ hồng,,
149,Nhà hẻm ngõ,3.5,43.0,m²,2.0,2.0,,10.0,"Đường Hương Lộ 2, Phường Bình Trị Đông A, Quận Bình Tân, TP.HCM",TP.HCM,Quận Bình Tân,Giấy tờ hợp lệ,,4.3
150,Biệt thự,60.0,236.9,m²,4.0,5.0,,20.0,"Đường Dương Văn An, Phường An Phú, TP. Thủ Đức - Quận 2, TP.HCM",TP.HCM,TP. Thủ Đức - Quận 2,Sổ hồng,,9.0
151,Nhà hẻm ngõ,4.95,30.0,m²,3.0,4.0,3.0,10.0,"55/, Đường 18, Phường 8, Quận Gò Vấp, TP.HCM",TP.HCM,Quận Gò Vấp,Sổ hồng,Nam,3.2
152,Biệt thự,80.0,339.0,m²,,,,20.5,"Đường Nguyễn Ư Dĩ, Phường Thảo Điền, TP. Thủ Đức - Quận 2, TP.HCM",TP.HCM,TP. Thủ Đức - Quận 2,Sổ hồng,Đông,16.0
153,Nhà mặt tiền,1.75,30.0,m²,2.0,2.0,,,"Đường Bà Hom, Phường Tân Tạo, Quận Bình Tân, TP.HCM",TP.HCM,Quận Bình Tân,Sổ hồng,,
154,Nhà hẻm ngõ,2.35,40.0,m²,2.0,2.0,,,"Đường Bà Hom, Phường Tân Tạo, Quận Bình Tân, TP.HCM",TP.HCM,Quận Bình Tân,Sổ hồng,Tây,
155,Nhà hẻm ngõ,11.8,70.0,m²,2.0,2.0,2.0,15.0,"Đường Hoàng Hoa Thám, Phường 13, Quận Tân Bình, TP.HCM",TP.HCM,Quận Tân Bình,Sổ hồng,,5.0
156,Nhà hẻm ngõ,4.95,50.0,m²,3.0,2.0,2.0,15.0,"943/, Đường Quang Trung, Phường 14, Quận Gò Vấp, TP.HCM",TP.HCM,Quận Gò Vấp,Sổ hồng,Tây Bắc,3.5
157,Nhà hẻm ngõ,3.85,25.0,m²,2.0,2.0,2.0,6.0,"514/, Đường Lê Đức Thọ, Phường 17, Quận Gò Vấp, TP.HCM",TP.HCM,Quận Gò Vấp,Sổ hồng,Nam,3.5
158,Nhà hẻm ngõ,6.6,142.0,m²,13.0,14.0,3.0,20.0,"225/15/ , Đường Lê Trọng Tấn, Phường Bình Trị Đông A, Quận Bình Tân, TP.HCM",TP.HCM,Quận Bình Tân,Sổ hồng,Tây,2.0
159,Nhà mặt tiền,25.0,86.0,m²,,,,,"Phường 2, Quận 11, TP.HCM",TP.HCM,Quận 11,Sổ hồng,,
160,Nhà mặt tiền,31.5,116.0,m²,,,,17.0,"Phường An Khánh, TP. Thủ Đức - Quận 2, TP.HCM",TP.HCM,TP. Thủ Đức - Quận 2,Sổ hồng,Đông Nam,6.8
161,Nhà hẻm ngõ,2.15,56.0,m²,,,4.0,14.0,"Đường Hoàng Bật Đạt, Phường 15, Quận Tân Bình, TP.HCM",TP.HCM,Quận Tân Bình,Sổ hồng,,4.0
162,Nhà mặt tiền,22.5,128.0,m²,,,,20.0,"Phường 12, Quận Gò Vấp, TP.HCM",TP.HCM,Quận Gò Vấp,Sổ đỏ,,6.2
163,Nhà hẻm ngõ,1.9,28.5,m²,2.0,2.0,,7.9,"Đường Phan Văn Hân, Phường 17, Quận Bình Thạnh, TP.HCM",TP.HCM,Quận Bình Thạnh,Sổ hồng,,3.6
164,Biệt thự,130.0,312.5,m²,5.0,6.0,,20.0,"TP. Thủ Đức - Quận 2, TP.HCM",TP.HCM,TP. Thủ Đức - Quận 2,Sổ hồng,Tây Nam,16.3
165,Biệt thự,11.5,280.0,m²,3.0,3.0,,34.0,"183, Đường An Phú Tây, Xã An Phú Tây, Huyện Bình Chánh, TP.HCM",TP.HCM,Huyện Bình Chánh,Sổ hồng,,7.5
166,Nhà hẻm ngõ,13.9,71.0,m²,6.0,7.0,5.0,16.0,"Đường Lê Văn Sỹ, Phường 1, Quận Tân Bình, TP.HCM",TP.HCM,Quận Tân Bình,Sổ hồng,Tây Nam,4.4
167,Nhà hẻm ngõ,2.15,52.0,m²,4.0,4.0,4.0,13.0,"Đường Lê Lai, Phường 3, Quận Gò Vấp, TP.HCM",TP.HCM,Quận Gò Vấp,Sổ hồng,,4.0
168,Nhà mặt tiền,14.2,73.0,m²,,,2.0,,"Đường Nguyễn Trọng Tuyển, Phường 8, Quận Phú Nhuận, TP.HCM",TP.HCM,Quận Phú Nhuận,Sổ hồng,,
169,Biệt thự,58.0,294.0,m²,,,,29.4,"Đường 12, Phường An Khánh, TP. Thủ Đức - Quận 2, TP.HCM",TP.HCM,TP. Thủ Đức - Quận 2,Sổ hồng,,10.0
170,Nhà mặt tiền,7.5,26.3,m²,,,5.0,7.5,"462, Đường Phạm Văn Chí, Phường 8, Quận 6, TP.HCM",TP.HCM,Quận 6,Sổ hồng,,3.5
171,Nhà hẻm ngõ,22.0,85.0,m²,2.0,2.0,,16.0,"Đường Cô Giang, Phường Cầu Ông Lãnh, Quận 1, TP.HCM",TP.HCM,Quận 1,Sổ hồng,,5.1
172,Nhà hẻm ngõ,2.25,68.0,m²,4.0,5.0,3.0,15.0,"Đường 22, Phường Hiệp Bình Chánh, TP. Thủ Đức - Quận Thủ Đức, TP.HCM",TP.HCM,TP. Thủ Đức - Quận Thủ Đức,Sổ hồng,,4.0
173,Nhà hẻm ngõ,6.38,64.0,m²,4.0,5.0,4.0,8.0,"Đường Huỳnh Tấn Phát, Thị Trấn Nhà Bè, Huyện Nhà Bè, TP.HCM",TP.HCM,Huyện Nhà Bè,Sổ hồng,Tây,8.0
174,Nhà hẻm ngõ,2.5,22.0,m²,,,,10.0,"Đường Lê Đại Hành, Phường 13, Quận 11, TP.HCM",TP.HCM,Quận 11,Sổ hồng,,2.2
175,Nhà hẻm ngõ,2.65,67.0,m²,4.0,4.0,3.0,,"Đường Nơ Trang Long, Phường 13, Quận Bình Thạnh, TP.HCM",TP.HCM,Quận Bình Thạnh,Sổ hồng,,
176,Nhà hẻm ngõ,5.69,60.0,m²,5.0,5.0,2.0,16.0,"Đường Xô Viết Nghệ Tĩnh, Phường 17, Quận Bình Thạnh, TP.HCM",TP.HCM,Quận Bình Thạnh,Sổ hồng,Đông Nam,3.5
177,Nhà hẻm ngõ,1.58,69.0,m²,3.0,2.0,,,"Đường Tạ Quang Bửu, Phường 7, Quận 8, TP.HCM",TP.HCM,Quận 8,Sổ hồng,,
178,Nhà hẻm ngõ,3.15,48.0,m²,4.0,4.0,4.0,12.0,"Đường Kỳ Đồng, Phường 9, Quận 3, TP.HCM",TP.HCM,Quận 3,Sổ hồng,,4.0
179,Nhà hẻm ngõ,8.8,81.4,m²,,,1.0,,"120/1/2, Đường Lũy Bán Bích, Phường Tân Thới Hòa, Quận Tân Phú, TP.HCM",TP.HCM,Quận Tân Phú,Sổ hồng,,
180,Nhà hẻm ngõ,3.39,72.0,m²,3.0,3.0,,,"Đường Nguyễn Văn Khối, Phường 11, Quận Gò Vấp, TP.HCM",TP.HCM,Quận Gò Vấp,Sổ hồng,,
181,Nhà mặt tiền,18.5,40.0,m²,4.0,4.0,,10.0,"Đường Nguyễn Cư Trinh, Phường Nguyễn Cư Trinh, Quận 1, TP.HCM",TP.HCM,Quận 1,Sổ hồng,,4.0
182,Nhà mặt tiền,23.2,60.0,m²,,,,,"Phường 12, Quận 10, TP.HCM",TP.HCM,Quận 10,Sổ hồng,,
183,Nhà mặt tiền,45.0,84.0,m²,3.0,,,,"Phường 5, Quận 5, TP.HCM",TP.HCM,Quận 5,Sổ đỏ,,
184,Nhà hẻm ngõ,5.6,120.0,m²,4.0,4.0,3.0,7.0,"566, Đường Nguyễn Thái Sơn, Phường 5, Quận Gò Vấp, TP.HCM",TP.HCM,Quận Gò Vấp,Sổ hồng,,7.0
185,Nhà hẻm ngõ,1.3,48.0,m²,3.0,2.0,3.0,12.0,"Đường Bùi Hữu Nghĩa, Phường 2, Quận Bình Thạnh, TP.HCM",TP.HCM,Quận Bình Thạnh,Sổ hồng,,4.0
186,Nhà hẻm ngõ,12.5,59.0,m²,5.0,6.0,5.0,17.0,"30/47, Đường Đoàn Thị Điểm, Phường 1, Quận Phú Nhuận, TP.HCM",TP.HCM,Quận Phú Nhuận,Sổ hồng,,3.5
187,Nhà hẻm ngõ,2.25,137.2,m²,4.0,3.0,,,"Phường 2, Quận Tân Bình, TP.HCM",TP.HCM,Quận Tân Bình,Sổ hồng,,
188,Nhà hẻm ngõ,4.89,38.0,m²,2.0,2.0,2.0,9.0,"192/, Đường Phạm Văn Chiêu, Phường 9, Quận Gò Vấp, TP.HCM",TP.HCM,Quận Gò Vấp,Sổ hồng,,4.2
189,Nhà mặt tiền,560.0,1100.0,m²,,,,52.0,"Đường Lê Văn Duyệt, Phường 1, Quận Bình Thạnh, TP.HCM",TP.HCM,Quận Bình Thạnh,Sổ hồng,,16.5
190,Nhà hẻm ngõ,2.35,50.0,m²,4.0,4.0,,,"Đường Bùi Đình Túy, Phường 24, Quận Bình Thạnh, TP.HCM",TP.HCM,Quận Bình Thạnh,Sổ hồng,,
191,Nhà hẻm ngõ,4.65,70.0,m²,4.0,5.0,,,"Đường Trần Quốc Thảo, Phường 14, Quận 3, TP.HCM",TP.HCM,Quận 3,Sổ hồng,,
192,Nhà mặt tiền,0.72,80.0,m²,2.0,2.0,,16.0,"Xã Tân Kiên, Huyện Bình Chánh, TP.HCM",TP.HCM,Huyện Bình Chánh,Sổ đỏ,,5.0
193,Nhà hẻm ngõ,1.9,64.0,m²,2.0,2.0,,16.0,"Đường Nguyễn Văn Quá, Phường Đông Hưng Thuận, Quận 12, TP.HCM",TP.HCM,Quận 12,Sổ hồng,,4.0
194,Nhà hẻm ngõ,29.0,150.0,m²,3.0,4.0,,25.0,"Đường 62, Phường Thảo Điền, TP. Thủ Đức - Quận 2, TP.HCM",TP.HCM,TP. Thủ Đức - Quận 2,Sổ hồng,Đông,6.0
195,Nhà hẻm ngõ,8.7,65.2,m²,5.0,5.0,2.0,16.3,"Đường Hòa Bình, Phường 5, Quận 11, TP.HCM",TP.HCM,Quận 11,Sổ hồng,,4.0
196,Nhà hẻm ngõ,4.55,25.0,m²,3.0,3.0,4.0,6.5,"47/4, Đường Nguyễn Đình Chiểu, Phường 4, Quận Phú Nhuận, TP.HCM",TP.HCM,Quận Phú Nhuận,Sổ hồng,,4.0
197,Nhà hẻm ngõ,1.55,41.0,m²,4.0,4.0,4.0,10.3,"Đường Yên Thế, Phường 2, Quận Tân Bình, TP.HCM",TP.HCM,Quận Tân Bình,Sổ hồng,,4.0
198,Nhà mặt tiền,33.0,143.0,m²,,,,26.5,"Đường Thất Sơn, Phường 15, Quận 10, TP.HCM",TP.HCM,Quận 10,Sổ hồng,,5.4
199,Nhà hẻm ngõ,2.15,52.0,m²,5.0,6.0,4.0,12.3,"Đường Lê lai, Phường 3, Quận Gò Vấp, TP.HCM",TP.HCM,Quận Gò Vấp,Sổ hồng,,4.0
200,Nhà hẻm ngõ,2.15,64.0,m²,2.0,3.0,,,"Phường 5, Quận Bình Thạnh, TP.HCM",TP.HCM,Quận Bình Thạnh,Sổ hồng,,
201,Nhà hẻm ngõ,2.7,69.8,m²,4.0,4.0,3.0,15.0,"Đường Nguyễn Thượng Hiền, Phường 5, Quận Bình Thạnh, TP.HCM",TP.HCM,Quận Bình Thạnh,Sổ hồng,,4.0
202,Nhà hẻm ngõ,3.58,27.0,m²,2.0,2.0,1.0,9.0,"106I , Đường Lạc Long Quân, Phường 3, Quận 11, TP.HCM",TP.HCM,Quận 11,Sổ hồng,,3.0
203,Nhà hẻm ngõ,2.15,71.0,m²,4.0,5.0,,18.0,"Đường Thạnh Lộc 19, Phường Thạnh Lộc, Quận 12, TP.HCM",TP.HCM,Quận 12,Sổ hồng,,4.0
204,Biệt thự,56.0,294.0,m²,5.0,5.0,,29.4,"Đường 12, Phường An Khánh, TP. Thủ Đức - Quận 2, TP.HCM",TP.HCM,TP. Thủ Đức - Quận 2,Sổ hồng,Tây Nam,10.0
205,Nhà hẻm ngõ,2.85,70.0,m²,5.0,6.0,3.0,18.0,"Đường Nơ Trang Long, Phường 11, Quận Bình Thạnh, TP.HCM",TP.HCM,Quận Bình Thạnh,Sổ hồng,,4.0
206,Nhà hẻm ngõ,2.1,50.0,m²,3.0,2.0,2.0,12.5,"Đường Lý Thường Kiệt, Phường 15, Quận 11, TP.HCM",TP.HCM,Quận 11,Sổ hồng,,4.0
207,Nhà hẻm ngõ,1.95,36.0,m²,4.0,4.0,,9.0,"Đường Chu Văn An, Phường 12, Quận Bình Thạnh, TP.HCM",TP.HCM,Quận Bình Thạnh,Sổ hồng,,4.1
208,Nhà mặt tiền,27.0,100.0,m²,,,,10.0,"Đường Nguyễn Tiểu La, Phường 8, Quận 10, TP.HCM",TP.HCM,Quận 10,Sổ hồng,,10.0
209,Nhà hẻm ngõ,6.15,50.0,m²,3.0,3.0,4.0,10.0,"Đường Đào Tông Nguyên, Thị Trấn Nhà Bè, Huyện Nhà Bè, TP.HCM",TP.HCM,Huyện Nhà Bè,Sổ đỏ,Tây,5.0
210,Nhà hẻm ngõ,2.2,69.8,m²,4.0,5.0,,16.4,"Đường Nguyễn Thượng Hiền, Phường 5, Quận Bình Thạnh, TP.HCM",TP.HCM,Quận Bình Thạnh,Sổ hồng,,4.2
211,Nhà hẻm ngõ,2.38,14.0,m²,2.0,3.0,2.0,5.6,"Đường Lê Thị Bạch Cát, Phường 13, Quận 11, TP.HCM",TP.HCM,Quận 11,Sổ hồng,,2.4
212,Nhà mặt tiền,9.9,84.0,m²,6.0,6.0,,13.0,"Phường Thới An, Quận 12, TP.HCM",TP.HCM,Quận 12,Giấy tờ hợp lệ,,6.6
213,Nhà hẻm ngõ,3.9,36.0,m²,4.0,2.0,3.0,14.0,"Đường Lâm Văn Bền, Phường Tân Kiểng, Quận 7, TP.HCM",TP.HCM,Quận 7,Sổ đỏ,Tây,4.0
214,Nhà hẻm ngõ,4.7,64.0,m²,2.0,2.0,,16.0,"Đường Huỳnh Tấn Phát, Thị Trấn Nhà Bè, Huyện Nhà Bè, TP.HCM",TP.HCM,Huyện Nhà Bè,Sổ đỏ,,4.0
215,Nhà hẻm ngõ,5.9,52.0,m²,4.0,5.0,4.0,13.0,"Đường Huỳnh Tấn Phát, Thị Trấn Nhà Bè, Huyện Nhà Bè, TP.HCM",TP.HCM,Huyện Nhà Bè,Sổ đỏ,Tây,4.0
216,Nhà mặt tiền,150.0,1707.0,m²,2.0,1.0,1.0,78.0,"Đường Huỳnh Tấn phát, Phường Tân Thuận Đông, Quận 7, TP.HCM",TP.HCM,Quận 7,Sổ hồng,Tây,22.0
217,Nhà mặt tiền,12.9,62.2,m²,,,2.0,18.0,"Đường Lạc Long Quân, Phường 8, Quận Tân Bình, TP.HCM",TP.HCM,Quận Tân Bình,Sổ hồng,,3.5
218,Nhà hẻm ngõ,5.7,58.7,m²,4.0,4.0,,13.5,"Đường Huỳnh Tấn Phát, Thị Trấn Nhà Bè, Huyện Nhà Bè, TP.HCM",TP.HCM,Huyện Nhà Bè,Sổ hồng,,4.4
219,Nhà mặt tiền,7.5,52.0,m²,4.0,4.0,4.0,14.0,"Đường Huỳnh Tấn Phát, Thị Trấn Nhà Bè, Huyện Nhà Bè, TP.HCM",TP.HCM,Huyện Nhà Bè,Sổ đỏ,Tây,4.0
220,Nhà hẻm ngõ,1.65,55.0,m²,4.0,4.0,4.0,13.8,"Đường Hoàng Hoa Thám, Phường 5, Quận Bình Thạnh, TP.HCM",TP.HCM,Quận Bình Thạnh,Sổ hồng,,4.0
221,Nhà hẻm ngõ,7.7,80.0,m²,4.0,5.0,4.0,16.0,"Đường Huỳnh Tấn Phát, Thị Trấn Nhà Bè, Huyện Nhà Bè, TP.HCM",TP.HCM,Huyện Nhà Bè,Sổ hồng,Tây,5.0
222,Nhà hẻm ngõ,5.5,85.0,m²,3.0,2.0,2.0,17.0,"Đường Huỳnh Tấn Phát, Thị Trấn Nhà Bè, Huyện Nhà Bè, TP.HCM",TP.HCM,Huyện Nhà Bè,Sổ hồng,Tây,5.0
223,Nhà mặt tiền,5.35,65.0,m²,3.0,4.0,2.0,13.0,"Đường Huỳnh Tấn Phát, Thị Trấn Nhà Bè, Huyện Nhà Bè, TP.HCM",TP.HCM,Huyện Nhà Bè,Sổ đỏ,Tây,5.0
224,Nhà hẻm ngõ,1.99,50.0,m²,3.0,3.0,3.0,,"Đường Nơ Trang Long, Phường 12, Quận Bình Thạnh, TP.HCM",TP.HCM,Quận Bình Thạnh,Sổ hồng,,
225,Nhà hẻm ngõ,1.8,33.0,m²,4.0,3.0,,11.0,"Đường Chu Văn An, Phường 12, Quận Bình Thạnh, TP.HCM",TP.HCM,Quận Bình Thạnh,Sổ hồng,,3.0
226,Nhà hẻm ngõ,3.15,81.5,m²,3.0,4.0,,16.3,"Đường Trường Chinh, Phường 14, Quận Tân Bình, TP.HCM",TP.HCM,Quận Tân Bình,Sổ hồng,,5.0
227,Nhà hẻm ngõ,2.15,42.0,m²,,,,,"Đường Thạnh Lộc 8, Phường Thạnh Lộc, Quận 12, TP.HCM",TP.HCM,Quận 12,Sổ hồng,,
228,Nhà hẻm ngõ,2.59,67.2,m²,4.0,4.0,,16.8,"Đường Nơ Trang Long, Phường 13, Quận Bình Thạnh, TP.HCM",TP.HCM,Quận Bình Thạnh,Sổ hồng,,4.0
229,Nhà hẻm ngõ,1.8,46.6,m²,2.0,2.0,2.0,10.0,"Đường Nguyễn Văn Công, Phường 3, Quận Gò Vấp, TP.HCM",TP.HCM,Quận Gò Vấp,Sổ hồng,,3.8
230,Nhà mặt tiền,14.5,65.6,m²,,,4.0,18.0,"Đường 3 Tháng 2, Phường 16, Quận 11, TP.HCM",TP.HCM,Quận 11,Sổ hồng,Tây Bắc,3.5
231,Nhà hẻm ngõ,2.08,49.7,m²,4.0,5.0,,11.0,"Đường Hoàng Hoa Thám, Phường 6, Quận Bình Thạnh, TP.HCM",TP.HCM,Quận Bình Thạnh,Sổ hồng,,4.5
232,Nhà hẻm ngõ,7.45,825.0,m²,5.0,5.0,4.0,15.0,"Đường Chuyên Dùng Chính, Phường Phú Mỹ, Quận 7, TP.HCM",TP.HCM,Quận 7,Sổ hồng,Tây,4.0
233,Nhà hẻm ngõ,2.05,33.0,m²,,,,,"Đường Chu Văn An, Phường 12, Quận Bình Thạnh, TP.HCM",TP.HCM,Quận Bình Thạnh,Sổ hồng,,
234,Biệt thự,17.9,151.0,m²,5.0,4.0,,,"Đường Lê Đức Thọ, Phường 15, Quận Gò Vấp, TP.HCM",TP.HCM,Quận Gò Vấp,Sổ hồng,,
235,Nhà hẻm ngõ,2.39,48.0,m²,4.0,4.0,,12.0,"Phường Phú Thuận, Quận 7, TP.HCM",TP.HCM,Quận 7,Sổ hồng,,4.0
236,Nhà hẻm ngõ,1.85,51.0,m²,4.0,4.0,4.0,12.2,"Đường Dương Bá Trạc, Phường 1, Quận 8, TP.HCM",TP.HCM,Quận 8,Sổ hồng,,4.0
237,Nhà hẻm ngõ,4.79,60.0,m²,4.0,3.0,2.0,15.0,"Đường Huỳnh Tấn Phát, Thị Trấn Nhà Bè, Huyện Nhà Bè, TP.HCM",TP.HCM,Huyện Nhà Bè,Sổ hồng,Tây,4.0
238,Nhà hẻm ngõ,2.65,68.0,m²,,,,,"Đường Nguyễn Minh Hoàng, Phường 12, Quận Tân Bình, TP.HCM",TP.HCM,Quận Tân Bình,Sổ hồng,,
239,Nhà hẻm ngõ,6.8,110.0,m²,3.0,4.0,1.0,20.0,"Đường Huỳnh Tấn Phát, Xã Phú Xuân, Huyện Nhà Bè, TP.HCM",TP.HCM,Huyện Nhà Bè,Sổ đỏ,Tây,5.5
240,Nhà hẻm ngõ,1.84,46.0,m²,,,,,"Đường Trần Thị Cờ, Phường Thới An, Quận 12, TP.HCM",TP.HCM,Quận 12,Sổ hồng,,
241,Nhà hẻm ngõ,6.25,64.0,m²,4.0,5.0,3.0,16.0,"Đường Huỳnh Tấn Phát, Thị Trấn Nhà Bè, Huyện Nhà Bè, TP.HCM",TP.HCM,Huyện Nhà Bè,Sổ đỏ,Tây,4.0
242,Nhà mặt tiền,6.75,121.0,m²,2.0,2.0,,16.0,"915/27, Đường Nguyễn Bình, Xã Nhơn Đức, Huyện Nhà Bè, TP.HCM",TP.HCM,Huyện Nhà Bè,Sổ hồng,Tây,8.0
243,Nhà hẻm ngõ,1.75,38.0,m²,2.0,2.0,,,"Đường Vũ Tùng, Phường 2, Quận Bình Thạnh, TP.HCM",TP.HCM,Quận Bình Thạnh,Sổ hồng,,
244,Nhà hẻm ngõ,2.15,33.0,m²,,,,,"Đường Lê Văn Sỹ, Phường 12, Quận 3, TP.HCM",TP.HCM,Quận 3,Sổ hồng,,
245,Nhà hẻm ngõ,3.15,59.0,m²,,,,,"Đường Nguyễn Xí, Phường 26, Quận Bình Thạnh, TP.HCM",TP.HCM,Quận Bình Thạnh,Sổ đỏ,,
246,Nhà hẻm ngõ,1.55,46.6,m²,2.0,3.0,2.0,9.3,"Đường Nguyễn Văn Công, Phường 3, Quận Gò Vấp, TP.HCM",TP.HCM,Quận Gò Vấp,Sổ hồng,,5.0
247,Biệt thự,39.0,160.0,m²,4.0,5.0,,20.0,"TP. Thủ Đức - Quận 2, TP.HCM",TP.HCM,TP. Thủ Đức - Quận 2,Sổ hồng,Tây Bắc,8.0
248,Nhà mặt tiền,6.98,52.0,m²,5.0,5.0,5.0,12.0,"Đường An Dương Vương, Phường 16, Quận 8, TP.HCM",TP.HCM,Quận 8,Sổ hồng,,4.5
249,Nhà hẻm ngõ,2.25,50.2,m²,2.0,3.0,,,"Đường Nguyễn Cửu Vân, Phường 17, Quận Bình Thạnh, TP.HCM",TP.HCM,Quận Bình Thạnh,Sổ hồng,,
250,Nhà hẻm ngõ,2.25,71.1,m²,2.0,3.0,,12.5,"Phường 17, Quận Bình Thạnh, TP.HCM",TP.HCM,Quận Bình Thạnh,Sổ đỏ,,4.0
251,Nhà hẻm ngõ,1.8,46.5,m²,4.0,3.0,,11.6,"Đường Trần Thị Cờ, Phường Thới An, Quận 12, TP.HCM",TP.HCM,Quận 12,Sổ hồng,,4.0
252,Nhà mặt tiền,19.9,119.0,m²,7.0,8.0,,17.0,"Đường số 4, Phường 7, Quận Gò Vấp, TP.HCM",TP.HCM,Quận Gò Vấp,Sổ hồng,,7.0
253,Nhà hẻm ngõ,2.28,68.0,m²,4.0,5.0,3.0,,"Đường số 10, Phường Hiệp Bình Chánh, TP. Thủ Đức - Quận Thủ Đức, TP.HCM",TP.HCM,TP. Thủ Đức - Quận Thủ Đức,Sổ hồng,,
254,Nhà hẻm ngõ,33.0,240.0,m²,,,,,"Đường Huỳnh Tấn Phát, Phường Phú Thuận, Quận 7, TP.HCM",TP.HCM,Quận 7,Sổ hồng,,
255,Nhà hẻm ngõ,4.35,50.0,m²,3.0,2.0,3.0,11.7,"Đường 3 Tháng 2, Phường 12, Quận 10, TP.HCM",TP.HCM,Quận 10,Sổ hồng,,4.3
256,Nhà hẻm ngõ,2.55,60.0,m²,4.0,4.0,,13.0,"Đường Dương Quảng Hàm, Phường 5, Quận Gò Vấp, TP.HCM",TP.HCM,Quận Gò Vấp,Sổ đỏ,,4.0
257,Nhà hẻm ngõ,2.65,49.7,m²,4.0,4.0,3.0,10.0,"Đường Hoàng Hoa Thám, Phường 6, Quận Bình Thạnh, TP.HCM",TP.HCM,Quận Bình Thạnh,Sổ hồng,,4.0
258,Nhà hẻm ngõ,1.85,52.0,m²,4.0,4.0,4.0,13.0,"Đường Dương Bá Trạc, Phường 1, Quận 8, TP.HCM",TP.HCM,Quận 8,Sổ hồng,,4.0
259,Nhà mặt tiền,36.5,350.0,m²,6.0,4.0,3.0,32.0,"Đường Chương Dương, Phường Linh Chiểu, TP. Thủ Đức - Quận Thủ Đức, TP.HCM",TP.HCM,TP. Thủ Đức - Quận Thủ Đức,Sổ hồng,,11.5
260,Nhà mặt tiền,8.35,41.0,m²,5.0,5.0,4.0,10.0,"244, Đường Nguyễn Trường Tộ, Phường Tân Thành, Quận Tân Phú, TP.HCM",TP.HCM,Quận Tân Phú,Sổ hồng,Nam,4.1
261,Nhà hẻm ngõ,2.75,49.0,m²,4.0,5.0,,,"Đường Hoàng Hoa Thám, Phường 6, Quận Bình Thạnh, TP.HCM",TP.HCM,Quận Bình Thạnh,Sổ hồng,,
262,Nhà hẻm ngõ,6.6,93.0,m²,,,,20.0,"Đường Lê Văn Việt, Phường Hiệp Phú, TP. Thủ Đức - Quận 9, TP.HCM",TP.HCM,TP. Thủ Đức - Quận 9,Sổ hồng,,4.6
263,Nhà hẻm ngõ,4.56,45.0,m²,2.0,2.0,2.0,12.0,"Đường số 5A, Phường Bình Hưng Hòa A, Quận Bình Tân, TP.HCM",TP.HCM,Quận Bình Tân,Sổ hồng,Tây Nam,3.9
264,Nhà hẻm ngõ,3.2,56.0,m²,4.0,5.0,,14.0,"Đường Hoàng Bật Đạt, Phường 15, Quận Tân Bình, TP.HCM",TP.HCM,Quận Tân Bình,Sổ hồng,,4.0
265,Nhà hẻm ngõ,3.05,678.0,m²,4.0,4.0,4.0,17.0,"Đường Nguyễn Minh Hoàng, Phường 12, Quận Tân Bình, TP.HCM",TP.HCM,Quận Tân Bình,Sổ hồng,,4.0
266,Nhà hẻm ngõ,2.55,42.0,m²,4.0,4.0,4.0,,"Đường Nguyễn Thiện Thuật, Phường 1, Quận 3, TP.HCM",TP.HCM,Quận 3,Sổ hồng,,
267,Nhà hẻm ngõ,1.85,64.0,m²,4.0,4.0,2.0,16.0,"Đường Nguyễn Văn Quá, Phường Đông Hưng Thuận, Quận 12, TP.HCM",TP.HCM,Quận 12,Sổ hồng,,4.0
268,Nhà hẻm ngõ,2.75,60.0,m²,4.0,4.0,4.0,,"Đường Nguyễn Xí, Phường 26, Quận Bình Thạnh, TP.HCM",TP.HCM,Quận Bình Thạnh,Sổ hồng,,
269,Nhà hẻm ngõ,7.58,43.0,m²,5.0,4.0,4.0,12.6,"Đường Phan Tây Hồ, Phường 7, Quận Phú Nhuận, TP.HCM",TP.HCM,Quận Phú Nhuận,Sổ hồng,,3.4
270,Nhà hẻm ngõ,2.35,50.0,m²,,,,,"Đường Vườn Lài, Phường An Phú Đông, Quận 12, TP.HCM",TP.HCM,Quận 12,Sổ hồng,,
271,Nhà hẻm ngõ,5.1,36.8,m²,,,,,"685, Đường Xô Viết Nghệ Tĩnh, Phường 26, Quận Bình Thạnh, TP.HCM",TP.HCM,Quận Bình Thạnh,Giấy tờ hợp lệ,,
272,Nhà hẻm ngõ,2.25,53.0,m²,,,,,"Đường 22, Phường Hiệp Bình Chánh, TP. Thủ Đức - Quận Thủ Đức, TP.HCM",TP.HCM,TP. Thủ Đức - Quận Thủ Đức,Sổ hồng,,
273,Nhà hẻm ngõ,7.2,60.0,m²,4.0,4.0,,13.5,"Đường 13, Phường Bình Trưng Tây, TP. Thủ Đức - Quận 2, TP.HCM",TP.HCM,TP. Thủ Đức - Quận 2,Sổ hồng,,4.5
274,Nhà hẻm ngõ,2.27,43.0,m²,4.0,3.0,3.0,10.3,"Đường Nguyễn Phúc Nguyên, Phường 10, Quận 3, TP.HCM",TP.HCM,Quận 3,Sổ đỏ,,3.3
275,Nhà hẻm ngõ,4.1,47.0,m²,,,1.0,12.0,"Đường Đình Nghi Xuân, Phường Bình Trị Đông, Quận Bình Tân, TP.HCM",TP.HCM,Quận Bình Tân,Sổ hồng,Tây Nam,4.0
276,Nhà hẻm ngõ,1.42,36.0,m²,3.0,1.0,1.0,9.0,"Đường Lê Văn Sỹ, Phường 14, Quận 3, TP.HCM",TP.HCM,Quận 3,Sổ hồng,,4.0
277,Nhà hẻm ngõ,8.5,70.0,m²,5.0,3.0,3.0,,"27/39/2 NGUYỄN VĂN SĂNG, Đường Nguyễn Văn Săng, Phường Tân Sơn Nhì, Quận Tân Phú, TP.HCM",TP.HCM,Quận Tân Phú,Giấy tờ hợp lệ,Bắc,
278,Nhà hẻm ngõ,28.0,347.0,m²,72.0,72.0,3.0,32.0,"Đường Lũy Bán Bích, Phường Tân Thới Hòa, Quận Tân Phú, TP.HCM",TP.HCM,Quận Tân Phú,Sổ hồng,,11.5
279,Nhà hẻm ngõ,5.18,54.0,m²,5.0,3.0,4.0,13.5,"Đường số 2, Phường Bình Hưng Hòa A, Quận Bình Tân, TP.HCM",TP.HCM,Quận Bình Tân,Sổ hồng,Tây Bắc,4.0
280,Nhà hẻm ngõ,,315.0,m²,,,2.0,16.4,"254/98/37 - 39, Đường Âu Cơ, Phường 9, Quận Tân Bình, TP.HCM",TP.HCM,Quận Tân Bình,Sổ hồng,,8.5
281,Nhà hẻm ngõ,3.58,70.0,m²,3.0,2.0,2.0,14.0,"Ấp 3, Đường Phan Văn Hớn, Xã Bà Điểm, Huyện Hóc Môn, TP.HCM",TP.HCM,Huyện Hóc Môn,Sổ hồng,,5.0
282,Nhà mặt tiền,26.5,60.0,m²,,,4.0,,"Đường Hoa Lan, Phường 2, Quận Phú Nhuận, TP.HCM",TP.HCM,Quận Phú Nhuận,Sổ hồng,,
283,Nhà mặt tiền,42.0,100.0,m²,6.0,6.0,6.0,20.0,"Đường Nguyễn Thị thập, Phường Tân Hưng, Quận 7, TP.HCM",TP.HCM,Quận 7,Sổ hồng,Tây Bắc,5.0
284,Nhà hẻm ngõ,5.19,90.0,m²,4.0,3.0,2.0,18.0,"Ấp Tây Lân, Đường Bà Điểm 5, Xã Bà Điểm, Huyện Hóc Môn, TP.HCM",TP.HCM,Huyện Hóc Môn,Sổ hồng,,5.0
285,Biệt thự,18.8,120.0,m²,8.0,5.0,5.0,20.0,"Đường số 25, Phường Hiệp Bình Chánh, TP. Thủ Đức - Quận Thủ Đức, TP.HCM",TP.HCM,TP. Thủ Đức - Quận Thủ Đức,Sổ hồng,,6.0
286,Nhà hẻm ngõ,7.0,92.0,m²,4.0,3.0,3.0,23.0,"Phường Bình Hưng Hòa B, Quận Bình Tân, TP.HCM",TP.HCM,Quận Bình Tân,Giấy tờ hợp lệ,,4.0
287,Nhà hẻm ngõ,1.75,12.5,m²,2.0,2.0,3.0,5.0,"Đường Thành Mỹ, Phường 9, Quận Tân Bình, TP.HCM",TP.HCM,Quận Tân Bình,Sổ hồng,Đông,3.0
288,Nhà mặt tiền,22.5,56.0,m²,,,,16.0,"Đường Phạm Viết Chánh, Phường Nguyễn Cư Trinh, Quận 1, TP.HCM",TP.HCM,Quận 1,Sổ hồng,,3.9
289,Nhà hẻm ngõ,2.8,27.0,m²,,,,,"Đường Cư xá Phú Lâm A, Phường 12, Quận 6, TP.HCM",TP.HCM,Quận 6,Sổ hồng,,
290,Nhà hẻm ngõ,17.0,50.0,m²,,,,,"Phường 2, Quận Phú Nhuận, TP.HCM",TP.HCM,Quận Phú Nhuận,Sổ hồng,,
291,Nhà mặt tiền,16.5,220.7,m²,3.0,2.0,,,"Đường Nam Cao, Phường Tân Phú, TP. Thủ Đức - Quận 9, TP.HCM",TP.HCM,TP. Thủ Đức - Quận 9,Sổ đỏ,Đông Bắc,
292,Nhà hẻm ngõ,5.9,40.0,m²,5.0,3.0,,10.0,"Đường Phan Anh, Phường Hiệp Tân, Quận Tân Phú, TP.HCM",TP.HCM,Quận Tân Phú,Sổ hồng,,4.0
293,Nhà hẻm ngõ,3.7,25.0,m²,2.0,2.0,2.0,7.5,"78/9/7, Đường Tân Hoà Đông, Phường 14, Quận 6, TP.HCM",TP.HCM,Quận 6,Sổ hồng,,3.7
294,Nhà hẻm ngõ,18.0,210.0,m²,6.0,7.0,4.0,25.0,"90/6/11-13, Đường Nguyễn Phúc Chu, Phường 15, Quận Tân Bình, TP.HCM",TP.HCM,Quận Tân Bình,Sổ hồng,Tây Bắc,8.2
295,Nhà mặt tiền,47.0,130.0,m²,1.0,,7.0,20.0,"Đường Lê Trung Nghĩa, Phường 12, Quận Tân Bình, TP.HCM",TP.HCM,Quận Tân Bình,Sổ hồng,,6.5
296,Nhà hẻm ngõ,32.0,108.0,m²,,,,20.0,"371K, Đường Hai Bà Trưng, Phường 6 (Phường Võ Thị Sáu), Quận 3, TP.HCM",TP.HCM,Quận 3,Sổ hồng,,4.0
297,Nhà hẻm ngõ,7.25,52.0,m²,3.0,4.0,4.0,13.0,"Đường Đào Tông Nguyên, Thị Trấn Nhà Bè, Huyện Nhà Bè, TP.HCM",TP.HCM,Huyện Nhà Bè,Sổ hồng,Tây,4.0
298,Nhà hẻm ngõ,4.1,32.0,m²,2.0,1.0,2.0,8.0,"304/20, Đường Tân Kỳ Tân Quý, Phường Sơn Kỳ, Quận Tân Phú, TP.HCM",TP.HCM,Quận Tân Phú,Sổ hồng,,4.0
299,Nhà hẻm ngõ,4.95,124.0,m²,2.0,1.0,1.0,26.0,"Đường Ấp 1, Thị Trấn Nhà Bè, Huyện Nhà Bè, TP.HCM",TP.HCM,Huyện Nhà Bè,Sổ hồng,Tây,4.8
300,Nhà hẻm ngõ,6.5,986.0,m²,4.0,5.0,4.0,17.0,"Đường Huỳnh Tấn Phát, Thị Trấn Nhà Bè, Huyện Nhà Bè, TP.HCM",TP.HCM,Huyện Nhà Bè,Sổ hồng,Tây,5.8
301,Nhà mặt tiền,10.5,48.0,m²,,,2.0,16.0,"Đường Cô Giang, Phường 2, Quận Phú Nhuận, TP.HCM",TP.HCM,Quận Phú Nhuận,Sổ hồng,,3.0
302,Nhà hẻm ngõ,10.3,54.0,m²,4.0,5.0,4.0,13.0,"Đường Thân Nhân Trung, Phường 13, Quận Tân Bình, TP.HCM",TP.HCM,Quận Tân Bình,Sổ hồng,,4.5
303,Nhà hẻm ngõ,8.5,50.4,m²,4.0,4.0,4.0,10.1,"Đường 38, Phường Bình Trưng Tây, TP. Thủ Đức - Quận 2, TP.HCM",TP.HCM,TP. Thủ Đức - Quận 2,Sổ hồng,Bắc,5.0
304,Nhà hẻm ngõ,6.3,160.0,m²,10.0,10.0,,20.0,"Đường Nguyễn Văn Tạo, Xã Long Thới, Huyện Nhà Bè, TP.HCM",TP.HCM,Huyện Nhà Bè,Sổ đỏ,,8.0
305,Nhà hẻm ngõ,2.08,39.0,m²,2.0,2.0,2.0,12.0,"Đường Huỳnh Tấn Phát, Thị Trấn Nhà Bè, Huyện Nhà Bè, TP.HCM",TP.HCM,Huyện Nhà Bè,Giấy tờ hợp lệ,,3.2
306,Nhà hẻm ngõ,3.7,42.3,m²,2.0,2.0,1.0,19.0,"154/148/26, Đường Âu Dương Lân, Phường Rạch Ông, Quận 8, TP.HCM",TP.HCM,Quận 8,Sổ hồng,Đông Nam,3.0
307,Nhà hẻm ngõ,6.5,58.0,m²,2.0,,,,"Đường Xô Viết Nghệ Tĩnh, Phường 26, Quận Bình Thạnh, TP.HCM",TP.HCM,Quận Bình Thạnh,Sổ hồng,,
308,Nhà hẻm ngõ,9.6,58.0,m²,3.0,3.0,3.0,18.8,"27/5, Đường Đồng Xoài, Phường 13, Quận Tân Bình, TP.HCM",TP.HCM,Quận Tân Bình,Sổ hồng,,3.4
309,Nhà hẻm ngõ,8.2,76.0,m²,6.0,6.0,4.0,19.0,"Đường Huỳnh Tấn phát, Phường Phú Thuận, Quận 7, TP.HCM",TP.HCM,Quận 7,Sổ hồng,Tây,4.0
310,Nhà hẻm ngõ,3.75,60.0,m²,2.0,2.0,2.0,14.0,"Đường Đặng Nhữ Lâm, Thị Trấn Nhà Bè, Huyện Nhà Bè, TP.HCM",TP.HCM,Huyện Nhà Bè,Sổ hồng,Tây,3.0
311,Nhà hẻm ngõ,7.2,56.0,m²,5.0,6.0,5.0,12.0,"Phường Bình Trị Đông A, Quận Bình Tân, TP.HCM",TP.HCM,Quận Bình Tân,Giấy tờ hợp lệ,Nam,4.4
312,Nhà hẻm ngõ,8.4,53.0,m²,,,,,"3/2, Đường Trần Cao Vân, Phường 12, Quận Phú Nhuận, TP.HCM",TP.HCM,Quận Phú Nhuận,Sổ hồng,,
313,Nhà hẻm ngõ,5.7,80.0,m²,3.0,3.0,2.0,17.0,"Đường Huỳnh Tấn phát, Phường Phú Thuận, Quận 7, TP.HCM",TP.HCM,Quận 7,Sổ hồng,Tây,5.0
314,Nhà mặt tiền,140.0,712.0,m²,,,7.0,,"Đường Âu Cơ, Phường 14, Quận Tân Bình, TP.HCM",TP.HCM,Quận Tân Bình,Sổ hồng,,
315,Nhà hẻm ngõ,5.8,66.0,m²,,,,,"Phường 15, Quận Gò Vấp, TP.HCM",TP.HCM,Quận Gò Vấp,Sổ hồng,,
316,Nhà hẻm ngõ,8.6,825.0,m²,4.0,5.0,4.0,15.0,"Đường Huỳnh Tấn phát, Phường Tân Phú, Quận 7, TP.HCM",TP.HCM,Quận 7,Sổ hồng,Tây,5.5
317,Nhà mặt tiền,75.0,250.0,m²,8.0,8.0,,,"Đường Nguyễn Chí Thanh, Phường 7, Quận 10, TP.HCM",TP.HCM,Quận 10,Sổ hồng,,
318,Nhà hẻm ngõ,8.2,106.0,m²,6.0,4.0,2.0,23.0,"Đường Ấp 1, Thị Trấn Nhà Bè, Huyện Nhà Bè, TP.HCM",TP.HCM,Huyện Nhà Bè,Sổ hồng,Tây,4.6
319,Nhà mặt tiền,13.0,64.8,m²,8.0,8.0,4.0,18.0,"Đường số 2, Phường 6, Quận 8, TP.HCM",TP.HCM,Quận 8,Sổ hồng,,4.2
320,Biệt thự,32.9,240.0,m²,7.0,7.0,4.0,16.0,"Đường Trục, Phường 13, Quận Bình Thạnh, TP.HCM",TP.HCM,Quận Bình Thạnh,Sổ hồng,Đông Nam,15.0
321,Nhà hẻm ngõ,6.9,150.0,m²,3.0,,,,"Phường Long Trường, TP. Thủ Đức - Quận 9, TP.HCM",TP.HCM,TP. Thủ Đức - Quận 9,Sổ hồng,,
322,Nhà hẻm ngõ,26.0,84.0,m²,3.0,2.0,,15.0,"Phường An Khánh, TP. Thủ Đức - Quận 2, TP.HCM",TP.HCM,TP. Thủ Đức - Quận 2,Sổ hồng,Tây Nam,5.5
323,Nhà hẻm ngõ,1.32,22.0,m²,2.0,2.0,2.0,7.0,"Đường Huỳnh Tấn Phát, Thị Trấn Nhà Bè, Huyện Nhà Bè, TP.HCM",TP.HCM,Huyện Nhà Bè,Giấy tờ hợp lệ,,3.2
324,Nhà hẻm ngõ,6.0,80.0,m²,1.0,1.0,,,"Đường Lê Văn Việt, Phường Hiệp Phú, TP. Thủ Đức - Quận 9, TP.HCM",TP.HCM,TP. Thủ Đức - Quận 9,Sổ hồng,,
325,Nhà hẻm ngõ,0.89,85.0,m²,2.0,2.0,1.0,17.0,"Đường Trịnh Quang Nghị, Xã Phong Phú, Huyện Bình Chánh, TP.HCM",TP.HCM,Huyện Bình Chánh,Sổ hồng,Đông,5.0
326,Nhà mặt tiền,29.5,106.0,m²,,,,18.0,"Đường 51, Phường An Phú, TP. Thủ Đức - Quận 2, TP.HCM",TP.HCM,TP. Thủ Đức - Quận 2,Sổ đỏ,,6.0
327,Nhà mặt tiền,16.9,120.0,m²,,,,18.0,"Đường Khuông Việt, Phường Phú Trung, Quận Tân Phú, TP.HCM",TP.HCM,Quận Tân Phú,Sổ hồng,,7.0
328,Nhà hẻm ngõ,0.66,48.0,m²,2.0,2.0,1.0,12.0,"Đường Trần Đại Nghĩa, Phường Tân Tạo A, Quận Bình Tân, TP.HCM",TP.HCM,Quận Bình Tân,Sổ hồng,,4.0
329,Nhà mặt tiền,36.0,320.0,m²,5.0,5.0,4.0,40.0,"47, Đường Lý Chiêu Hoàng, Phường 10, Quận 6, TP.HCM",TP.HCM,Quận 6,Sổ hồng,,8.0
330,Nhà hẻm ngõ,7.0,54.0,m²,,,3.0,7.0,"95/3, Đường Hòa Bình, Phường Hiệp Tân, Quận Tân Phú, TP.HCM",TP.HCM,Quận Tân Phú,Sổ hồng,,8.0
331,Nhà hẻm ngõ,2.25,40.0,m²,3.0,2.0,2.0,10.0,"Đường Huỳnh Tấn Phát, Thị Trấn Nhà Bè, Huyện Nhà Bè, TP.HCM",TP.HCM,Huyện Nhà Bè,Giấy tờ hợp lệ,,4.0
332,Nhà mặt tiền,52.0,88.0,m²,5.0,5.0,3.0,16.0,"Đường 3 Tháng 2, Phường 12, Quận 10, TP.HCM",TP.HCM,Quận 10,Sổ đỏ,,6.0
333,Nhà mặt tiền,30.0,187.0,m²,,,1.0,,"Phường 7, Quận Bình Thạnh, TP.HCM",TP.HCM,Quận Bình Thạnh,Sổ hồng,,
334,Nhà mặt tiền,111.0,200.0,m²,,,,20.0,"Đường Nguyễn Thanh Sơn, Phường Thạnh Mỹ Lợi, TP. Thủ Đức - Quận 2, TP.HCM",TP.HCM,TP. Thủ Đức - Quận 2,Sổ hồng,,10.0
335,Nhà hẻm ngõ,24.5,275.0,m²,4.0,2.0,2.0,25.0,"Đường Phan Đình Phùng, Phường Tân Thành, Quận Tân Phú, TP.HCM",TP.HCM,Quận Tân Phú,Sổ hồng,Nam,12.0
336,Nhà hẻm ngõ,1.95,25.0,m²,4.0,3.0,3.0,8.0,"Đường Huỳnh Tấn Phát, Thị Trấn Nhà Bè, Huyện Nhà Bè, TP.HCM",TP.HCM,Huyện Nhà Bè,Sổ hồng,,3.2
337,Biệt thự,51.6,200.0,m²,4.0,4.0,,20.0,"Đường 33, Phường An Phú, TP. Thủ Đức - Quận 2, TP.HCM",TP.HCM,TP. Thủ Đức - Quận 2,Sổ hồng,Tây Bắc,10.0
338,Nhà hẻm ngõ,5.85,38.0,m²,3.0,2.0,2.0,10.0,"327/70, Đường Sư Vạn Hạnh, Phường 9, Quận 10, TP.HCM",TP.HCM,Quận 10,Sổ hồng,Đông Nam,3.8
339,Biệt thự,56.0,294.0,m²,5.0,5.0,,,"Đường 12, Phường An Khánh, TP. Thủ Đức - Quận 2, TP.HCM",TP.HCM,TP. Thủ Đức - Quận 2,Sổ hồng,,
340,Nhà mặt tiền,9.5,68.0,m²,,,,17.0,"Đường Nguyễn Văn Khối, Phường 9, Quận Gò Vấp, TP.HCM",TP.HCM,Quận Gò Vấp,Sổ hồng,,4.0
341,Nhà mặt tiền,31.5,119.0,m²,,,,,"Phường An Khánh, TP. Thủ Đức - Quận 2, TP.HCM",TP.HCM,TP. Thủ Đức - Quận 2,Sổ hồng,,
342,Nhà mặt tiền,150.0,1707.0,m²,,,,,"Đường Huỳnh Tấn Phát, Phường Tân Thuận Đông, Quận 7, TP.HCM",TP.HCM,Quận 7,Sổ hồng,,
343,Biệt thự,87.0,487.0,m²,6.0,6.0,,,"Đường Đỗ Xuân Hợp, Phường Bình Trưng Đông, TP. Thủ Đức - Quận 2, TP.HCM",TP.HCM,TP. Thủ Đức - Quận 2,Sổ hồng,,
344,Nhà hẻm ngõ,1.45,30.0,m²,2.0,2.0,11.0,9.5,"Đường Hiệp Thành 35, Phường Hiệp Thành, Quận 12, TP.HCM",TP.HCM,Quận 12,Giấy tờ hợp lệ,Tây,3.2
345,Nhà hẻm ngõ,5.7,110.0,m²,,,,,"Đường số 1, Phường 15, Quận Gò Vấp, TP.HCM",TP.HCM,Quận Gò Vấp,Sổ hồng,,
346,Nhà mặt tiền,5.95,32.0,m²,5.0,3.0,3.0,9.0,"231/, Đường Khuông Việt, Phường Phú Trung, Quận Tân Phú, TP.HCM",TP.HCM,Quận Tân Phú,Sổ hồng,,3.6
347,Nhà hẻm ngõ,25.5,155.0,m²,4.0,5.0,2.0,31.0,"Đường Hồ Văn Huê, Phường 9, Quận Phú Nhuận, TP.HCM",TP.HCM,Quận Phú Nhuận,Sổ hồng,,5.0
348,Nhà hẻm ngõ,1.8,12.0,m²,,,,4.0,"Đường Lạc Long Quân, Phường 3, Quận 11, TP.HCM",TP.HCM,Quận 11,Giấy tờ khác,,3.0
349,Nhà hẻm ngõ,6.0,61.3,m²,,,,18.7,"Đường Hồng Bàng, Phường 1, Quận 11, TP.HCM",TP.HCM,Quận 11,Sổ đỏ,,3.1
350,Nhà mặt tiền,7.9,150.0,m²,,,,20.0,"Đường Thạnh Lộc 49, Phường Thạnh Lộc, Quận 12, TP.HCM",TP.HCM,Quận 12,Sổ hồng,,7.5
351,Nhà hẻm ngõ,6.6,80.4,m²,,,,20.0,"Đường Lê Đại Hành, Phường 11, Quận 11, TP.HCM",TP.HCM,Quận 11,Sổ hồng,,4.0
352,Nhà hẻm ngõ,7.2,88.0,m²,,,,22.0,"211/14, Đường Gò Xoài, Phường Bình Hưng Hòa A, Quận Bình Tân, TP.HCM",TP.HCM,Quận Bình Tân,Sổ hồng,,4.0
353,Nhà mặt tiền,3.8,117.2,m²,,,,,"Xã Tam Thôn Hiệp, Huyện Cần Giờ, TP.HCM",TP.HCM,Huyện Cần Giờ,Sổ hồng,,
354,Nhà mặt tiền,95.0,244.0,m²,12.0,16.0,7.0,12.0,"Phường Thảo Điền, TP. Thủ Đức - Quận 2, TP.HCM",TP.HCM,TP. Thủ Đức - Quận 2,Sổ hồng,Đông Nam,20.0
355,Biệt thự,1.25,168.0,m²,4.0,5.0,,24.0,"Đường Nguyễn Cơ Thạch, Phường An Khánh, TP. Thủ Đức - Quận 2, TP.HCM",TP.HCM,TP. Thủ Đức - Quận 2,Sổ hồng,,7.0
356,Nhà hẻm ngõ,7.0,82.0,m²,3.0,2.0,,11.0,"Đường Bến Vân Đồn, Phường 2, Quận 4, TP.HCM",TP.HCM,Quận 4,Sổ hồng,Đông Bắc,7.5
357,Nhà hẻm ngõ,6.0,72.5,m²,2.0,1.0,1.0,14.5,"275/138/22, Đường Quang Trung, Phường 10, Quận Gò Vấp, TP.HCM",TP.HCM,Quận Gò Vấp,Sổ hồng,Đông Nam,5.0
358,Nhà mặt tiền,14.0,350.0,m²,,,,40.0,"Đường Trần Văn Giàu, Xã Lê Minh Xuân, Huyện Bình Chánh, TP.HCM",TP.HCM,Huyện Bình Chánh,Giấy tờ hợp lệ,Đông,7.0
359,Biệt thự,69.0,647.0,m²,,,,20.0,"1/12, Đường Thanh Đa, Phường 27, Quận Bình Thạnh, TP.HCM",TP.HCM,Quận Bình Thạnh,Sổ hồng,Đông Nam,31.0
360,Nhà hẻm ngõ,6.8,68.0,m²,4.0,5.0,,17.0,"Đường Tên Lửa, Phường Bình Trị Đông B, Quận Bình Tân, TP.HCM",TP.HCM,Quận Bình Tân,Sổ hồng,,4.0
361,Nhà mặt tiền,9.5,66.6,m²,,,,18.0,"Đường Mai Văn Ngọc, Phường 10, Quận Phú Nhuận, TP.HCM",TP.HCM,Quận Phú Nhuận,Sổ hồng,,3.7
362,Nhà mặt tiền,6.1,200.0,m²,5.0,4.0,4.0,10.0,"1419, Đường Lê Văn Lương, Phường Tân Phong, Quận 7, TP.HCM",TP.HCM,Quận 7,Sổ hồng,,5.0
363,Nhà hẻm ngõ,6.66,39.0,m²,5.0,7.0,5.0,10.0,"Đường Hoàng Văn Thụ, Phường 2, Quận Tân Bình, TP.HCM",TP.HCM,Quận Tân Bình,Sổ hồng,Đông Nam,4.0
364,Nhà mặt tiền,11.0,168.8,m²,,,,,"435, Đường Nguyễn Bình, Xã Nhơn Đức, Huyện Nhà Bè, TP.HCM",TP.HCM,Huyện Nhà Bè,Sổ hồng,,
365,Nhà mặt tiền,20.0,180.0,m²,,,,,"1310A, Đường Huỳnh Tấn phát, Phường Phú Mỹ, Quận 7, TP.HCM",TP.HCM,Quận 7,Sổ hồng,,
366,Nhà mặt tiền,11.5,90.0,m²,4.0,4.0,4.0,10.0,"39, Đường Trần Thị Liền, Xã Phước Kiển, Huyện Nhà Bè, TP.HCM",TP.HCM,Huyện Nhà Bè,Sổ hồng,Tây,9.0
367,Nhà hẻm ngõ,5.2,60.0,m²,4.0,4.0,,15.0,"Phường Tân Phong, Quận 7, TP.HCM",TP.HCM,Quận 7,Sổ đỏ,,4.0
368,Nhà hẻm ngõ,3.68,28.0,m²,2.0,2.0,2.0,9.0,"Phường 16, Quận Gò Vấp, TP.HCM",TP.HCM,Quận Gò Vấp,Giấy tờ hợp lệ,Nam,3.1
369,Nhà hẻm ngõ,10.6,50.0,m²,4.0,5.0,3.0,10.0,"Phường 25, Quận Bình Thạnh, TP.HCM",TP.HCM,Quận Bình Thạnh,Giấy tờ hợp lệ,Tây Bắc,5.0
370,Nhà hẻm ngõ,7.5,53.6,m²,3.0,3.0,,15.6,"Phường 14, Quận Bình Thạnh, TP.HCM",TP.HCM,Quận Bình Thạnh,Giấy tờ hợp lệ,,3.2
371,Nhà hẻm ngõ,2.0,12.0,m²,3.0,1.0,2.0,,"Phường 17, Quận Bình Thạnh, TP.HCM",TP.HCM,Quận Bình Thạnh,Giấy tờ hợp lệ,,
372,Nhà hẻm ngõ,5.38,56.0,m²,3.0,3.0,,14.0,"Phường 11, Quận Bình Thạnh, TP.HCM",TP.HCM,Quận Bình Thạnh,Giấy tờ hợp lệ,,4.0
373,Nhà mặt tiền,4.9,144.0,m²,3.0,2.0,1.0,13.0,"Xã Xuân Thới Thượng, Huyện Hóc Môn, TP.HCM",TP.HCM,Huyện Hóc Môn,Giấy tờ hợp lệ,Đông,12.0
374,Nhà hẻm ngõ,3.98,24.0,m²,2.0,2.0,4.0,6.0,"Phường 2, Quận 8, TP.HCM",TP.HCM,Quận 8,Giấy tờ hợp lệ,,4.0
375,Nhà mặt tiền,4.6,37.0,m²,3.0,3.0,3.0,8.5,"Phường Tân Thành, Quận Tân Phú, TP.HCM",TP.HCM,Quận Tân Phú,Giấy tờ hợp lệ,,4.3
376,Nhà hẻm ngõ,8.3,54.0,m²,4.0,4.0,5.0,9.0,"Phường 2, Quận Phú Nhuận, TP.HCM",TP.HCM,Quận Phú Nhuận,Giấy tờ hợp lệ,,6.0
377,Nhà hẻm ngõ,2.2,16.0,m²,2.0,,2.0,,"Phường 4, Quận Phú Nhuận, TP.HCM",TP.HCM,Quận Phú Nhuận,Giấy tờ hợp lệ,,
378,Nhà hẻm ngõ,4.35,28.0,m²,2.0,,1.0,10.0,"Phường 1, Quận Phú Nhuận, TP.HCM",TP.HCM,Quận Phú Nhuận,Giấy tờ hợp lệ,Đông Bắc,2.8
379,Nhà mặt tiền,5.0,60.0,m²,4.0,4.0,3.0,15.0,"Phường Bình Hưng Hòa B, Quận Bình Tân, TP.HCM",TP.HCM,Quận Bình Tân,Giấy tờ hợp lệ,,4.0
380,Nhà hẻm ngõ,4.55,48.0,m²,4.0,2.0,2.0,12.0,"Phường Bình Hưng Hòa A, Quận Bình Tân, TP.HCM",TP.HCM,Quận Bình Tân,Giấy tờ hợp lệ,Đông Bắc,4.0
381,Nhà mặt tiền,7.6,55.0,m²,5.0,4.0,4.0,11.0,"Phường Thạnh Lộc, Quận 12, TP.HCM",TP.HCM,Quận 12,Giấy tờ hợp lệ,Bắc,5.0
382,Nhà hẻm ngõ,7.5,44.0,m²,2.0,2.0,,14.0,"Phường 7, Quận 5, TP.HCM",TP.HCM,Quận 5,Giấy tờ hợp lệ,,3.0
383,Nhà hẻm ngõ,7.58,46.0,m²,5.0,5.0,5.0,12.5,"Phường 7, Quận Phú Nhuận, TP.HCM",TP.HCM,Quận Phú Nhuận,Giấy tờ hợp lệ,,3.3
384,Nhà hẻm ngõ,4.5,72.0,m²,2.0,2.0,2.0,18.0,"Phường Bình Hưng Hòa, Quận Bình Tân, TP.HCM",TP.HCM,Quận Bình Tân,Giấy tờ hợp lệ,,4.0
385,Nhà hẻm ngõ,2.4,56.0,m²,3.0,2.0,,14.0,"Xã Vĩnh Lộc B, Huyện Bình Chánh, TP.HCM",TP.HCM,Huyện Bình Chánh,Hợp đồng mua bán,,4.0
386,Nhà hẻm ngõ,4.4,48.0,m²,4.0,3.0,2.0,12.0,"Phường Bình Hưng Hòa A, Quận Bình Tân, TP.HCM",TP.HCM,Quận Bình Tân,Giấy tờ hợp lệ,Đông Bắc,4.0
387,Nhà hẻm ngõ,7.7,61.0,m²,4.0,4.0,4.0,13.5,"Phường Bình Trị Đông, Quận Bình Tân, TP.HCM",TP.HCM,Quận Bình Tân,Giấy tờ hợp lệ,,4.5
388,Nhà hẻm ngõ,8.5,56.0,m²,10.0,7.0,6.0,15.0,"Phường Bình Trị Đông, Quận Bình Tân, TP.HCM",TP.HCM,Quận Bình Tân,Giấy tờ hợp lệ,,4.0
389,Nhà hẻm ngõ,7.5,69.0,m²,5.0,5.0,5.0,15.7,"Phường Bình Trị Đông, Quận Bình Tân, TP.HCM",TP.HCM,Quận Bình Tân,Giấy tờ hợp lệ,,4.0
390,Nhà hẻm ngõ,1.95,64.0,m²,2.0,1.0,1.0,16.0,"Xã Vĩnh Lộc B, Huyện Bình Chánh, TP.HCM",TP.HCM,Huyện Bình Chánh,Sổ hồng,Nam,4.0
391,Nhà hẻm ngõ,3.2,40.0,m²,3.0,2.0,,10.0,"Xã Bình Hưng, Huyện Bình Chánh, TP.HCM",TP.HCM,Huyện Bình Chánh,Hợp đồng mua bán,Đông Bắc,4.0
392,Nhà hẻm ngõ,1.99,36.0,m²,2.0,2.0,2.0,9.0,"Phường Hiệp Bình Chánh, TP. Thủ Đức - Quận Thủ Đức, TP.HCM",TP.HCM,TP. Thủ Đức - Quận Thủ Đức,Hợp đồng mua bán,Đông,4.0
393,Nhà mặt tiền,4.95,48.0,m²,2.0,2.0,2.0,13.0,"Phường Tân Thành, Quận Tân Phú, TP.HCM",TP.HCM,Quận Tân Phú,Giấy tờ hợp lệ,,3.8
394,Nhà mặt tiền,10.8,50.8,m²,4.0,4.0,4.0,12.7,"Phường Phú Thọ Hòa, Quận Tân Phú, TP.HCM",TP.HCM,Quận Tân Phú,Giấy tờ hợp lệ,,4.0
395,Nhà mặt tiền,4.85,37.0,m²,2.0,2.0,2.0,5.0,"Phường Tân Thành, Quận Tân Phú, TP.HCM",TP.HCM,Quận Tân Phú,Giấy tờ hợp lệ,,8.2
396,Nhà hẻm ngõ,2.45,19.0,m²,1.0,2.0,2.0,5.6,"1/, Đường Tùng Thiện Vương, Phường 12, Quận 8, TP.HCM",TP.HCM,Quận 8,Sổ hồng,Tây,3.4
397,Nhà hẻm ngõ,14.0,86.0,m²,4.0,,,12.5,"Phường 3, Quận 11, TP.HCM",TP.HCM,Quận 11,Giấy tờ hợp lệ,,6.8
398,Nhà hẻm ngõ,6.8,42.0,m²,3.0,3.0,3.0,14.0,"Phường 1, Quận 11, TP.HCM",TP.HCM,Quận 11,Giấy tờ hợp lệ,Đông Nam,3.1
399,Nhà hẻm ngõ,4.3,25.5,m²,2.0,2.0,2.0,8.5,"Phường 2, Quận 11, TP.HCM",TP.HCM,Quận 11,Giấy tờ hợp lệ,Tây,3.0
400,Nhà mặt tiền,18.5,124.0,m²,6.0,4.0,4.0,26.0,"CHỈ 80m ĐẾN MT, Đường Dương Quảng Hàm, Phường 5, Quận Gò Vấp, TP.HCM",TP.HCM,Quận Gò Vấp,Sổ hồng,Tây Bắc,4.9
401,Nhà hẻm ngõ,9.6,80.0,m²,10.0,7.0,5.0,15.0,"Phường 5, Quận Tân Bình, TP.HCM",TP.HCM,Quận Tân Bình,Giấy tờ hợp lệ,Đông Bắc,6.0
402,Nhà hẻm ngõ,5.98,32.0,m²,3.0,3.0,4.0,15.0,"HXH, Đường Nguyễn Duy, Phường 10, Quận 8, TP.HCM",TP.HCM,Quận 8,Sổ hồng,Đông Nam,3.0
403,Nhà hẻm ngõ,8.2,130.0,m²,5.0,5.0,3.0,26.0,"Phường An Phú Đông, Quận 12, TP.HCM",TP.HCM,Quận 12,Giấy tờ hợp lệ,Đông Bắc,5.0
404,Nhà hẻm ngõ,5.8,48.0,m²,2.0,3.0,,12.0,"Phường Phú Thạnh, Quận Tân Phú, TP.HCM",TP.HCM,Quận Tân Phú,Giấy tờ hợp lệ,,4.0
405,Nhà mặt tiền,6.49,80.0,m²,4.0,5.0,3.0,16.0,"Đường Phan Văn Hớn, Xã Bà Điểm, Huyện Hóc Môn, TP.HCM",TP.HCM,Huyện Hóc Môn,Sổ hồng,,5.0
406,Nhà hẻm ngõ,6.25,48.0,m²,3.0,3.0,4.0,13.0,"Phường 16, Quận Gò Vấp, TP.HCM",TP.HCM,Quận Gò Vấp,Giấy tờ hợp lệ,,4.0
407,Nhà hẻm ngõ,4.7,38.3,m²,2.0,2.0,,9.5,"Phường Bình Hưng Hòa A, Quận Bình Tân, TP.HCM",TP.HCM,Quận Bình Tân,Giấy tờ hợp lệ,Tây,4.0
408,Nhà mặt tiền,16.99,120.0,m²,4.0,4.0,4.0,24.0,"Phường Tân Thuận Đông, Quận 7, TP.HCM",TP.HCM,Quận 7,Giấy tờ hợp lệ,Đông Bắc,5.0
409,Nhà hẻm ngõ,4.45,44.0,m²,2.0,2.0,2.0,11.0,"Phường 17, Quận Gò Vấp, TP.HCM",TP.HCM,Quận Gò Vấp,Giấy tờ hợp lệ,,4.0
410,Nhà hẻm ngõ,15.0,146.0,m²,5.0,5.0,3.0,20.0,"Phường Phú Thuận, Quận 7, TP.HCM",TP.HCM,Quận 7,Giấy tờ hợp lệ,,7.3
411,Nhà hẻm ngõ,8.2,106.0,m²,4.0,4.0,2.0,23.0,"Phường Phú Thuận, Quận 7, TP.HCM",TP.HCM,Quận 7,Giấy tờ hợp lệ,,4.6
412,Nhà hẻm ngõ,6.8,57.0,m²,4.0,4.0,3.0,14.5,"Phường Bình Trị Đông, Quận Bình Tân, TP.HCM",TP.HCM,Quận Bình Tân,Giấy tờ hợp lệ,,4.0
413,Nhà hẻm ngõ,3.0,24.0,m²,2.0,2.0,2.0,,"Phường Bình Hưng Hòa A, Quận Bình Tân, TP.HCM",TP.HCM,Quận Bình Tân,Giấy tờ hợp lệ,,
414,Nhà mặt tiền,28.0,250.0,m²,14.0,8.0,4.0,40.0,"1074, Đường Quốc Lộ 50, Xã Bình Hưng, Huyện Bình Chánh, TP.HCM",TP.HCM,Huyện Bình Chánh,Sổ hồng,Đông,7.0
415,Nhà mặt tiền,3.9,30.0,m²,2.0,2.0,3.0,7.4,"Phường Phú Thọ Hòa, Quận Tân Phú, TP.HCM",TP.HCM,Quận Tân Phú,Giấy tờ hợp lệ,,4.1
416,Nhà hẻm ngõ,4.35,37.0,m²,4.0,4.0,3.0,10.0,"Phường Phạm Ngũ Lão, Quận 1, TP.HCM",TP.HCM,Quận 1,Giấy tờ hợp lệ,Đông Bắc,3.9
417,Nhà hẻm ngõ,3.98,25.0,m²,1.0,2.0,2.0,8.0,"Đường Võ Văn Tần, Phường 5, Quận 3, TP.HCM",TP.HCM,Quận 3,Sổ hồng,,3.3
418,Nhà hẻm ngõ,10.8,50.0,m²,4.0,3.0,4.0,14.0,"Đường Trần Hưng Đạo B, Phường 11, Quận 5, TP.HCM",TP.HCM,Quận 5,Sổ hồng,,3.7
419,Nhà hẻm ngõ,12.95,60.0,m²,5.0,,4.0,14.5,"Đường Điện Biên Phủ, Phường 1, Quận 3, TP.HCM",TP.HCM,Quận 3,Sổ hồng,,4.2
420,Nhà mặt tiền,9.8,100.0,m²,3.0,2.0,2.0,25.0,"Đường Huỳnh Tấn Phát, Phường Tân Thuận Đông, Quận 7, TP.HCM",TP.HCM,Quận 7,Sổ hồng,,4.0
421,Nhà hẻm ngõ,8.5,45.0,m²,5.0,4.0,,11.0,"Phường 10, Quận Tân Bình, TP.HCM",TP.HCM,Quận Tân Bình,Giấy tờ hợp lệ,,4.0
422,Nhà hẻm ngõ,3.0,35.6,m²,2.0,2.0,2.0,6.9,"Phường 15, Quận Tân Bình, TP.HCM",TP.HCM,Quận Tân Bình,Giấy tờ hợp lệ,Nam,4.8
423,Nhà hẻm ngõ,4.55,38.0,m²,2.0,2.0,,11.0,"Phường 11, Quận Gò Vấp, TP.HCM",TP.HCM,Quận Gò Vấp,Giấy tờ hợp lệ,,3.5
424,Nhà mặt tiền,4.3,37.0,m²,2.0,2.0,,,"Phường 13, Quận Gò Vấp, TP.HCM",TP.HCM,Quận Gò Vấp,Giấy tờ hợp lệ,,
425,Nhà hẻm ngõ,6.8,73.0,m²,2.0,2.0,2.0,15.0,"Phường 11, Quận Gò Vấp, TP.HCM",TP.HCM,Quận Gò Vấp,Giấy tờ hợp lệ,,5.0
426,Nhà hẻm ngõ,4.39,28.0,m²,4.0,4.0,3.0,10.0,"Phường 25, Quận Bình Thạnh, TP.HCM",TP.HCM,Quận Bình Thạnh,Giấy tờ hợp lệ,,3.1
427,Nhà hẻm ngõ,4.0,45.0,m²,2.0,2.0,2.0,11.0,"Phường Bình Hưng Hòa A, Quận Bình Tân, TP.HCM",TP.HCM,Quận Bình Tân,Giấy tờ hợp lệ,Bắc,4.2
428,Nhà mặt tiền,6.55,50.0,m²,3.0,3.0,3.0,13.0,"Phường An Lạc, Quận Bình Tân, TP.HCM",TP.HCM,Quận Bình Tân,Giấy tờ hợp lệ,Nam,4.0
429,Nhà mặt tiền,5.4,40.0,m²,2.0,3.0,3.0,10.0,"Phường An Lạc, Quận Bình Tân, TP.HCM",TP.HCM,Quận Bình Tân,Giấy tờ hợp lệ,Nam,4.0
430,Nhà hẻm ngõ,11.8,70.0,m²,2.0,2.0,2.0,15.0,"Đường Hoàng Hoa Thám, Phường 13, Quận Tân Bình, TP.HCM",TP.HCM,Quận Tân Bình,Sổ hồng,,5.0
431,Nhà hẻm ngõ,11.2,79.0,m²,4.0,3.0,,19.8,"Phường 16, Quận Gò Vấp, TP.HCM",TP.HCM,Quận Gò Vấp,Giấy tờ hợp lệ,Đông Bắc,4.0
432,Nhà hẻm ngõ,7.7,30.0,m²,3.0,4.0,4.0,6.5,"Đường Ngô Đức Kế, Phường 12, Quận Bình Thạnh, TP.HCM",TP.HCM,Quận Bình Thạnh,Sổ hồng,,4.5
433,Nhà hẻm ngõ,2.5,34.0,m²,1.0,1.0,1.0,8.5,"Phường Bình Hưng Hòa B, Quận Bình Tân, TP.HCM",TP.HCM,Quận Bình Tân,Giấy tờ hợp lệ,Nam,4.0
434,Nhà hẻm ngõ,3.55,53.0,m²,4.0,,4.0,,"Đường Nguyễn Thượng Hiền, Phường 5, Quận Phú Nhuận, TP.HCM",TP.HCM,Quận Phú Nhuận,Sổ hồng,,
435,Nhà hẻm ngõ,3.65,50.0,m²,4.0,3.0,,,"Đường Nguyễn Huy Lượng, Phường 14, Quận Bình Thạnh, TP.HCM",TP.HCM,Quận Bình Thạnh,Sổ đỏ,,
436,Nhà hẻm ngõ,3.45,55.0,m²,3.0,4.0,3.0,,"Đường Quang Trung, Phường 8, Quận Gò Vấp, TP.HCM",TP.HCM,Quận Gò Vấp,Sổ hồng,,
437,Nhà hẻm ngõ,1.5,64.0,m²,3.0,2.0,1.0,16.0,"Đường Hồ Học Lãm, Phường An Lạc, Quận Bình Tân, TP.HCM",TP.HCM,Quận Bình Tân,Sổ hồng,,4.0
438,Nhà hẻm ngõ,0.72,143.0,m²,1.0,,,35.0,"Đường Tân Thới Nhì 12, Xã Tân Thới Nhì, Huyện Hóc Môn, TP.HCM",TP.HCM,Huyện Hóc Môn,Sổ hồng,,4.0
439,Nhà hẻm ngõ,0.815,155.0,m²,2.0,,,31.0,"Đường Nguyễn Thị Lắng, Xã Tân Phú Trung, Huyện Củ Chi, TP.HCM",TP.HCM,Huyện Củ Chi,Sổ hồng,,5.0
440,Nhà hẻm ngõ,3.68,68.0,m²,4.0,4.0,2.0,16.7,"Đường Phan Tây Hồ, Phường 7, Quận Phú Nhuận, TP.HCM",TP.HCM,Quận Phú Nhuận,Sổ hồng,,4.1
441,Nhà mặt tiền,3.39,587.0,m²,2.0,3.0,3.0,14.3,"Đường Đào Duy Từ, Phường 15, Quận Phú Nhuận, TP.HCM",TP.HCM,Quận Phú Nhuận,Sổ hồng,,4.1
442,Nhà hẻm ngõ,1.98,65.0,m²,4.0,3.0,3.0,13.0,"Đường 18, Phường Hiệp Bình Chánh, TP. Thủ Đức - Quận Thủ Đức, TP.HCM",TP.HCM,TP. Thủ Đức - Quận Thủ Đức,Sổ hồng,,5.0
443,Nhà hẻm ngõ,4.58,395.0,m²,2.0,2.0,2.0,10.0,"H1647, Đường Phạm thế hiển, Phường 6, Quận 8, TP.HCM",TP.HCM,Quận 8,Sổ hồng,Đông Nam,4.3
444,Nhà hẻm ngõ,1.05,175.0,m²,2.0,,,29.0,"Đường Nguyễn Kim Cương, Xã Tân Thạnh Đông, Huyện Củ Chi, TP.HCM",TP.HCM,Huyện Củ Chi,Sổ hồng,,6.0
445,Nhà hẻm ngõ,6.9,75.0,m²,4.0,4.0,3.0,15.0,"Đường Huỳnh Văn Nghệ, Phường 15, Quận Tân Bình, TP.HCM",TP.HCM,Quận Tân Bình,Sổ hồng,Đông Nam,5.0
446,Nhà hẻm ngõ,5.85,38.0,m²,3.0,2.0,2.0,10.0,"Đường Sư Vạn Hạnh, Phường 9, Quận 10, TP.HCM",TP.HCM,Quận 10,Sổ hồng,,3.8
447,Nhà hẻm ngõ,1.55,44.0,m²,2.0,2.0,2.0,11.0,"Đường Trịnh Quang Nghị, Phường 16, Quận 8, TP.HCM",TP.HCM,Quận 8,Sổ hồng,,4.0
448,Nhà hẻm ngõ,2.5,20.0,m²,1.0,1.0,2.0,10.5,"467, Đường Lê Đại Hành, Phường 11, Quận 11, TP.HCM",TP.HCM,Quận 11,Sổ hồng,,2.2
449,Nhà hẻm ngõ,8.5,87.0,m²,4.0,3.0,3.0,19.5,"Đường Vũ Tùng, Phường 2, Quận Bình Thạnh, TP.HCM",TP.HCM,Quận Bình Thạnh,Sổ hồng,,4.5
450,Nhà mặt tiền,21.5,80.0,m²,6.0,5.0,,20.0,"Đường D5, Phường 25, Quận Bình Thạnh, TP.HCM",TP.HCM,Quận Bình Thạnh,Sổ hồng,,4.0
451,Nhà hẻm ngõ,11.9,484.0,m²,4.0,3.0,,,"139/, Đường Trần Đình Xu, Phường Nguyễn Cư Trinh, Quận 1, TP.HCM",TP.HCM,Quận 1,Sổ hồng,,
452,Nhà hẻm ngõ,4.9,35.0,m²,3.0,3.0,1.0,,"Đường Xô Viết Nghệ Tĩnh, Phường 21, Quận Bình Thạnh, TP.HCM",TP.HCM,Quận Bình Thạnh,Sổ hồng,,
453,Nhà hẻm ngõ,8.7,63.0,m²,5.0,5.0,4.0,16.3,"50/, Đường Hòa Bình, Phường 5, Quận 11, TP.HCM",TP.HCM,Quận 11,Sổ hồng,Đông Bắc,4.0
454,Nhà hẻm ngõ,2.38,12.0,m²,2.0,3.0,3.0,6.0,"107, Đường Lê Thị Bạch Cát, Phường 13, Quận 11, TP.HCM",TP.HCM,Quận 11,Sổ hồng,,2.5
455,Nhà hẻm ngõ,1.66,61.6,m²,2.0,2.0,,15.4,"Đường Lê Duy Nhuận, Phường 12, Quận Tân Bình, TP.HCM",TP.HCM,Quận Tân Bình,Sổ hồng,,4.0
456,Nhà hẻm ngõ,8.8,40.0,m²,7.0,7.0,4.0,9.5,"Đường Lạc Long Quân, Phường 3, Quận 11, TP.HCM",TP.HCM,Quận 11,Sổ hồng,Đông,4.5
457,Nhà hẻm ngõ,4.8,110.0,m²,3.0,2.0,1.0,13.0,"2144, Đường Huỳnh Tấn Phát, Thị Trấn Nhà Bè, Huyện Nhà Bè, TP.HCM",TP.HCM,Huyện Nhà Bè,Sổ hồng,,5.0
458,Nhà hẻm ngõ,7.5,46.0,m²,4.0,5.0,4.0,18.0,"Đường 3 Tháng 2, Phường 14, Quận 10, TP.HCM",TP.HCM,Quận 10,Sổ hồng,,3.0
459,Nhà mặt tiền,38.0,240.0,m²,36.0,11.0,,30.0,"Đường Trần Thị Cờ, Phường Thới An, Quận 12, TP.HCM",TP.HCM,Quận 12,Sổ hồng,Tây Nam,8.5
460,Nhà hẻm ngõ,5.0,73.0,m²,3.0,2.0,3.0,14.0,"239/64/3, 239/64/3, Quận 6, TP.HCM",TP.HCM,Quận 6,Sổ hồng,Đông Bắc,5.0
461,Nhà hẻm ngõ,13.0,61.0,m²,6.0,7.0,7.0,17.5,"Đường 3 Tháng 2, Phường 11, Quận 10, TP.HCM",TP.HCM,Quận 10,Sổ hồng,Đông Nam,3.6
462,Nhà hẻm ngõ,3.8,40.0,m²,1.0,1.0,2.0,10.0,"Đường Nguyễn Thị thập, Phường Bình Thuận, Quận 7, TP.HCM",TP.HCM,Quận 7,Sổ hồng,,4.0
463,Nhà hẻm ngõ,6.6,66.0,m²,2.0,2.0,2.0,16.0,"Đường Lê Văn Lương, Phường Tân Kiểng, Quận 7, TP.HCM",TP.HCM,Quận 7,Sổ hồng,,4.5
464,Nhà hẻm ngõ,6.5,67.0,m²,4.0,4.0,4.0,11.0,"Đường Lâm Văn Bền, Phường Tân Kiểng, Quận 7, TP.HCM",TP.HCM,Quận 7,Sổ hồng,,6.0
465,Nhà hẻm ngõ,4.3,25.0,m²,2.0,2.0,2.0,9.0,"Đường 77, Phường Tân Quy, Quận 7, TP.HCM",TP.HCM,Quận 7,Sổ hồng,,3.5
466,Nhà hẻm ngõ,4.5,30.0,m²,3.0,3.0,3.0,7.5,"Đường Trần Xuân soạn, Phường Tân Hưng, Quận 7, TP.HCM",TP.HCM,Quận 7,Sổ hồng,,4.1
467,Nhà mặt tiền,135.0,225.0,m²,,,,,"Đường Phan Kế Bính, Phường Đa Kao, Quận 1, TP.HCM",TP.HCM,Quận 1,Sổ hồng,,
468,Nhà hẻm ngõ,1.46,96.5,m²,3.0,2.0,2.0,19.3,"Đường Lê Khả Phiêu, Xã Vĩnh Lộc A, Huyện Bình Chánh, TP.HCM",TP.HCM,Huyện Bình Chánh,Sổ hồng,,5.0
469,Nhà mặt tiền,128.0,240.0,m²,,,,,"Đường Nguyễn Thành Ý, Phường Đa Kao, Quận 1, TP.HCM",TP.HCM,Quận 1,Sổ hồng,,
470,Nhà hẻm ngõ,2.9,22.0,m²,2.0,2.0,2.0,6.0,"Đường Trần Xuân soạn, Phường Tân Hưng, Quận 7, TP.HCM",TP.HCM,Quận 7,Sổ hồng,,4.1
471,Nhà mặt tiền,12.6,52.0,m²,4.0,5.0,5.0,,"MT, Đường số 1, Phường 6, Quận 8, TP.HCM",TP.HCM,Quận 8,Sổ hồng,Tây Bắc,
472,Nhà mặt tiền,10.5,44.4,m²,2.0,2.0,2.0,14.5,"MT, Đường 3 Tháng 2, Phường 2, Quận 11, TP.HCM",TP.HCM,Quận 11,Sổ hồng,Đông Nam,4.0
473,Nhà hẻm ngõ,1.98,13.0,m²,2.0,2.0,3.0,5.0,"H762, Đường Nguyễn Duy, Phường 12, Quận 8, TP.HCM",TP.HCM,Quận 8,Sổ hồng,Đông Nam,3.0
474,Nhà hẻm ngõ,1.15,161.0,m²,3.0,2.0,,32.0,"Xã Tân Phú Trung, Huyện Củ Chi, TP.HCM",TP.HCM,Huyện Củ Chi,Sổ hồng,,5.0
475,Nhà mặt tiền,8.5,207.0,m²,1.0,1.0,,37.0,"Đường Hà Huy giáp, Phường Thạnh Lộc, Quận 12, TP.HCM",TP.HCM,Quận 12,Sổ hồng,Tây Bắc,6.2
476,Nhà hẻm ngõ,13.5,184.0,m²,,,,,"Đường số 8, Phường Trường Thọ, TP. Thủ Đức - Quận Thủ Đức, TP.HCM",TP.HCM,TP. Thủ Đức - Quận Thủ Đức,Sổ hồng,,
477,Nhà mặt tiền,7.0,21.0,m²,5.0,5.0,,,"Đường Phan Văn Trị, Phường 2, Quận 5, TP.HCM",TP.HCM,Quận 5,Giấy tờ hợp lệ,,
478,Nhà hẻm ngõ,6.8,38.0,m²,3.0,,,,"Đường Nguyễn Thiện Thuật, Phường 2, Quận 3, TP.HCM",TP.HCM,Quận 3,Giấy tờ hợp lệ,,
479,Nhà hẻm ngõ,6.38,120.0,m²,2.0,2.0,,24.5,"Đường số 8, Phường Linh Xuân, TP. Thủ Đức - Quận Thủ Đức, TP.HCM",TP.HCM,TP. Thủ Đức - Quận Thủ Đức,Sổ hồng,,4.9
480,Nhà hẻm ngõ,16.2,77.0,m²,16.0,16.0,5.0,16.0,"Đường Phan Huy Ích, Phường 12, Quận Gò Vấp, TP.HCM",TP.HCM,Quận Gò Vấp,Sổ hồng,,5.0
481,Nhà mặt tiền,6.8,30.0,m²,3.0,,,,"Đường Nguyễn Thượng Hiền, Phường 5, Quận 3, TP.HCM",TP.HCM,Quận 3,Giấy tờ hợp lệ,,
482,Nhà mặt tiền,85.0,100.0,m²,9.0,9.0,,17.0,"Đường Trần Quang Khải, Phường Tân Định, Quận 1, TP.HCM",TP.HCM,Quận 1,Sổ hồng,,6.0
483,Nhà mặt tiền,55.0,105.0,m²,8.0,9.0,,21.0,"Đường Nguyễn Trãi, Phường 3, Quận 5, TP.HCM",TP.HCM,Quận 5,Sổ hồng,Đông Nam,5.0
484,Nhà mặt tiền,65.0,95.0,m²,7.0,8.0,2.0,25.0,"Đường Bùi Thị Xuân, Phường Bến Thành, Quận 1, TP.HCM",TP.HCM,Quận 1,Sổ hồng,Tây Bắc,4.0
485,Nhà mặt tiền,54.0,154.0,m²,10.0,10.0,,23.0,"Đường Trần Hưng Đạo, Phường 1, Quận 5, TP.HCM",TP.HCM,Quận 5,Sổ hồng,,5.0
486,Nhà mặt tiền,88.0,330.0,m²,5.0,5.0,,24.0,"Đường Hoà Hưng, Phường 12, Quận 10, TP.HCM",TP.HCM,Quận 10,Sổ hồng,,13.0
487,Nhà mặt tiền,182.0,211.0,m²,17.0,14.0,,22.0,"Đường Lê Hồng Phong, Phường 3, Quận 5, TP.HCM",TP.HCM,Quận 5,Sổ hồng,,10.0
488,Nhà mặt tiền,115.0,200.0,m²,12.0,12.0,,25.0,"Đường Hồ Hảo Hớn, Phường Cô Giang, Quận 1, TP.HCM",TP.HCM,Quận 1,Sổ hồng,Đông Bắc,8.0
489,Nhà hẻm ngõ,17.0,96.0,m²,5.0,6.0,,12.0,"Đường Dương Bá Trạc, Phường 1, Quận 8, TP.HCM",TP.HCM,Quận 8,Sổ hồng,Đông Nam,8.0
490,Nhà mặt tiền,32.0,33.0,m²,5.0,5.0,,10.0,"Đường Bùi Viện, Phường Phạm Ngũ Lão, Quận 1, TP.HCM",TP.HCM,Quận 1,Sổ hồng,,3.8
491,Biệt thự,69.0,214.0,m²,18.0,19.0,,21.0,"Đường Sư Vạn Hạnh, Phường 12, Quận 10, TP.HCM",TP.HCM,Quận 10,Sổ hồng,Tây Bắc,10.5
492,Nhà mặt tiền,69.0,187.0,m²,6.0,5.0,,23.0,"Phường Tân Định, Quận 1, TP.HCM",TP.HCM,Quận 1,Sổ hồng,,6.4
493,Nhà mặt tiền,72.0,123.0,m²,,,,20.0,"Đường Bùi Viện, Phường Phạm Ngũ Lão, Quận 1, TP.HCM",TP.HCM,Quận 1,Sổ hồng,,7.4
494,Nhà mặt tiền,6.1,80.0,m²,4.0,2.0,1.0,16.0,"Quận Bình Tân, TP.HCM",TP.HCM,Quận Bình Tân,Sổ hồng,,5.0
495,Biệt thự,42.0,330.0,m²,4.0,4.0,3.0,22.0,"Huyện Bình Chánh, TP.HCM",TP.HCM,Huyện Bình Chánh,Sổ hồng,,15.0
496,Nhà mặt tiền,8.3,50.0,m²,4.0,4.0,3.0,12.0,"Đường số 8A, Phường Bình Trị Đông B, Quận Bình Tân, TP.HCM",TP.HCM,Quận Bình Tân,Sổ hồng,,4.5
497,Nhà hẻm ngõ,4.86,55.0,m²,2.0,2.0,1.0,13.0,"Đường Thống Nhất, Phường 16, Quận Gò Vấp, TP.HCM",TP.HCM,Quận Gò Vấp,Sổ hồng,,4.6
498,Nhà mặt tiền,28.0,80.0,m²,,,6.0,20.0,"75, Đường Lê Quốc Hưng, Phường 13, Quận 4, TP.HCM",TP.HCM,Quận 4,Giấy tờ hợp lệ,,4.0
499,Nhà hẻm ngõ,8.5,35.0,m²,,,,,"Đường Đào Duy Anh, Phường 9, Quận Phú Nhuận, TP.HCM",TP.HCM,Quận Phú Nhuận,Sổ hồng,,
500,Nhà mặt tiền,25.0,60.0,m²,,,4.0,15.0,"22, Đường Đặng Dung, Phường Tân Định, Quận 1, TP.HCM",TP.HCM,Quận 1,Sổ hồng,,4.0
501,Nhà hẻm ngõ,5.85,54.0,m²,4.0,5.0,,13.5,"Đường liên khu 4/5, Phường Bình Hưng Hòa B, Quận Bình Tân, TP.HCM",TP.HCM,Quận Bình Tân,Sổ hồng,,4.0
502,Nhà mặt tiền,21.0,80.0,m²,,,3.0,20.0,"96, Đường Bùi Tá Hán, Phường An Phú, TP. Thủ Đức - Quận 2, TP.HCM",TP.HCM,TP. Thủ Đức - Quận 2,Giấy tờ hợp lệ,,4.0
503,Nhà hẻm ngõ,7.5,95.0,m²,,,,17.0,"Đường Phạm Đăng Giảng, Phường Bình Hưng Hòa, Quận Bình Tân, TP.HCM",TP.HCM,Quận Bình Tân,Sổ hồng,,5.5
504,Nhà mặt tiền,14.5,98.0,m²,4.0,5.0,3.0,24.0,"Đường D11, Phường Tây Thạnh, Quận Tân Phú, TP.HCM",TP.HCM,Quận Tân Phú,Sổ hồng,,4.1
505,Nhà hẻm ngõ,7.5,40.0,m²,5.0,,,,"Phường 11, Quận Phú Nhuận, TP.HCM",TP.HCM,Quận Phú Nhuận,Sổ đỏ,,
506,Nhà mặt tiền,8.3,53.0,m²,4.0,3.0,,15.0,"Đường Hồng Bàng, Phường 1, Quận 11, TP.HCM",TP.HCM,Quận 11,Sổ hồng,Đông,3.4
507,Nhà hẻm ngõ,8.3,52.0,m²,4.0,3.0,4.0,15.0,"Phường 8, Quận Tân Bình, TP.HCM",TP.HCM,Quận Tân Bình,Sổ hồng,Đông,3.4
508,Nhà hẻm ngõ,8.3,53.0,m²,4.0,3.0,4.0,15.0,"81 đường 702 hồng bàng , Đường Hồng Bàng, Phường 9, Quận 6, TP.HCM",TP.HCM,Quận 6,Sổ hồng,Đông,3.4
509,Nhà mặt tiền,6.85,316.0,m²,2.0,2.0,1.0,9.6,"Đường Phạm Phú Thứ, Phường 11, Quận Tân Bình, TP.HCM",TP.HCM,Quận Tân Bình,Sổ hồng,Tây Nam,2.9
510,Nhà mặt tiền,11.9,90.0,m²,4.0,5.0,,18.0,"Đường Tên Lửa, Phường Bình Trị Đông B, Quận Bình Tân, TP.HCM",TP.HCM,Quận Bình Tân,Sổ hồng,,5.0
511,Nhà mặt tiền,13.2,100.0,m²,4.0,5.0,4.0,20.0,"Đường Tên Lửa, Phường Bình Trị Đông B, Quận Bình Tân, TP.HCM",TP.HCM,Quận Bình Tân,Sổ hồng,,5.0
512,"Nhà hẻm, ngõ",18.5,586.0,m²,2.0,3.0,3.0,11.6,"Đường Nguyễn Thị Minh Khai, Phường 5, Quận 3, TP.HCM",TP.HCM,Quận 3,Sổ hồng,,4.2
513,Nhà hẻm ngõ,4.95,50.0,m²,4.0,4.0,,12.5,"Đường Hương Lộ 2, Phường Bình Trị Đông, Quận Bình Tân, TP.HCM",TP.HCM,Quận Bình Tân,Sổ hồng,,4.0
514,Nhà mặt tiền,8.4,90.0,m²,2.0,1.0,1.0,15.0,"Đường 39, Phường Bình Trị Đông B, Quận Bình Tân, TP.HCM",TP.HCM,Quận Bình Tân,Sổ đỏ,Nam,6.0
515,Nhà mặt tiền,12.0,84.0,m²,4.0,4.0,3.0,21.0,"Đường số 6, Phường Bình Trị Đông B, Quận Bình Tân, TP.HCM",TP.HCM,Quận Bình Tân,Sổ hồng,Đông,4.0
516,Nhà mặt tiền,18.2,84.0,m²,6.0,6.0,4.0,18.0,"Đường Chợ Lớn, Phường 11, Quận 6, TP.HCM",TP.HCM,Quận 6,Sổ hồng,Nam,5.0
517,Nhà mặt tiền,14.5,80.0,m²,4.0,5.0,,20.0,"Đường Tên Lửa, Phường Bình Trị Đông B, Quận Bình Tân, TP.HCM",TP.HCM,Quận Bình Tân,Sổ hồng,,4.0
518,Nhà mặt tiền,10.5,80.0,m²,5.0,5.0,,20.0,"Đường Tên Lửa, Phường Bình Trị Đông B, Quận Bình Tân, TP.HCM",TP.HCM,Quận Bình Tân,Sổ hồng,,4.0
519,Nhà mặt tiền,10.5,66.0,m²,4.0,4.0,3.0,17.0,"Đường 21, Phường 10, Quận 6, TP.HCM",TP.HCM,Quận 6,Sổ hồng,Tây,4.0
520,Nhà mặt tiền,16.0,144.0,m²,2.0,1.0,1.0,18.0,"Đường Cư Xá Phú Lâm B, Phường 13, Quận 6, TP.HCM",TP.HCM,Quận 6,Sổ đỏ,Bắc,8.0
521,Nhà mặt tiền,9.7,72.0,m²,4.0,4.0,3.0,18.0,"Đường Liên Khu 16-18, Phường Bình Trị Đông B, Quận Bình Tân, TP.HCM",TP.HCM,Quận Bình Tân,Sổ hồng,Đông,4.0
522,Nhà mặt tiền,12.0,76.0,m²,6.0,6.0,4.0,19.0,"Đường Song Hành, Phường 10, Quận 6, TP.HCM",TP.HCM,Quận 6,Sổ hồng,Bắc,4.0
523,Nhà mặt tiền,20.7,240.0,m²,1.0,1.0,,20.0,"Đường Võ Văn Kiệt, Phường 10, Quận 6, TP.HCM",TP.HCM,Quận 6,Sổ hồng,,12.0
524,Nhà mặt tiền,13.5,96.0,m²,7.0,7.0,,,"Đường Tên Lửa, Phường Bình Trị Đông B, Quận Bình Tân, TP.HCM",TP.HCM,Quận Bình Tân,Sổ hồng,,
525,Nhà hẻm ngõ,9.55,59.0,m²,4.0,,,15.0,"Đường Ni Sư Huỳnh Liên, Phường 10, Quận Tân Bình, TP.HCM",TP.HCM,Quận Tân Bình,Sổ hồng,,4.0
526,Nhà hẻm ngõ,10.5,54.0,m²,4.0,,,11.0,"Phường 13, Quận Tân Bình, TP.HCM",TP.HCM,Quận Tân Bình,Sổ hồng,,4.9
527,Nhà hẻm ngõ,5.3,76.8,m²,,,,,"Đường Pasteur, Phường 8 (Phường Võ Thị Sáu), Quận 3, TP.HCM",TP.HCM,Quận 3,Sổ đỏ,,
528,Nhà hẻm ngõ,6.9,64.0,m²,4.0,5.0,2.0,16.0,"Đường Bùi Tư Toàn, Phường An Lạc, Quận Bình Tân, TP.HCM",TP.HCM,Quận Bình Tân,Sổ hồng,Đông Nam,4.0
529,Nhà hẻm ngõ,6.9,48.0,m²,3.0,2.0,,8.0,"Đường Trần Đình Xu, Phường Cô Giang, Quận 1, TP.HCM",TP.HCM,Quận 1,Sổ đỏ,Tây Nam,6.0
530,Nhà hẻm ngõ,5.4,40.0,m²,2.0,3.0,2.0,10.0,"Đường Nguyễn Quý Yêm, Phường An Lạc, Quận Bình Tân, TP.HCM",TP.HCM,Quận Bình Tân,Sổ hồng,Nam,4.0
531,Nhà hẻm ngõ,10.0,41.0,m²,7.0,,,,"Đường Huỳnh Mẫn Đạt, Phường 4, Quận 5, TP.HCM",TP.HCM,Quận 5,Sổ hồng,,
532,Nhà hẻm ngõ,7.9,47.7,m²,,,,,"Đường Nguyễn Trãi, Phường 3, Quận 5, TP.HCM",TP.HCM,Quận 5,Sổ hồng,,
533,Nhà hẻm ngõ,6.55,622.0,m²,3.0,3.0,2.0,,"Đường An Dương Vương, Phường An Lạc, Quận Bình Tân, TP.HCM",TP.HCM,Quận Bình Tân,Sổ hồng,,
534,Nhà mặt tiền,1.25,317.0,m²,,,,,"Xã Phạm Văn Cội, Huyện Củ Chi, TP.HCM",TP.HCM,Huyện Củ Chi,Sổ hồng,,
535,Nhà mặt tiền,27.5,442.0,m²,19.0,20.0,4.0,40.0,"Đường An Phú Đông 9, Phường An Phú Đông, Quận 12, TP.HCM",TP.HCM,Quận 12,Sổ hồng,,11.0
536,Nhà hẻm ngõ,3.79,34.0,m²,2.0,2.0,1.0,7.0,"Đường Quang Trung, Phường 10, Quận Gò Vấp, TP.HCM",TP.HCM,Quận Gò Vấp,Sổ hồng,,4.5
537,Nhà hẻm ngõ,1.45,64.0,m²,3.0,2.0,1.0,16.0,"Đường Tạ Quang Bửu, Phường 5, Quận 8, TP.HCM",TP.HCM,Quận 8,Sổ hồng,,4.0
538,Nhà hẻm ngõ,7.28,358.0,m²,6.0,5.0,,14.0,"Đường Mai Xuân Thưởng, Phường 6, Quận 6, TP.HCM",TP.HCM,Quận 6,Sổ hồng,Nam,3.0
539,Nhà mặt tiền,34.5,190.0,m²,,,6.0,26.0,"Đường Nguyễn Văn Vĩnh, Phường 4, Quận Tân Bình, TP.HCM",TP.HCM,Quận Tân Bình,Sổ hồng,,7.4
540,Nhà hẻm ngõ,0.95,70.0,m²,2.0,1.0,,14.0,"Đường Bà Điểm 3, Xã Bà Điểm, Huyện Hóc Môn, TP.HCM",TP.HCM,Huyện Hóc Môn,Sổ hồng,,5.0
541,Nhà mặt tiền,11.3,37.0,m²,,,2.0,,"Đường Phan Đình Phùng, Phường 2, Quận Phú Nhuận, TP.HCM",TP.HCM,Quận Phú Nhuận,Sổ hồng,,
542,Nhà mặt tiền,4.97,64.0,m²,5.0,5.0,4.0,16.0,"Đường Nguyễn Triệu Luật, Phường Tân Tạo, Quận Bình Tân, TP.HCM",TP.HCM,Quận Bình Tân,Sổ đỏ,,4.0
543,Nhà hẻm ngõ,4.25,36.0,m²,2.0,2.0,1.0,9.0,"Đường Huỳnh Văn Nghệ, Phường 15, Quận Tân Bình, TP.HCM",TP.HCM,Quận Tân Bình,Sổ hồng,,4.0
544,Nhà hẻm ngõ,1.3,56.0,m²,3.0,2.0,1.0,16.0,"Đường Phạm thế hiển, Phường 1, Quận 8, TP.HCM",TP.HCM,Quận 8,Sổ hồng,,3.5
545,Nhà mặt tiền,12.6,64.0,m²,,,,,"Đường Cư Xá Phú Lâm D, Phường 10, Quận 6, TP.HCM",TP.HCM,Quận 6,Sổ hồng,,
546,Nhà hẻm ngõ,0.95,57.0,m²,2.0,2.0,,,"Đường Lê Tấn Bê, Phường An Lạc, Quận Bình Tân, TP.HCM",TP.HCM,Quận Bình Tân,Sổ hồng,,
547,Nhà mặt tiền,240.0,205.0,m²,,,,23.0,"Phường Đa Kao, Quận 1, TP.HCM",TP.HCM,Quận 1,Sổ hồng,,9.8
548,Nhà mặt tiền,0.93,108.0,m²,,,,,"Xã Tân Thới Nhì, Huyện Hóc Môn, TP.HCM",TP.HCM,Huyện Hóc Môn,Sổ hồng,,
549,Nhà hẻm ngõ,8.7,50.0,m²,6.0,6.0,5.0,12.5,"Đường Lê Văn Quới, Phường Bình Hưng Hòa A, Quận Bình Tân, TP.HCM",TP.HCM,Quận Bình Tân,Giấy tờ hợp lệ,,4.0
550,Nhà hẻm ngõ,6.88,58.0,m²,6.0,6.0,4.0,10.0,"Đường Phạm Văn Chiêu, Phường 14, Quận Gò Vấp, TP.HCM",TP.HCM,Quận Gò Vấp,Sổ hồng,,5.8
551,Nhà hẻm ngõ,0.86,90.0,m²,2.0,1.0,,18.0,"Đường Giồng Cát, Xã Tân Phú Trung, Huyện Củ Chi, TP.HCM",TP.HCM,Huyện Củ Chi,Sổ hồng,,5.0
552,Nhà mặt tiền,4.2,60.0,m²,3.0,2.0,2.0,15.0,"Đường Thạnh Xuân 13, Phường Thạnh Xuân, Quận 12, TP.HCM",TP.HCM,Quận 12,Sổ hồng,Đông Nam,4.0
553,Nhà hẻm ngõ,7.6,85.0,m²,4.0,5.0,4.0,19.4,"Đường Thạnh Xuân 25, Phường Thạnh Xuân, Quận 12, TP.HCM",TP.HCM,Quận 12,Sổ hồng,Đông,4.4
554,Nhà hẻm ngõ,10.5,65.0,m²,5.0,5.0,3.0,14.0,"505/, Đường Nguyễn Kiệm, Phường 9, Quận Phú Nhuận, TP.HCM",TP.HCM,Quận Phú Nhuận,Sổ hồng,Đông Nam,4.0
555,Nhà hẻm ngõ,6.95,90.0,m²,4.0,3.0,2.0,15.0,"Đường Bình Trị Đông, Phường Bình Trị Đông A, Quận Bình Tân, TP.HCM",TP.HCM,Quận Bình Tân,Sổ hồng,,6.0
556,Nhà mặt tiền,0.98,92.0,m²,2.0,2.0,1.0,18.0,"Đường TL41, Phường Thạnh Lộc, Quận 12, TP.HCM",TP.HCM,Quận 12,Sổ hồng,Tây,5.0
557,Nhà mặt tiền,1.15,300.0,m²,15.0,15.0,,30.0,"Đường Trần Đại Nghĩa, Xã Tân Kiên, Huyện Bình Chánh, TP.HCM",TP.HCM,Huyện Bình Chánh,Sổ hồng,,10.0
558,Nhà hẻm ngõ,42.5,270.0,m²,4.0,4.0,4.0,29.0,"21, Đường Trường Sơn, Phường 4, Quận Tân Bình, TP.HCM",TP.HCM,Quận Tân Bình,Sổ hồng,,10.0
559,Nhà mặt tiền,3.6,100.0,m²,3.0,3.0,3.0,20.0,"Đường Nguyễn Văn Linh, Phường Phú Mỹ, Quận 7, TP.HCM",TP.HCM,Quận 7,Sổ đỏ,Đông,5.0
560,Nhà hẻm ngõ,42.5,270.0,m²,4.0,4.0,4.0,29.0,"21, Đường Trường Sơn, Phường 4, Quận Tân Bình, TP.HCM",TP.HCM,Quận Tân Bình,Sổ hồng,,10.0
561,Nhà mặt tiền,3.6,100.0,m²,3.0,3.0,3.0,20.0,"Đường Nguyễn Văn Linh, Phường Phú Mỹ, Quận 7, TP.HCM",TP.HCM,Quận 7,Sổ đỏ,Đông,5.0
562,Nhà mặt tiền,3.9,100.0,m²,3.0,4.0,,20.0,"Đường Nguyễn Văn Linh, Phường Phú Mỹ, Quận 7, TP.HCM",TP.HCM,Quận 7,Sổ đỏ,Tây,5.0
563,Nhà mặt tiền,22.0,80.0,m²,3.0,,,16.0,"Phường 12, Quận Tân Bình, TP.HCM",TP.HCM,Quận Tân Bình,Sổ hồng,,5.0
564,Nhà mặt tiền,1.05,80.0,m²,3.0,2.0,,16.0,"Đường Nguyễn Hữu Trí, Thị Trấn Tân Túc, Huyện Bình Chánh, TP.HCM",TP.HCM,Huyện Bình Chánh,Sổ hồng,,5.0
565,Nhà mặt tiền,13.6,60.0,m²,9.0,7.0,3.0,12.0,"43, Đường Phan Văn Sửu, Phường 13, Quận Tân Bình, TP.HCM",TP.HCM,Quận Tân Bình,Sổ hồng,,5.0
566,Nhà mặt tiền,78.0,102.0,m²,,,,,"Đường Võ Văn Tần, Phường 5, Quận 3, TP.HCM",TP.HCM,Quận 3,Sổ hồng,,
567,Nhà mặt tiền,49.5,1054.0,m²,9.0,7.0,7.0,17.5,"Đường Hoa Cúc, Phường 7, Quận Phú Nhuận, TP.HCM",TP.HCM,Quận Phú Nhuận,Sổ đỏ,,6.3
568,Nhà hẻm ngõ,5.2,45.0,m²,3.0,,,,"Đường Nguyễn Trãi, Phường Nguyễn Cư Trinh, Quận 1, TP.HCM",TP.HCM,Quận 1,Sổ hồng,,
569,Nhà hẻm ngõ,5.4,76.0,m²,,,,,"Đường Cộng Hòa, Phường 15, Quận Tân Bình, TP.HCM",TP.HCM,Quận Tân Bình,Sổ hồng,,
570,Nhà hẻm ngõ,5.45,40.0,m²,2.0,,,8.0,"Phường 12, Quận Tân Bình, TP.HCM",TP.HCM,Quận Tân Bình,Sổ hồng,,5.0
571,Nhà mặt tiền,21.5,64.0,m²,6.0,5.0,3.0,16.0,"Đường Hoa Sữa, Phường 2, Quận Phú Nhuận, TP.HCM",TP.HCM,Quận Phú Nhuận,Sổ đỏ,,4.0
572,Nhà mặt tiền,37.0,64.0,m²,8.0,6.0,5.0,16.0,"Đường Phan Xích Long, Phường 2, Quận Phú Nhuận, TP.HCM",TP.HCM,Quận Phú Nhuận,Sổ đỏ,,4.0
573,Nhà hẻm ngõ,10.5,74.0,m²,4.0,3.0,3.0,18.5,"76/55/5, Đường Lê Văn Phan, Phường Phú Thọ Hòa, Quận Tân Phú, TP.HCM",TP.HCM,Quận Tân Phú,Sổ hồng,,4.0
574,"Nhà hẻm, ngõ",6.7,63.0,m²,3.0,,,,"Đường Trần Mai Ninh, Phường 11, Quận Tân Bình, TP.HCM",TP.HCM,Quận Tân Bình,Sổ hồng,,
575,Nhà hẻm ngõ,17.89,80.0,m²,6.0,,,16.0,"Đường Nguyễn Trãi, Phường Nguyễn Cư Trinh, Quận 1, TP.HCM",TP.HCM,Quận 1,Sổ hồng,,5.0
576,Nhà hẻm ngõ,7.5,500.0,m²,21.0,21.0,,71.0,"Đường Tỉnh Lộ 8, Xã Tân Thạnh Đông, Huyện Củ Chi, TP.HCM",TP.HCM,Huyện Củ Chi,Sổ hồng,,7.0
577,Nhà hẻm ngõ,3.25,200.0,m²,1.0,1.0,,20.0,"Đường Long Thuận, Phường Long Phước, TP. Thủ Đức - Quận 9, TP.HCM",TP.HCM,TP. Thủ Đức - Quận 9,Sổ hồng,,10.0
578,Nhà mặt tiền,11.75,338.0,m²,4.0,4.0,,26.0,"Đường Nguyễn Thị Ngâu, Xã Thới Tam Thôn, Huyện Hóc Môn, TP.HCM",TP.HCM,Huyện Hóc Môn,Sổ hồng,,13.0
579,Nhà mặt tiền,14.5,122.0,m²,4.0,3.0,2.0,16.0,"Đường Nguyễn Thị Kiểu, Phường Tân Chánh Hiệp, Quận 12, TP.HCM",TP.HCM,Quận 12,Sổ hồng,,8.0
580,Nhà hẻm ngõ,11.0,60.4,m²,3.0,3.0,3.0,17.3,"136/10/6, Đường Vạn Kiếp, Phường 3, Quận Bình Thạnh, TP.HCM",TP.HCM,Quận Bình Thạnh,Sổ đỏ,Tây,3.5
581,Nhà mặt tiền,24.0,80.0,m²,4.0,5.0,,20.0,"Đường Hồ văn huê, Phường 9, Quận Phú Nhuận, TP.HCM",TP.HCM,Quận Phú Nhuận,Sổ hồng,,4.1
582,Nhà mặt tiền,100.0,263.0,m²,,,5.0,36.2,"629 - 629BIS, Đường Trần Hưng Đạo, Phường 1, Quận 5, TP.HCM",TP.HCM,Quận 5,Sổ hồng,Đông Bắc,5.6
583,Nhà hẻm ngõ,5.68,26.0,m²,2.0,2.0,2.0,10.0,"Phường 2, Quận Phú Nhuận, TP.HCM",TP.HCM,Quận Phú Nhuận,Giấy tờ hợp lệ,,3.0
584,Nhà mặt tiền,85.0,948.0,m²,,,10.0,21.3,"164, Đường Nguyễn Công Trứ, Phường Nguyễn Thái Bình, Quận 1, TP.HCM",TP.HCM,Quận 1,Sổ hồng,Đông Nam,4.5
585,Nhà mặt tiền,130.0,1325.0,m²,,,6.0,18.0,"118 - 120, Đường Calmette, Phường Nguyễn Thái Bình, Quận 1, TP.HCM",TP.HCM,Quận 1,Sổ hồng,Tây Nam,7.4
586,Nhà mặt tiền,10.0,70.0,m²,2.0,2.0,2.0,20.0,"Phường Bình Thuận, Quận 7, TP.HCM",TP.HCM,Quận 7,Sổ hồng,,4.0
587,Nhà hẻm ngõ,11.4,86.0,m²,7.0,7.0,4.0,19.5,"45, Đường Trần Thái Tông, Phường 15, Quận Tân Bình, TP.HCM",TP.HCM,Quận Tân Bình,Sổ hồng,,4.6
588,Nhà mặt tiền,17.4,112.0,m²,8.0,7.0,4.0,26.0,"Đường Nguyễn Trọng Lội, Phường 4, Quận Tân Bình, TP.HCM",TP.HCM,Quận Tân Bình,Sổ hồng,,4.5
589,Nhà mặt tiền,25.5,120.0,m²,4.0,4.0,2.0,21.0,"Đường Thân Nhân Trung, Phường 13, Quận Tân Bình, TP.HCM",TP.HCM,Quận Tân Bình,Sổ hồng,,6.0
590,Nhà mặt tiền,3.0,128.0,m²,2.0,1.0,1.0,21.0,"Thị Trấn Củ Chi, Huyện Củ Chi, TP.HCM",TP.HCM,Huyện Củ Chi,Giấy tờ hợp lệ,,6.0
591,Nhà mặt tiền,40.0,195.0,m²,,,,16.0,"Đường đặng tiến đông, Phường An Phú, TP. Thủ Đức - Quận 2, TP.HCM",TP.HCM,TP. Thủ Đức - Quận 2,Sổ đỏ,Tây,12.0
592,Nhà hẻm ngõ,2.68,16.0,m²,1.0,2.0,2.0,5.0,"Đường Quang Trung, Phường 10, Quận Gò Vấp, TP.HCM",TP.HCM,Quận Gò Vấp,Sổ hồng,,4.0
593,Nhà hẻm ngõ,52.0,162.0,m²,15.0,16.0,7.0,21.0,"21/8, Đường Lý Chính Thắng, Phường 8 (Phường Võ Thị Sáu), Quận 3, TP.HCM",TP.HCM,Quận 3,Sổ hồng,,8.0
594,Nhà hẻm ngõ,8.5,84.0,m²,4.0,3.0,,19.0,"Đường Vũ Tùng, Phường 2, Quận Bình Thạnh, TP.HCM",TP.HCM,Quận Bình Thạnh,Sổ hồng,Tây Bắc,4.3
595,Nhà mặt tiền,1.56,55.0,m²,1.0,1.0,1.0,11.0,"Xã Tân Xuân, Huyện Hóc Môn, TP.HCM",TP.HCM,Huyện Hóc Môn,Hợp đồng mua bán,,5.0
596,Nhà hẻm ngõ,2.85,26.0,m²,2.0,2.0,2.0,9.0,"Phường 8, Quận Gò Vấp, TP.HCM",TP.HCM,Quận Gò Vấp,Giấy tờ hợp lệ,Tây Nam,3.0
597,Nhà hẻm ngõ,4.59,45.0,m²,1.0,1.0,1.0,12.0,"Phường Tân Thới Nhất, Quận 12, TP.HCM",TP.HCM,Quận 12,Giấy tờ hợp lệ,,3.9
598,Nhà mặt tiền,21.0,110.0,m²,4.0,4.0,3.0,22.0,"Phường Tân Thuận Đông, Quận 7, TP.HCM",TP.HCM,Quận 7,Giấy tờ hợp lệ,,5.0
599,Nhà mặt tiền,4.85,48.0,m²,3.0,3.0,3.0,12.0,"Phường Tân Sơn Nhì, Quận Tân Phú, TP.HCM",TP.HCM,Quận Tân Phú,Giấy tờ hợp lệ,,4.0
600,Nhà mặt tiền,6.4,117.4,m²,2.0,,,25.0,"Phường Linh Xuân, TP. Thủ Đức - Quận Thủ Đức, TP.HCM",TP.HCM,TP. Thủ Đức - Quận Thủ Đức,Giấy tờ hợp lệ,,5.0
601,Nhà mặt tiền,5.5,51.8,m²,3.0,3.0,,12.0,"Phường Linh Xuân, TP. Thủ Đức - Quận Thủ Đức, TP.HCM",TP.HCM,TP. Thủ Đức - Quận Thủ Đức,Giấy tờ hợp lệ,,4.6
602,Nhà hẻm ngõ,4.4,82.0,m²,3.0,2.0,1.0,19.0,"Phường Hiệp Thành, Quận 12, TP.HCM",TP.HCM,Quận 12,Giấy tờ hợp lệ,,4.3
603,Nhà hẻm ngõ,4.4,83.0,m²,2.0,2.0,1.0,19.0,"Phường Hiệp Thành, Quận 12, TP.HCM",TP.HCM,Quận 12,Giấy tờ hợp lệ,,4.3
604,Nhà hẻm ngõ,4.5,44.0,m²,2.0,2.0,2.0,11.0,"Phường Phú Thạnh, Quận Tân Phú, TP.HCM",TP.HCM,Quận Tân Phú,Giấy tờ hợp lệ,,4.0
605,Nhà hẻm ngõ,4.65,81.0,m²,4.0,3.0,2.0,9.0,"Phường Bình Hưng Hòa, Quận Bình Tân, TP.HCM",TP.HCM,Quận Bình Tân,Giấy tờ hợp lệ,,9.0
606,Nhà hẻm ngõ,7.9,61.9,m²,4.0,2.0,,11.5,"Phường Tân Thuận Đông, Quận 7, TP.HCM",TP.HCM,Quận 7,Giấy tờ hợp lệ,Nam,5.4
607,Nhà hẻm ngõ,3.0,18.0,m²,1.0,1.0,,,"Phường 4, Quận Tân Bình, TP.HCM",TP.HCM,Quận Tân Bình,Giấy tờ hợp lệ,,
608,Nhà hẻm ngõ,4.35,110.0,m²,4.0,2.0,2.0,22.0,"Xã Thới Tam Thôn, Huyện Hóc Môn, TP.HCM",TP.HCM,Huyện Hóc Môn,Giấy tờ hợp lệ,,5.0
609,Nhà hẻm ngõ,0.7,20.0,m²,2.0,2.0,2.0,5.0,"Xã Bình Hưng, Huyện Bình Chánh, TP.HCM",TP.HCM,Huyện Bình Chánh,Giấy tờ hợp lệ,Đông,4.0
610,Nhà hẻm ngõ,0.755,20.0,m²,2.0,3.0,2.0,5.0,"Xã Bình Hưng, Huyện Bình Chánh, TP.HCM",TP.HCM,Huyện Bình Chánh,Giấy tờ hợp lệ,Đông,4.0
611,Nhà hẻm ngõ,0.79999,10.0,m²,3.0,3.0,2.0,5.0,"Xã Bình Hưng, Huyện Bình Chánh, TP.HCM",TP.HCM,Huyện Bình Chánh,Giấy tờ hợp lệ,Đông,2.0
612,Nhà hẻm ngõ,5.6,130.0,m²,4.0,4.0,2.0,17.0,"Phường Tân Tạo A, Quận Bình Tân, TP.HCM",TP.HCM,Quận Bình Tân,Giấy tờ hợp lệ,,7.2
613,Nhà mặt tiền,8.69,52.0,m²,4.0,4.0,4.0,13.0,"Phường 16, Quận Gò Vấp, TP.HCM",TP.HCM,Quận Gò Vấp,Giấy tờ hợp lệ,,4.0
614,Nhà hẻm ngõ,3.9,39.0,m²,2.0,2.0,1.0,10.0,"Xã Bà Điểm, Huyện Hóc Môn, TP.HCM",TP.HCM,Huyện Hóc Môn,Giấy tờ hợp lệ,Đông,4.0
615,Nhà mặt tiền,3.9,42.0,m²,3.0,3.0,3.0,10.0,"Phường Trường Thọ, TP. Thủ Đức - Quận Thủ Đức, TP.HCM",TP.HCM,TP. Thủ Đức - Quận Thủ Đức,Giấy tờ hợp lệ,,4.0
616,Nhà hẻm ngõ,6.2,48.0,m²,3.0,3.0,3.0,10.0,"Phường 9, Quận Gò Vấp, TP.HCM",TP.HCM,Quận Gò Vấp,Giấy tờ hợp lệ,,5.0
617,Nhà hẻm ngõ,6.75,70.0,m²,4.0,3.0,3.0,18.0,"Phường 8, Quận Gò Vấp, TP.HCM",TP.HCM,Quận Gò Vấp,Giấy tờ hợp lệ,,4.0
618,Nhà hẻm ngõ,6.6,52.0,m²,4.0,4.0,4.0,14.0,"Phường 9, Quận Gò Vấp, TP.HCM",TP.HCM,Quận Gò Vấp,Giấy tờ hợp lệ,,4.0
619,Nhà hẻm ngõ,2.95,24.0,m²,2.0,2.0,3.0,6.0,"Phường 14, Quận 6, TP.HCM",TP.HCM,Quận 6,Giấy tờ hợp lệ,,4.0
620,Nhà hẻm ngõ,0.95,25.0,m²,2.0,,,5.0,"Xã Bà Điểm, Huyện Hóc Môn, TP.HCM",TP.HCM,Huyện Hóc Môn,Giấy tờ hợp lệ,,5.0
621,Nhà hẻm ngõ,14.0,55.0,m²,3.0,,,25.0,"Thị Trấn Nhà Bè, Huyện Nhà Bè, TP.HCM",TP.HCM,Huyện Nhà Bè,Giấy tờ hợp lệ,Đông,10.0
622,Nhà mặt tiền,20.0,100.0,m²,4.0,,,12.0,"Xã Long Hòa, Huyện Cần Giờ, TP.HCM",TP.HCM,Huyện Cần Giờ,Đang chờ sổ,,8.0
623,Nhà hẻm ngõ,5.5,42.0,m²,2.0,2.0,1.0,10.0,"Phường 7, Quận 8, TP.HCM",TP.HCM,Quận 8,Giấy tờ hợp lệ,Tây,4.0
624,Nhà hẻm ngõ,3.99,56.0,m²,1.0,1.0,1.0,,"Phường 7, Quận 8, TP.HCM",TP.HCM,Quận 8,Hợp đồng mua bán,Tây,
625,Nhà hẻm ngõ,8.0,62.0,m²,11.0,7.0,6.0,17.0,"Phường 10, Quận 10, TP.HCM",TP.HCM,Quận 10,Giấy tờ hợp lệ,Tây Bắc,3.5
626,Nhà hẻm ngõ,5.99,38.0,m²,4.0,4.0,4.0,8.5,"Phường 9, Quận 10, TP.HCM",TP.HCM,Quận 10,Giấy tờ hợp lệ,Đông Nam,4.5
627,Nhà hẻm ngõ,4.18,48.0,m²,3.0,2.0,,12.0,"Phường Tân Chánh Hiệp, Quận 12, TP.HCM",TP.HCM,Quận 12,Giấy tờ hợp lệ,,4.0
628,Nhà mặt tiền,5.3,26.0,m²,3.0,3.0,4.0,7.5,"Phường 15, Quận 10, TP.HCM",TP.HCM,Quận 10,Giấy tờ hợp lệ,Tây Nam,3.5
629,Nhà hẻm ngõ,2.25,16.8,m²,1.0,1.0,2.0,5.3,"Phường 9, Quận 4, TP.HCM",TP.HCM,Quận 4,Giấy tờ hợp lệ,,3.8
630,Nhà hẻm ngõ,4.79,46.7,m²,3.0,2.0,2.0,13.2,"Phường 13, Quận 4, TP.HCM",TP.HCM,Quận 4,Giấy tờ hợp lệ,,3.4
631,Nhà mặt tiền,10.2,63.0,m²,4.0,4.0,3.0,14.0,"Phường Trường Thọ, TP. Thủ Đức - Quận Thủ Đức, TP.HCM",TP.HCM,TP. Thủ Đức - Quận Thủ Đức,Giấy tờ hợp lệ,,4.7
632,Nhà hẻm ngõ,6.8,55.0,m²,3.0,4.0,4.0,12.0,"Phường Hiệp Bình Phước, TP. Thủ Đức - Quận Thủ Đức, TP.HCM",TP.HCM,TP. Thủ Đức - Quận Thủ Đức,Giấy tờ hợp lệ,,4.5
633,Nhà hẻm ngõ,6.29,42.0,m²,3.0,3.0,3.0,9.5,"Phường 14, Quận Tân Bình, TP.HCM",TP.HCM,Quận Tân Bình,Giấy tờ hợp lệ,,4.4
634,Nhà hẻm ngõ,6.9,120.0,m²,3.0,4.0,2.0,24.0,"Phường Linh Xuân, TP. Thủ Đức - Quận Thủ Đức, TP.HCM",TP.HCM,TP. Thủ Đức - Quận Thủ Đức,Giấy tờ hợp lệ,,5.0
635,Nhà hẻm ngõ,7.5,50.0,m²,4.0,4.0,,12.1,"Phường 9, Quận Gò Vấp, TP.HCM",TP.HCM,Quận Gò Vấp,Giấy tờ hợp lệ,,4.1
636,Nhà hẻm ngõ,2.78,46.0,m²,2.0,2.0,2.0,11.0,"Phường Linh Xuân, TP. Thủ Đức - Quận Thủ Đức, TP.HCM",TP.HCM,TP. Thủ Đức - Quận Thủ Đức,Giấy tờ hợp lệ,,4.2
637,Nhà hẻm ngõ,3.1,32.0,m²,2.0,2.0,2.0,16.0,"Phường 5, Quận 8, TP.HCM",TP.HCM,Quận 8,Giấy tờ hợp lệ,,2.0
638,Nhà hẻm ngõ,8.8,60.0,m²,3.0,4.0,4.0,15.0,"Phường Tân Kiểng, Quận 7, TP.HCM",TP.HCM,Quận 7,Giấy tờ hợp lệ,,4.0
639,Nhà mặt tiền,5.8,36.0,m²,4.0,4.0,4.0,6.0,"Phường 5, Quận Bình Thạnh, TP.HCM",TP.HCM,Quận Bình Thạnh,Giấy tờ hợp lệ,,6.0
640,Nhà hẻm ngõ,4.0,40.0,m²,2.0,2.0,2.0,12.0,"Phường 12, Quận Gò Vấp, TP.HCM",TP.HCM,Quận Gò Vấp,Giấy tờ hợp lệ,Tây Nam,5.0
641,Nhà hẻm ngõ,12.5,250.0,m²,11.0,,,,"Phường Hiệp Bình Chánh, TP. Thủ Đức - Quận Thủ Đức, TP.HCM",TP.HCM,TP. Thủ Đức - Quận Thủ Đức,Giấy tờ hợp lệ,,
642,Nhà mặt tiền,7.3,67.0,m²,3.0,3.0,3.0,14.8,"Phường Tam Bình, TP. Thủ Đức - Quận Thủ Đức, TP.HCM",TP.HCM,TP. Thủ Đức - Quận Thủ Đức,Giấy tờ hợp lệ,,5.2
643,Nhà mặt tiền,7.6,91.0,m²,3.0,2.0,2.0,23.0,"Phường An Lạc, Quận Bình Tân, TP.HCM",TP.HCM,Quận Bình Tân,Giấy tờ hợp lệ,,4.0
644,Nhà mặt tiền,5.1,76.0,m²,3.0,2.0,1.0,19.0,"Xã Xuân Thới Thượng, Huyện Hóc Môn, TP.HCM",TP.HCM,Huyện Hóc Môn,Giấy tờ hợp lệ,,4.0
645,Nhà mặt tiền,6.35,30.0,m²,7.0,7.0,5.0,10.0,"Phường 1, Quận Bình Thạnh, TP.HCM",TP.HCM,Quận Bình Thạnh,Giấy tờ hợp lệ,,3.0
646,Nhà hẻm ngõ,5.5,74.0,m²,4.0,,,,"Phường Trường Thọ, TP. Thủ Đức - Quận Thủ Đức, TP.HCM",TP.HCM,TP. Thủ Đức - Quận Thủ Đức,Giấy tờ hợp lệ,,
647,Nhà hẻm ngõ,4.0,50.0,m²,3.0,2.0,3.0,12.0,"Phường Bình Trị Đông A, Quận Bình Tân, TP.HCM",TP.HCM,Quận Bình Tân,Giấy tờ hợp lệ,,4.0
648,Nhà hẻm ngõ,6.8,105.0,m²,4.0,3.0,3.0,25.0,"Phường Tân Hưng Thuận, Quận 12, TP.HCM",TP.HCM,Quận 12,Giấy tờ hợp lệ,,4.2
649,Nhà mặt tiền,32.8,183.0,m²,8.0,6.0,3.0,22.0,"Phường 2, Quận Tân Bình, TP.HCM",TP.HCM,Quận Tân Bình,Giấy tờ hợp lệ,,8.2
650,Nhà hẻm ngõ,2.6,20.0,m²,2.0,2.0,2.0,4.0,"Phường Tân Sơn Nhì, Quận Tân Phú, TP.HCM",TP.HCM,Quận Tân Phú,Giấy tờ hợp lệ,,4.5
651,Nhà hẻm ngõ,5.7,49.5,m²,2.0,2.0,2.0,11.0,"Phường Hiệp Bình Chánh, TP. Thủ Đức - Quận Thủ Đức, TP.HCM",TP.HCM,TP. Thủ Đức - Quận Thủ Đức,Giấy tờ hợp lệ,Bắc,4.5
652,Nhà hẻm ngõ,4.3,90.0,m²,2.0,2.0,1.0,20.0,"Phường Tam Bình, TP. Thủ Đức - Quận Thủ Đức, TP.HCM",TP.HCM,TP. Thủ Đức - Quận Thủ Đức,Giấy tờ hợp lệ,,4.0
653,Nhà hẻm ngõ,6.38,64.0,m²,4.0,5.0,,8.0,"Thị Trấn Nhà Bè, Huyện Nhà Bè, TP.HCM",TP.HCM,Huyện Nhà Bè,Giấy tờ hợp lệ,,8.0
654,Nhà hẻm ngõ,4.69,256.0,m²,11.0,7.0,1.0,32.0,"Xã Lê Minh Xuân, Huyện Bình Chánh, TP.HCM",TP.HCM,Huyện Bình Chánh,Giấy tờ hợp lệ,,8.0
655,Nhà hẻm ngõ,5.5,55.0,m²,4.0,4.0,4.0,10.0,"Phường Bình Hưng Hòa B, Quận Bình Tân, TP.HCM",TP.HCM,Quận Bình Tân,Giấy tờ hợp lệ,,5.5
656,Nhà hẻm ngõ,4.2,30.0,m²,2.0,2.0,2.0,9.0,"Phường 15, Quận Tân Bình, TP.HCM",TP.HCM,Quận Tân Bình,Giấy tờ hợp lệ,,3.0
657,Nhà hẻm ngõ,9.0,54.0,m²,6.0,6.0,3.0,13.0,"Phường 12, Quận Tân Bình, TP.HCM",TP.HCM,Quận Tân Bình,Giấy tờ hợp lệ,,4.4
658,Nhà hẻm ngõ,3.9,32.0,m²,2.0,2.0,3.0,9.0,"Phường Bình Trị Đông A, Quận Bình Tân, TP.HCM",TP.HCM,Quận Bình Tân,Giấy tờ hợp lệ,,3.5
659,Nhà mặt tiền,239.5,205.0,m²,11.0,,,22.0,"Phường Đa Kao, Quận 1, TP.HCM",TP.HCM,Quận 1,Giấy tờ hợp lệ,,9.8
660,Nhà hẻm ngõ,14.15,175.0,m²,8.0,7.0,,19.0,"Phường Bình Trị Đông, Quận Bình Tân, TP.HCM",TP.HCM,Quận Bình Tân,Giấy tờ hợp lệ,Đông,9.0
661,Nhà hẻm ngõ,2.0,25.0,m²,2.0,,2.0,,"Phường Phú Thạnh, Quận Tân Phú, TP.HCM",TP.HCM,Quận Tân Phú,Giấy tờ hợp lệ,,
662,Nhà hẻm ngõ,4.59,62.5,m²,4.0,5.0,3.0,12.5,"Phường 6, Quận Gò Vấp, TP.HCM",TP.HCM,Quận Gò Vấp,Giấy tờ hợp lệ,,5.0
663,Nhà hẻm ngõ,6.5,50.0,m²,3.0,3.0,4.0,10.0,"Phường 16, Quận Gò Vấp, TP.HCM",TP.HCM,Quận Gò Vấp,Giấy tờ hợp lệ,,5.0
664,Nhà hẻm ngõ,2.95,78.0,m²,5.0,5.0,1.0,16.0,"Phường Tân Thới Nhất, Quận 12, TP.HCM",TP.HCM,Quận 12,Giấy tờ hợp lệ,,5.0
665,Nhà hẻm ngõ,3.85,32.0,m²,2.0,2.0,2.0,8.0,"Phường Bình Trị Đông, Quận Bình Tân, TP.HCM",TP.HCM,Quận Bình Tân,Giấy tờ hợp lệ,,4.0
666,Nhà hẻm ngõ,5.95,48.0,m²,4.0,3.0,3.0,12.0,"Phường Bình Trị Đông, Quận Bình Tân, TP.HCM",TP.HCM,Quận Bình Tân,Giấy tờ hợp lệ,,4.0
667,Nhà hẻm ngõ,2.95,26.0,m²,2.0,2.0,,8.0,"Phường Bình Trị Đông A, Quận Bình Tân, TP.HCM",TP.HCM,Quận Bình Tân,Giấy tờ hợp lệ,,3.4
668,Nhà mặt tiền,3.9,52.0,m²,2.0,2.0,,13.0,"Phường Thạnh Xuân, Quận 12, TP.HCM",TP.HCM,Quận 12,Giấy tờ hợp lệ,Đông Nam,4.0
669,Nhà mặt tiền,7.5,63.1,m²,6.0,5.0,4.0,14.2,"Phường Thới An, Quận 12, TP.HCM",TP.HCM,Quận 12,Giấy tờ hợp lệ,,4.5
670,Nhà hẻm ngõ,7.2,55.0,m²,4.0,5.0,,,"Phường Trường Thọ, TP. Thủ Đức - Quận Thủ Đức, TP.HCM",TP.HCM,TP. Thủ Đức - Quận Thủ Đức,Giấy tờ hợp lệ,Đông Bắc,
671,Nhà hẻm ngõ,1.49,24.0,m²,3.0,2.0,,8.0,"Phường Thạnh Xuân, Quận 12, TP.HCM",TP.HCM,Quận 12,Hợp đồng mua bán,,3.0
672,Nhà mặt tiền,6.5,72.0,m²,4.0,3.0,3.0,18.0,"Phường Thạnh Lộc, Quận 12, TP.HCM",TP.HCM,Quận 12,Giấy tờ hợp lệ,,4.0
673,Nhà mặt tiền,7.0,40.0,m²,2.0,2.0,2.0,13.0,"Phường 3, Quận Bình Thạnh, TP.HCM",TP.HCM,Quận Bình Thạnh,Giấy tờ hợp lệ,,3.0
674,Nhà hẻm ngõ,0.75,60.0,m²,2.0,1.0,1.0,,"Xã Tân Xuân, Huyện Hóc Môn, TP.HCM",TP.HCM,Huyện Hóc Môn,Giấy tờ hợp lệ,,
675,Nhà hẻm ngõ,0.9,40.0,m²,2.0,1.0,1.0,8.0,"Xã Tân Xuân, Huyện Hóc Môn, TP.HCM",TP.HCM,Huyện Hóc Môn,Giấy tờ hợp lệ,,5.0
676,Nhà hẻm ngõ,0.73,20.0,m²,2.0,2.0,1.0,5.0,"Xã Tân Xuân, Huyện Hóc Môn, TP.HCM",TP.HCM,Huyện Hóc Môn,Giấy tờ hợp lệ,Nam,4.0
677,Nhà hẻm ngõ,6.0,72.0,m²,3.0,4.0,2.0,18.0,"Phường Bình Hưng Hòa, Quận Bình Tân, TP.HCM",TP.HCM,Quận Bình Tân,Giấy tờ hợp lệ,,4.0
678,Nhà hẻm ngõ,0.89,20.0,m²,2.0,1.0,1.0,,"Xã Bà Điểm, Huyện Hóc Môn, TP.HCM",TP.HCM,Huyện Hóc Môn,Giấy tờ hợp lệ,,
679,Nhà mặt tiền,6.8,165.0,m²,7.0,7.0,1.0,31.0,"Phường Linh Xuân, TP. Thủ Đức - Quận Thủ Đức, TP.HCM",TP.HCM,TP. Thủ Đức - Quận Thủ Đức,Giấy tờ hợp lệ,,5.3
680,Nhà hẻm ngõ,3.0,28.0,m²,3.0,4.0,,7.0,"Phường Bình Hưng Hòa A, Quận Bình Tân, TP.HCM",TP.HCM,Quận Bình Tân,Giấy tờ hợp lệ,,4.0
681,Nhà hẻm ngõ,6.2,50.0,m²,1.0,1.0,1.0,10.0,"Phường Tân Quy, Quận 7, TP.HCM",TP.HCM,Quận 7,Giấy tờ hợp lệ,Tây,5.0
682,Nhà hẻm ngõ,5.1,51.0,m²,3.0,3.0,2.0,12.7,"Phường Bình Trị Đông, Quận Bình Tân, TP.HCM",TP.HCM,Quận Bình Tân,Giấy tờ hợp lệ,Bắc,4.0
683,Nhà mặt tiền,9.3,124.0,m²,4.0,5.0,2.0,15.5,"Phường Bình Hưng Hòa B, Quận Bình Tân, TP.HCM",TP.HCM,Quận Bình Tân,Giấy tờ hợp lệ,Tây,8.0
684,Nhà hẻm ngõ,14.5,97.7,m²,5.0,6.0,6.0,25.0,"Phường Tân Thuận Đông, Quận 7, TP.HCM",TP.HCM,Quận 7,Giấy tờ hợp lệ,Tây,4.0
685,Nhà mặt tiền,8.25,50.0,m²,4.0,4.0,3.0,12.5,"Phường Bình Trị Đông B, Quận Bình Tân, TP.HCM",TP.HCM,Quận Bình Tân,Giấy tờ hợp lệ,Đông,4.0
686,Nhà mặt tiền,15.89,66.9,m²,5.0,6.0,4.0,16.5,"Phường Bình Thuận, Quận 7, TP.HCM",TP.HCM,Quận 7,Giấy tờ hợp lệ,Nam,4.0
687,Nhà hẻm ngõ,6.5,50.0,m²,3.0,3.0,3.0,14.0,"Phường Tân Quy, Quận 7, TP.HCM",TP.HCM,Quận 7,Giấy tờ hợp lệ,,4.0
688,Nhà hẻm ngõ,18.0,108.0,m²,11.0,7.0,6.0,18.0,"Phường 19, Quận Bình Thạnh, TP.HCM",TP.HCM,Quận Bình Thạnh,Giấy tờ hợp lệ,,6.0
689,Nhà hẻm ngõ,5.7,68.0,m²,3.0,2.0,2.0,13.8,"Phường Tam Bình, TP. Thủ Đức - Quận Thủ Đức, TP.HCM",TP.HCM,TP. Thủ Đức - Quận Thủ Đức,Giấy tờ hợp lệ,,5.0
690,Nhà hẻm ngõ,5.5,54.0,m²,2.0,2.0,2.0,13.0,"Phường 2, Quận 8, TP.HCM",TP.HCM,Quận 8,Giấy tờ hợp lệ,,4.2
691,Nhà hẻm ngõ,7.2,100.0,m²,2.0,2.0,2.0,25.0,"Phường 1, Quận 8, TP.HCM",TP.HCM,Quận 8,Giấy tờ hợp lệ,,4.0
692,Nhà mặt tiền,11.7,92.0,m²,4.0,4.0,,23.0,"Phường An Lạc A, Quận Bình Tân, TP.HCM",TP.HCM,Quận Bình Tân,Giấy tờ hợp lệ,,4.0
693,Nhà hẻm ngõ,15.2,422.0,m²,1.0,1.0,1.0,27.0,"Phường Bình Hưng Hòa B, Quận Bình Tân, TP.HCM",TP.HCM,Quận Bình Tân,Giấy tờ hợp lệ,Bắc,15.5
694,Nhà mặt tiền,0.95,100.0,m²,3.0,2.0,,18.0,"Xã An Phú Tây, Huyện Bình Chánh, TP.HCM",TP.HCM,Huyện Bình Chánh,Giấy tờ hợp lệ,,15.0
695,Nhà hẻm ngõ,8.25,46.5,m²,3.0,3.0,3.0,12.0,"Phường 12, Quận Gò Vấp, TP.HCM",TP.HCM,Quận Gò Vấp,Giấy tờ hợp lệ,Tây,4.0
696,Nhà hẻm ngõ,3.0,42.6,m²,2.0,2.0,,,"Xã Thới Tam Thôn, Huyện Hóc Môn, TP.HCM",TP.HCM,Huyện Hóc Môn,Giấy tờ hợp lệ,,
697,Nhà mặt tiền,2.98,36.0,m²,3.0,3.0,2.0,9.0,"Phường Phú Thạnh, Quận Tân Phú, TP.HCM",TP.HCM,Quận Tân Phú,Giấy tờ hợp lệ,,4.0
698,Nhà mặt tiền,7.0,168.0,m²,2.0,2.0,,28.0,"Phường Tân Chánh Hiệp, Quận 12, TP.HCM",TP.HCM,Quận 12,Giấy tờ hợp lệ,,6.0
699,Nhà hẻm ngõ,9.6,110.0,m²,11.0,7.0,,22.0,"Phường An Phú Đông, Quận 12, TP.HCM",TP.HCM,Quận 12,Giấy tờ hợp lệ,,4.0
700,Nhà hẻm ngõ,8.6,52.0,m²,3.0,4.0,4.0,13.0,"Phường Tân Quý, Quận Tân Phú, TP.HCM",TP.HCM,Quận Tân Phú,Giấy tờ hợp lệ,,4.0
701,Nhà hẻm ngõ,2.35,49.0,m²,3.0,3.0,3.0,7.0,"Phường Bình Hưng Hòa B, Quận Bình Tân, TP.HCM",TP.HCM,Quận Bình Tân,Giấy tờ hợp lệ,Bắc,6.0
702,Nhà hẻm ngõ,6.4,47.0,m²,4.0,5.0,4.0,12.0,"Phường Phú Thạnh, Quận Tân Phú, TP.HCM",TP.HCM,Quận Tân Phú,Giấy tờ hợp lệ,,4.0
703,Nhà hẻm ngõ,3.55,21.5,m²,2.0,2.0,2.0,5.3,"Phường 10, Quận Gò Vấp, TP.HCM",TP.HCM,Quận Gò Vấp,Giấy tờ hợp lệ,Nam,4.1
704,Nhà hẻm ngõ,6.2,59.5,m²,3.0,3.0,2.0,15.5,"Phường Tân Thới Hòa, Quận Tân Phú, TP.HCM",TP.HCM,Quận Tân Phú,Giấy tờ hợp lệ,Tây,3.9
705,Nhà mặt tiền,7.19,53.3,m²,4.0,,4.0,13.0,"Phường Phú Thọ Hòa, Quận Tân Phú, TP.HCM",TP.HCM,Quận Tân Phú,Giấy tờ hợp lệ,,4.1
706,Nhà mặt tiền,8.5,70.0,m²,1.0,1.0,1.0,12.0,"Phường 10, Quận Tân Bình, TP.HCM",TP.HCM,Quận Tân Bình,Giấy tờ hợp lệ,,6.0
707,Nhà hẻm ngõ,5.4,70.0,m²,3.0,3.0,2.0,13.0,"Phường Hòa Thạnh, Quận Tân Phú, TP.HCM",TP.HCM,Quận Tân Phú,Giấy tờ hợp lệ,Đông,5.8
708,Nhà hẻm ngõ,6.35,52.0,m²,3.0,4.0,2.0,18.0,"Phường Bình Hưng Hòa, Quận Bình Tân, TP.HCM",TP.HCM,Quận Bình Tân,Giấy tờ hợp lệ,,4.0
709,Nhà hẻm ngõ,11.0,131.0,m²,6.0,7.0,3.0,27.0,"Phường Bình Trị Đông, Quận Bình Tân, TP.HCM",TP.HCM,Quận Bình Tân,Giấy tờ hợp lệ,Đông,6.5
710,Nhà mặt tiền,13.9,54.0,m²,3.0,2.0,2.0,9.0,"Phường Tây Thạnh, Quận Tân Phú, TP.HCM",TP.HCM,Quận Tân Phú,Giấy tờ hợp lệ,Nam,6.0
711,Nhà hẻm ngõ,5.43,60.0,m²,4.0,,,15.0,"Phường 9, Quận Gò Vấp, TP.HCM",TP.HCM,Quận Gò Vấp,Giấy tờ hợp lệ,,4.0
712,Nhà hẻm ngõ,6.5,82.0,m²,11.0,7.0,2.0,12.0,"Phường 11, Quận Gò Vấp, TP.HCM",TP.HCM,Quận Gò Vấp,Giấy tờ hợp lệ,,7.0
713,Nhà hẻm ngõ,6.39,96.0,m²,5.0,5.0,2.0,16.0,"Phường Đông Hưng Thuận, Quận 12, TP.HCM",TP.HCM,Quận 12,Giấy tờ hợp lệ,,6.0
714,Nhà mặt tiền,5.5,128.0,m²,3.0,3.0,,32.0,"Phường Tân Thới Hiệp, Quận 12, TP.HCM",TP.HCM,Quận 12,Giấy tờ hợp lệ,,4.0
715,Nhà hẻm ngõ,3.6,30.0,m²,2.0,2.0,3.0,7.5,"Phường 13, Quận 6, TP.HCM",TP.HCM,Quận 6,Giấy tờ hợp lệ,,4.0
716,Nhà hẻm ngõ,2.95,24.0,m²,2.0,3.0,3.0,6.0,"Phường 14, Quận 6, TP.HCM",TP.HCM,Quận 6,Giấy tờ hợp lệ,,4.0
717,Nhà mặt tiền,4.9,38.0,m²,3.0,2.0,2.0,11.0,"Phường 12, Quận 6, TP.HCM",TP.HCM,Quận 6,Giấy tờ hợp lệ,Đông Bắc,3.6
718,Nhà hẻm ngõ,4.85,42.0,m²,3.0,3.0,4.0,12.0,"Phường 15, Quận 8, TP.HCM",TP.HCM,Quận 8,Giấy tờ hợp lệ,Tây Bắc,3.6
719,Nhà hẻm ngõ,3.8,100.0,m²,3.0,2.0,1.0,20.0,"Xã Thới Tam Thôn, Huyện Hóc Môn, TP.HCM",TP.HCM,Huyện Hóc Môn,Giấy tờ hợp lệ,,5.0
720,Nhà mặt tiền,8.2,80.0,m²,3.0,,,16.0,"Xã Phong Phú, Huyện Bình Chánh, TP.HCM",TP.HCM,Huyện Bình Chánh,Giấy tờ hợp lệ,,5.0
721,Nhà hẻm ngõ,6.48,68.4,m²,3.0,4.0,2.0,18.0,"Phường Tân Quý, Quận Tân Phú, TP.HCM",TP.HCM,Quận Tân Phú,Giấy tờ hợp lệ,,3.8
722,Nhà hẻm ngõ,10.2,105.0,m²,2.0,2.0,2.0,,"Phường 13, Quận Gò Vấp, TP.HCM",TP.HCM,Quận Gò Vấp,Giấy tờ hợp lệ,,
723,Nhà hẻm ngõ,2.7,24.0,m²,2.0,2.0,2.0,6.0,"Phường 4, Quận 8, TP.HCM",TP.HCM,Quận 8,Giấy tờ hợp lệ,,4.0
724,Nhà hẻm ngõ,4.35,110.0,m²,4.0,2.0,2.0,22.0,"Xã Thới Tam Thôn, Huyện Hóc Môn, TP.HCM",TP.HCM,Huyện Hóc Môn,Giấy tờ hợp lệ,,5.0
725,Nhà hẻm ngõ,1.8,30.0,m²,3.0,2.0,1.0,10.0,"Phường An Lạc, Quận Bình Tân, TP.HCM",TP.HCM,Quận Bình Tân,Giấy tờ hợp lệ,,3.0
726,Nhà hẻm ngõ,4.2,31.3,m²,2.0,2.0,2.0,9.1,"Phường 15, Quận Tân Bình, TP.HCM",TP.HCM,Quận Tân Bình,Giấy tờ hợp lệ,Đông Bắc,3.9
727,Nhà hẻm ngõ,9.6,72.4,m²,4.0,3.0,4.0,16.0,"Phường 12, Quận Gò Vấp, TP.HCM",TP.HCM,Quận Gò Vấp,Giấy tờ hợp lệ,,4.5
728,Nhà hẻm ngõ,6.79,55.0,m²,4.0,5.0,,14.0,"Phường Tân Chánh Hiệp, Quận 12, TP.HCM",TP.HCM,Quận 12,Giấy tờ hợp lệ,,4.0
729,Nhà mặt tiền,5.85,64.0,m²,3.0,3.0,3.0,16.0,"Phường Bình Trị Đông A, Quận Bình Tân, TP.HCM",TP.HCM,Quận Bình Tân,Giấy tờ hợp lệ,,4.0
730,Nhà hẻm ngõ,4.38,37.0,m²,5.0,3.0,3.0,6.0,"Phường 14, Quận 8, TP.HCM",TP.HCM,Quận 8,Giấy tờ hợp lệ,Đông,5.0
731,Nhà hẻm ngõ,5.1,44.7,m²,4.0,3.0,4.0,12.0,"Phường 6, Quận 8, TP.HCM",TP.HCM,Quận 8,Giấy tờ hợp lệ,,4.0
732,Nhà mặt tiền,13.0,80.0,m²,5.0,3.0,4.0,20.0,"Phường Tân Kiểng, Quận 7, TP.HCM",TP.HCM,Quận 7,Giấy tờ hợp lệ,,4.0
733,Nhà mặt tiền,15.0,72.0,m²,6.0,5.0,4.0,18.0,"Phường Tân Quy, Quận 7, TP.HCM",TP.HCM,Quận 7,Giấy tờ hợp lệ,,4.0
734,Nhà hẻm ngõ,5.79,37.0,m²,4.0,3.0,3.0,10.0,"Phường 5, Quận 8, TP.HCM",TP.HCM,Quận 8,Giấy tờ hợp lệ,,3.8
735,Nhà hẻm ngõ,3.5,25.4,m²,3.0,2.0,3.0,,"Phường 13, Quận Bình Thạnh, TP.HCM",TP.HCM,Quận Bình Thạnh,Giấy tờ hợp lệ,Đông,
736,Nhà mặt tiền,7.5,60.0,m²,4.0,4.0,,15.0,"Phường Tân Thới Nhất, Quận 12, TP.HCM",TP.HCM,Quận 12,Giấy tờ hợp lệ,,4.0
737,Nhà hẻm ngõ,4.4,90.0,m²,2.0,2.0,2.0,20.0,"Phường Hiệp Thành, Quận 12, TP.HCM",TP.HCM,Quận 12,Giấy tờ hợp lệ,,4.5
738,Nhà hẻm ngõ,8.5,50.0,m²,5.0,4.0,5.0,12.5,"Phường 5, Quận Bình Thạnh, TP.HCM",TP.HCM,Quận Bình Thạnh,Giấy tờ hợp lệ,,4.0
739,Nhà mặt tiền,14.0,80.0,m²,6.0,6.0,5.0,16.0,"Phường Hiệp Tân, Quận Tân Phú, TP.HCM",TP.HCM,Quận Tân Phú,Giấy tờ hợp lệ,,5.0
740,Nhà mặt tiền,4.65,38.0,m²,2.0,2.0,2.0,10.0,"Phường Tân Thới Hòa, Quận Tân Phú, TP.HCM",TP.HCM,Quận Tân Phú,Giấy tờ hợp lệ,Tây,4.0
741,Nhà hẻm ngõ,13.5,91.0,m²,4.0,2.0,2.0,19.0,"Phường 11, Quận Bình Thạnh, TP.HCM",TP.HCM,Quận Bình Thạnh,Giấy tờ hợp lệ,,4.1
742,Nhà hẻm ngõ,7.9,184.0,m²,6.0,5.0,2.0,32.0,"Phường Trung Mỹ Tây, Quận 12, TP.HCM",TP.HCM,Quận 12,Giấy tờ hợp lệ,,6.0
743,Nhà hẻm ngõ,1.35,20.0,m²,2.0,2.0,2.0,10.0,"Phường An Lạc, Quận Bình Tân, TP.HCM",TP.HCM,Quận Bình Tân,Giấy tờ hợp lệ,,2.0
744,Nhà hẻm ngõ,5.95,48.0,m²,4.0,3.0,3.0,12.0,"Phường Bình Trị Đông, Quận Bình Tân, TP.HCM",TP.HCM,Quận Bình Tân,Giấy tờ hợp lệ,,4.0
745,Nhà hẻm ngõ,4.85,75.0,m²,2.0,,,17.5,"Phường Bình Hưng Hòa, Quận Bình Tân, TP.HCM",TP.HCM,Quận Bình Tân,Giấy tờ hợp lệ,,4.3
746,Nhà mặt tiền,5.95,72.0,m²,4.0,3.0,,15.0,"Phường Bình Hưng Hòa B, Quận Bình Tân, TP.HCM",TP.HCM,Quận Bình Tân,Giấy tờ hợp lệ,,4.8
747,Nhà mặt tiền,12.2,716.0,m²,4.0,5.0,4.0,16.3,"44, Đường Dương Khuê, Phường Hiệp Tân, Quận Tân Phú, TP.HCM",TP.HCM,Quận Tân Phú,Sổ hồng,Nam,4.4
748,Nhà hẻm ngõ,8.1,68.0,m²,4.0,,,17.0,"Phường 14, Quận Tân Bình, TP.HCM",TP.HCM,Quận Tân Bình,Giấy tờ hợp lệ,,4.0
749,Nhà hẻm ngõ,5.15,56.0,m²,2.0,2.0,2.0,14.0,"Phường Linh Trung, TP. Thủ Đức - Quận Thủ Đức, TP.HCM",TP.HCM,TP. Thủ Đức - Quận Thủ Đức,Giấy tờ hợp lệ,Tây Nam,4.0
750,Nhà mặt tiền,18.5,64.0,m²,6.0,4.0,,16.0,"Đường Tân Sơn Nhì, Phường Tân Sơn Nhì, Quận Tân Phú, TP.HCM",TP.HCM,Quận Tân Phú,Sổ hồng,,4.0
751,Nhà hẻm ngõ,6.1,68.0,m²,11.0,7.0,1.0,16.0,"Phường 10, Quận 6, TP.HCM",TP.HCM,Quận 6,Giấy tờ hợp lệ,,4.0
752,Nhà hẻm ngõ,4.35,110.0,m²,4.0,3.0,2.0,22.0,"Xã Thới Tam Thôn, Huyện Hóc Môn, TP.HCM",TP.HCM,Huyện Hóc Môn,Giấy tờ hợp lệ,,5.0
753,Nhà mặt tiền,3.9,32.0,m²,3.0,3.0,2.0,9.0,"Phường Bình Trị Đông A, Quận Bình Tân, TP.HCM",TP.HCM,Quận Bình Tân,Giấy tờ hợp lệ,,3.5
754,Nhà mặt tiền,7.49,54.0,m²,4.0,,3.0,,"Phường Phú Trung, Quận Tân Phú, TP.HCM",TP.HCM,Quận Tân Phú,Giấy tờ hợp lệ,,
755,Nhà mặt tiền,7.2,58.0,m²,4.0,5.0,4.0,14.5,"Đường Thạnh Xuân 25, Phường Thạnh Xuân, Quận 12, TP.HCM",TP.HCM,Quận 12,Sổ hồng,Đông Nam,4.0
756,Nhà mặt tiền,10.95,95.0,m²,4.0,5.0,4.0,,"Đường 49, Phường Hiệp Bình Chánh, TP. Thủ Đức - Quận Thủ Đức, TP.HCM",TP.HCM,TP. Thủ Đức - Quận Thủ Đức,Sổ hồng,Đông Nam,
757,Nhà hẻm ngõ,7.14,107.0,m²,3.0,,3.0,27.0,"Phường Tân Thới Nhất, Quận 12, TP.HCM",TP.HCM,Quận 12,Giấy tờ hợp lệ,,4.0
758,Nhà hẻm ngõ,5.98,32.0,m²,3.0,3.0,4.0,15.0,"H424, Đường Nguyễn Duy, Phường 10, Quận 8, TP.HCM",TP.HCM,Quận 8,Sổ hồng,Đông Nam,3.0
759,Nhà hẻm ngõ,7.0,51.2,m²,3.0,2.0,3.0,13.0,"Phường 4, Quận 8, TP.HCM",TP.HCM,Quận 8,Giấy tờ hợp lệ,Tây Nam,4.0
760,Nhà mặt tiền,16.0,90.0,m²,,,4.0,15.5,"Đường Phú Thọ Hòa, Phường Phú Thọ Hòa, Quận Tân Phú, TP.HCM",TP.HCM,Quận Tân Phú,Sổ hồng,,5.0
761,Nhà mặt tiền,23.5,60.0,m²,,,5.0,20.0,"9823, Đường Trần Đình Xu, Phường Cô Giang, Quận 1, TP.HCM",TP.HCM,Quận 1,Sổ hồng,,3.6
762,Nhà hẻm ngõ,10.4,60.0,m²,3.0,3.0,5.0,15.0,"Đường Đỗ Nhuận, Phường Tân Sơn Nhì, Quận Tân Phú, TP.HCM",TP.HCM,Quận Tân Phú,Sổ hồng,,4.0
763,Nhà hẻm ngõ,8.2,56.0,m²,4.0,3.0,4.0,8.5,"Đường Điện Biên Phủ, Phường 11, Quận 10, TP.HCM",TP.HCM,Quận 10,Sổ hồng,,6.6
764,Nhà mặt tiền,33.0,70.0,m²,,,4.0,14.0,"ID33470, Đường An Dương Vương, Phường 4, Quận 5, TP.HCM",TP.HCM,Quận 5,Sổ hồng,,5.0
765,Nhà hẻm ngõ,2.59,68.0,m²,3.0,3.0,2.0,17.0,"Đường Cư Xá Lữ Gia, Phường 15, Quận 11, TP.HCM",TP.HCM,Quận 11,Sổ hồng,,4.0
766,Nhà hẻm ngõ,12.8,66.0,m²,4.0,5.0,5.0,16.5,"Phường 6, Quận 5, TP.HCM",TP.HCM,Quận 5,Giấy tờ hợp lệ,Tây Bắc,4.3
767,Nhà hẻm ngõ,6.6,52.0,m²,4.0,4.0,,13.0,"Phường 9, Quận Gò Vấp, TP.HCM",TP.HCM,Quận Gò Vấp,Giấy tờ hợp lệ,,4.0
768,Nhà mặt tiền,23.5,78.9,m²,1.0,,,18.0,"Phường 16, Quận Gò Vấp, TP.HCM",TP.HCM,Quận Gò Vấp,Giấy tờ hợp lệ,,7.0
769,Nhà hẻm ngõ,6.8,64.0,m²,4.0,5.0,4.0,16.0,"Phường Bình Trị Đông, Quận Bình Tân, TP.HCM",TP.HCM,Quận Bình Tân,Giấy tờ hợp lệ,,4.0
770,Nhà hẻm ngõ,3.7,60.0,m²,3.0,3.0,3.0,15.0,"Phường Bình Trị Đông A, Quận Bình Tân, TP.HCM",TP.HCM,Quận Bình Tân,Giấy tờ hợp lệ,,4.0
771,Nhà hẻm ngõ,4.18,48.0,m²,3.0,3.0,2.0,12.0,"Phường Thạnh Lộc, Quận 12, TP.HCM",TP.HCM,Quận 12,Giấy tờ hợp lệ,,4.0
772,Nhà hẻm ngõ,0.95,85.0,m²,2.0,2.0,1.0,17.0,"Xã Bình Chánh, Huyện Bình Chánh, TP.HCM",TP.HCM,Huyện Bình Chánh,Giấy tờ hợp lệ,,5.0
773,Nhà hẻm ngõ,9.38,29.0,m²,5.0,,,,"Đường Nguyễn Đình Chiểu, Phường 2, Quận 3, TP.HCM",TP.HCM,Quận 3,Sổ hồng,,
774,Nhà hẻm ngõ,12.0,95.3,m²,12.0,12.0,,18.0,"Đường Điện Biên Phủ, Phường 15, Quận Bình Thạnh, TP.HCM",TP.HCM,Quận Bình Thạnh,Sổ hồng,,4.2
775,Nhà hẻm ngõ,1.15,35.0,m²,3.0,,,7.0,"Xã Tân Xuân, Huyện Hóc Môn, TP.HCM",TP.HCM,Huyện Hóc Môn,Giấy tờ hợp lệ,,5.0
776,Nhà hẻm ngõ,6.7,52.0,m²,5.0,5.0,2.0,16.0,"Đường Điện Biên Phủ, Phường 11, Quận 10, TP.HCM",TP.HCM,Quận 10,Sổ hồng,Đông Bắc,3.5
777,Nhà hẻm ngõ,2.3,15.0,m²,2.0,2.0,3.0,5.0,"Phường Sơn Kỳ, Quận Tân Phú, TP.HCM",TP.HCM,Quận Tân Phú,Giấy tờ hợp lệ,,3.0
778,Nhà hẻm ngõ,5.79,36.4,m²,4.0,3.0,3.0,10.0,"Phường 5, Quận 8, TP.HCM",TP.HCM,Quận 8,Giấy tờ hợp lệ,Bắc,3.8
779,Nhà hẻm ngõ,4.95,65.0,m²,2.0,1.0,1.0,16.0,"Phường 10, Quận 6, TP.HCM",TP.HCM,Quận 6,Giấy tờ hợp lệ,,4.0
780,Nhà mặt tiền,8.0,70.0,m²,4.0,4.0,4.0,19.0,"Phường Phú Thọ Hòa, Quận Tân Phú, TP.HCM",TP.HCM,Quận Tân Phú,Giấy tờ hợp lệ,,4.0
781,Nhà hẻm ngõ,5.75,36.4,m²,4.0,3.0,,10.0,"H1225, Đường Phạm Thế Hiển, Phường 5, Quận 8, TP.HCM",TP.HCM,Quận 8,Sổ hồng,Bắc,3.8
782,Nhà hẻm ngõ,4.8,72.0,m²,3.0,3.0,2.0,18.0,"Phường Tân Thới Hiệp, Quận 12, TP.HCM",TP.HCM,Quận 12,Giấy tờ hợp lệ,,4.0
783,Nhà hẻm ngõ,10.8,40.0,m²,4.0,5.0,,7.0,"Đường Nguyễn Văn Thương, Phường 25, Quận Bình Thạnh, TP.HCM",TP.HCM,Quận Bình Thạnh,Sổ hồng,,6.0
784,Nhà mặt tiền,7.0,140.0,m²,2.0,2.0,2.0,16.0,"Đường Vào Cầu Ba Phụ, Phường Thạnh Xuân, Quận 12, TP.HCM",TP.HCM,Quận 12,Sổ hồng,Đông Nam,5.0
785,Nhà hẻm ngõ,5.3,50.0,m²,2.0,2.0,2.0,12.0,"Phường 4, Quận 8, TP.HCM",TP.HCM,Quận 8,Giấy tờ hợp lệ,Nam,4.0
786,Nhà hẻm ngõ,6.89,83.0,m²,4.0,4.0,2.0,19.0,"Đường Nguyễn Đình Chính, Phường 15, Quận Phú Nhuận, TP.HCM",TP.HCM,Quận Phú Nhuận,Sổ hồng,,4.2
787,Nhà hẻm ngõ,1.9,30.0,m²,3.0,2.0,1.0,10.0,"Phường An Lạc, Quận Bình Tân, TP.HCM",TP.HCM,Quận Bình Tân,Giấy tờ hợp lệ,,3.0
788,Nhà hẻm ngõ,8.9,100.0,m²,3.0,,,8.1,"Phường 11, Quận Bình Thạnh, TP.HCM",TP.HCM,Quận Bình Thạnh,Giấy tờ hợp lệ,,13.0
789,Nhà hẻm ngõ,105.0,70.0,m²,4.0,4.0,3.0,17.0,"Phường Hiệp Tân, Quận Tân Phú, TP.HCM",TP.HCM,Quận Tân Phú,Giấy tờ hợp lệ,,4.0
790,Nhà hẻm ngõ,15.0,64.0,m²,7.0,7.0,4.0,16.0,"Đường Nguyễn Hữu Cảnh, Phường 22, Quận Bình Thạnh, TP.HCM",TP.HCM,Quận Bình Thạnh,Sổ hồng,Bắc,4.0
791,Nhà hẻm ngõ,8.2,100.0,m²,4.0,5.0,,20.0,"Đường Nguyễn Duy Trinh, Phường Long Trường, TP. Thủ Đức - Quận 9, TP.HCM",TP.HCM,TP. Thủ Đức - Quận 9,Sổ hồng,,5.0
792,Nhà mặt tiền,20.8,164.0,m²,34.0,34.0,5.0,18.0,"Đường Hồ Văn Long, Phường Bình Hưng Hòa B, Quận Bình Tân, TP.HCM",TP.HCM,Quận Bình Tân,Sổ hồng,Đông,9.7
793,Nhà mặt tiền,14.5,88.0,m²,,,,22.0,"Đường Vườn Lài, Phường Phú Thọ Hòa, Quận Tân Phú, TP.HCM",TP.HCM,Quận Tân Phú,Sổ hồng,,4.7
794,Nhà mặt tiền,25.0,72.0,m²,,,6.0,,"419, Đường Nguyễn Thái Bình, Phường 12, Quận Tân Bình, TP.HCM",TP.HCM,Quận Tân Bình,Sổ hồng,,
795,Nhà hẻm ngõ,14.0,160.0,m²,2.0,1.0,1.0,20.0,"Phường An Lạc, Quận Bình Tân, TP.HCM",TP.HCM,Quận Bình Tân,Giấy tờ hợp lệ,Đông,8.0
796,Nhà mặt tiền,5.2,60.0,m²,3.0,2.0,2.0,15.0,"Phường Tân Thới Nhất, Quận 12, TP.HCM",TP.HCM,Quận 12,Giấy tờ hợp lệ,,4.0
797,Nhà hẻm ngõ,4.7,40.0,m²,2.0,2.0,,10.0,"Phường Bình Hưng Hòa A, Quận Bình Tân, TP.HCM",TP.HCM,Quận Bình Tân,Giấy tờ hợp lệ,,4.0
798,Nhà hẻm ngõ,6.7,35.0,m²,3.0,4.0,4.0,5.2,"Đường Bình Thới, Phường 8, Quận 11, TP.HCM",TP.HCM,Quận 11,Sổ hồng,,7.0
799,Nhà mặt tiền,21.9,60.0,m²,,,,15.0,"Đường Tân Vĩnh, Phường 6, Quận 4, TP.HCM",TP.HCM,Quận 4,Sổ hồng,,4.0
800,Nhà hẻm ngõ,3.4,73.4,m²,3.0,3.0,,,"Đường Nơ Trang Long, Phường 12, Quận Bình Thạnh, TP.HCM",TP.HCM,Quận Bình Thạnh,Sổ hồng,,
801,Nhà hẻm ngõ,7.3,64.0,m²,3.0,3.0,2.0,13.0,"Đường Trần Xuân soạn, Phường Tân Hưng, Quận 7, TP.HCM",TP.HCM,Quận 7,Sổ hồng,,5.0
802,Nhà hẻm ngõ,9.5,100.0,m²,4.0,4.0,3.0,20.0,"Đường Trương Công Định, Phường 14, Quận Tân Bình, TP.HCM",TP.HCM,Quận Tân Bình,Sổ hồng,,5.0
803,Nhà mặt tiền,7.6,85.0,m²,5.0,5.0,,18.0,"Đường Thạnh Xuân 25, Phường Thạnh Xuân, Quận 12, TP.HCM",TP.HCM,Quận 12,Sổ hồng,Đông Bắc,4.4
804,Nhà hẻm ngõ,6.7,35.0,m²,3.0,4.0,4.0,5.2,"Đường Bình Thới, Phường 8, Quận 11, TP.HCM",TP.HCM,Quận 11,Sổ hồng,,7.0
805,Nhà mặt tiền,135.0,150.0,m²,,,6.0,,"Đường Calmette, Phường Nguyễn Thái Bình, Quận 1, TP.HCM",TP.HCM,Quận 1,Sổ hồng,,
806,Nhà mặt tiền,1.99,222.5,m²,1.0,1.0,,44.0,"Xã Phạm Văn Cội, Huyện Củ Chi, TP.HCM",TP.HCM,Huyện Củ Chi,Giấy tờ hợp lệ,Đông Nam,5.0
807,Nhà hẻm ngõ,6.95,36.0,m²,3.0,3.0,4.0,9.0,"Phường 5, Quận Phú Nhuận, TP.HCM",TP.HCM,Quận Phú Nhuận,Giấy tờ hợp lệ,Tây Bắc,4.0
808,Nhà mặt tiền,30.0,78.8,m²,,,6.0,20.2,"189, Đường Tạ Uyên, Phường 4, Quận 11, TP.HCM",TP.HCM,Quận 11,Sổ hồng,Đông,3.9
809,Nhà hẻm ngõ,3.78,29.0,m²,3.0,2.0,2.0,6.5,"Phường 3, Quận 8, TP.HCM",TP.HCM,Quận 8,Giấy tờ hợp lệ,,4.2
810,Nhà hẻm ngõ,1.75,30.0,m²,2.0,2.0,2.0,10.0,"Đường Lê Đình Cẩn, Phường Tân Tạo, Quận Bình Tân, TP.HCM",TP.HCM,Quận Bình Tân,Sổ hồng,Tây,3.0
811,Nhà hẻm ngõ,5.95,48.0,m²,3.0,3.0,2.0,8.0,"Nhà 2 MT hẻm, Đường Phan Xích Long, Phường 7, Quận Phú Nhuận, TP.HCM",TP.HCM,Quận Phú Nhuận,Sổ hồng,Tây Nam,6.0
812,Nhà hẻm ngõ,5.6,104.0,m²,5.0,6.0,4.0,16.0,"Đường Nguyễn Thị Minh Khai, Phường 5, Quận 3, TP.HCM",TP.HCM,Quận 3,Sổ hồng,,5.0
813,Nhà hẻm ngõ,4.0,45.0,m²,3.0,2.0,3.0,9.0,"Phường Phú Thuận, Quận 7, TP.HCM",TP.HCM,Quận 7,Giấy tờ hợp lệ,,5.0
814,Nhà hẻm ngõ,2.59,55.9,m²,2.0,3.0,,13.0,"Đường Vườn Lài, Phường Phú Thọ Hòa, Quận Tân Phú, TP.HCM",TP.HCM,Quận Tân Phú,Sổ hồng,,4.3
815,Nhà hẻm ngõ,8.8,184.0,m²,5.0,,,23.0,"Xã Phong Phú, Huyện Bình Chánh, TP.HCM",TP.HCM,Huyện Bình Chánh,Giấy tờ hợp lệ,,8.0
816,Nhà hẻm ngõ,3.25,60.0,m²,3.0,3.0,3.0,12.0,"Đường Bình Giã, Phường 4, Quận Tân Bình, TP.HCM",TP.HCM,Quận Tân Bình,Sổ hồng,,5.0
817,Nhà mặt tiền,17.5,80.0,m²,5.0,5.0,4.0,20.0,"Đường 34B, Phường An Phú, TP. Thủ Đức - Quận 2, TP.HCM",TP.HCM,TP. Thủ Đức - Quận 2,Sổ hồng,,4.0
818,Nhà hẻm ngõ,6.8,65.0,m²,6.0,5.0,5.0,12.0,"Phường 14, Quận Gò Vấp, TP.HCM",TP.HCM,Quận Gò Vấp,Giấy tờ hợp lệ,,5.0
819,Nhà hẻm ngõ,18.0,84.0,m²,10.0,7.0,5.0,20.0,"Phường 9, Quận Phú Nhuận, TP.HCM",TP.HCM,Quận Phú Nhuận,Giấy tờ hợp lệ,,4.2
820,Nhà hẻm ngõ,5.3,90.0,m²,5.0,3.0,3.0,18.0,"Phường Bình Hưng Hòa A, Quận Bình Tân, TP.HCM",TP.HCM,Quận Bình Tân,Giấy tờ hợp lệ,,5.0
821,Nhà hẻm ngõ,2.85,70.0,m²,3.0,4.0,3.0,,"Đường Phạm Thế Hiển, Phường 4, Quận 8, TP.HCM",TP.HCM,Quận 8,Sổ hồng,,
822,Nhà hẻm ngõ,14.89,65.0,m²,5.0,7.0,6.0,16.2,"Phường 6, Quận Gò Vấp, TP.HCM",TP.HCM,Quận Gò Vấp,Giấy tờ hợp lệ,,4.2
823,Nhà mặt tiền,0.75,124.0,m²,,,,,"Xã Tân An Hội, Huyện Củ Chi, TP.HCM",TP.HCM,Huyện Củ Chi,Sổ hồng,,
824,Nhà mặt tiền,17.0,104.0,m²,,,4.0,,"115-117, Đường Ba Vân, Phường 14, Quận Tân Bình, TP.HCM",TP.HCM,Quận Tân Bình,Sổ hồng,,
825,Nhà mặt tiền,23.0,90.0,m²,5.0,5.0,4.0,20.0,"Đường Tên Lửa, Phường Bình Trị Đông B, Quận Bình Tân, TP.HCM",TP.HCM,Quận Bình Tân,Sổ hồng,Đông,4.5
826,Nhà mặt tiền,4.4,32.0,m²,3.0,2.0,4.0,8.0,"Phường Bình Hưng Hòa A, Quận Bình Tân, TP.HCM",TP.HCM,Quận Bình Tân,Giấy tờ hợp lệ,,4.0
827,Nhà mặt tiền,18.0,200.0,m²,1.0,1.0,,20.0,"Xã Trung Chánh, Huyện Hóc Môn, TP.HCM",TP.HCM,Huyện Hóc Môn,Giấy tờ hợp lệ,,10.0
828,Nhà mặt tiền,9.6,112.0,m²,11.0,7.0,3.0,28.0,"Phường An Phú Đông, Quận 12, TP.HCM",TP.HCM,Quận 12,Giấy tờ hợp lệ,,4.0
829,Nhà hẻm ngõ,6.9,119.4,m²,3.0,4.0,3.0,24.0,"Phường Linh Xuân, TP. Thủ Đức - Quận Thủ Đức, TP.HCM",TP.HCM,TP. Thủ Đức - Quận Thủ Đức,Giấy tờ hợp lệ,Đông Nam,5.0
830,Nhà hẻm ngõ,1.73,40.0,m²,2.0,2.0,1.0,10.0,"Đường Võ Văn Vân, Xã Vĩnh Lộc B, Huyện Bình Chánh, TP.HCM",TP.HCM,Huyện Bình Chánh,Hợp đồng mua bán,,4.0
831,Nhà hẻm ngõ,15.5,88.0,m²,4.0,4.0,4.0,22.0,"Phường 9, Quận Phú Nhuận, TP.HCM",TP.HCM,Quận Phú Nhuận,Giấy tờ hợp lệ,,4.0
832,Nhà hẻm ngõ,13.9,83.0,m²,4.0,,4.0,18.0,"Phường 13, Quận Bình Thạnh, TP.HCM",TP.HCM,Quận Bình Thạnh,Giấy tờ hợp lệ,Đông,4.5
833,Nhà hẻm ngõ,11.0,72.0,m²,4.0,3.0,,18.0,"Đường Lê Đại Hành, Phường 11, Quận 11, TP.HCM",TP.HCM,Quận 11,Sổ hồng,,4.0
834,Nhà mặt tiền,16.9,51.0,m²,,,,,"Đường Nguyễn Cửu Vân, Phường 17, Quận Bình Thạnh, TP.HCM",TP.HCM,Quận Bình Thạnh,Sổ hồng,,
835,Nhà mặt tiền,0.85,97.0,m²,,,,,"Xã Thới Tam Thôn, Huyện Hóc Môn, TP.HCM",TP.HCM,Huyện Hóc Môn,Sổ hồng,,
836,Nhà hẻm ngõ,0.73,90.0,m²,2.0,,,18.0,"Đường Tân Xuân 1, Xã Tân Xuân, Huyện Hóc Môn, TP.HCM",TP.HCM,Huyện Hóc Môn,Sổ hồng,,5.0
837,Nhà mặt tiền,0.89,157.0,m²,2.0,1.0,,31.0,"Đường Thái Thị Giữ, Xã Bà Điểm, Huyện Hóc Môn, TP.HCM",TP.HCM,Huyện Hóc Môn,Sổ hồng,,5.0
838,Nhà hẻm ngõ,0.75,124.0,m²,2.0,,,25.0,"Đường đương số 357, Xã Tân An Hội, Huyện Củ Chi, TP.HCM",TP.HCM,Huyện Củ Chi,Sổ hồng,,5.0
839,Nhà hẻm ngõ,4.5,37.1,m²,,,,11.4,"Đường Phan Văn Trị, Phường 12, Quận Bình Thạnh, TP.HCM",TP.HCM,Quận Bình Thạnh,Sổ hồng,,3.3
840,Nhà hẻm ngõ,6.5,135.0,m²,3.0,3.0,2.0,14.0,"Đường Bến Vân Đồn, Phường 2, Quận 4, TP.HCM",TP.HCM,Quận 4,Sổ hồng,,10.0
841,Nhà hẻm ngõ,1.05,100.0,m²,2.0,,,20.0,"Đường Thới Tứ, Xã Thới Tam Thôn, Huyện Hóc Môn, TP.HCM",TP.HCM,Huyện Hóc Môn,Sổ hồng,,5.0
842,Nhà hẻm ngõ,8.9,100.0,m²,3.0,,,,"Đường Âu Cơ, Phường 14, Quận 11, TP.HCM",TP.HCM,Quận 11,Sổ hồng,,
843,Nhà hẻm ngõ,6.66,122.0,m²,4.0,3.0,2.0,20.0,"Thị Trấn Nhà Bè, Huyện Nhà Bè, TP.HCM",TP.HCM,Huyện Nhà Bè,Giấy tờ hợp lệ,,5.5
844,Nhà mặt tiền,5.2,49.6,m²,4.0,4.0,2.0,12.6,"Phường Hiệp Thành, Quận 12, TP.HCM",TP.HCM,Quận 12,Giấy tờ hợp lệ,,4.0
845,Nhà mặt tiền,13.9,150.0,m²,3.0,3.0,,30.0,"Phường Tân Thới Hiệp, Quận 12, TP.HCM",TP.HCM,Quận 12,Giấy tờ hợp lệ,,5.0
846,Nhà hẻm ngõ,1.9,18.0,m²,2.0,2.0,2.0,6.0,"Phường Bình Hưng Hòa A, Quận Bình Tân, TP.HCM",TP.HCM,Quận Bình Tân,Giấy tờ hợp lệ,,3.0
847,Nhà hẻm ngõ,3.6,95.0,m²,5.0,5.0,,,"Đường Kha Vạn Cân, Phường Linh Đông, TP. Thủ Đức - Quận Thủ Đức, TP.HCM",TP.HCM,TP. Thủ Đức - Quận Thủ Đức,Sổ hồng,,
848,Nhà hẻm ngõ,2.15,56.0,m²,3.0,3.0,,12.0,"Đường Dương Đình Hội, Phường Phước Long B, TP. Thủ Đức - Quận 9, TP.HCM",TP.HCM,TP. Thủ Đức - Quận 9,Sổ hồng,,5.0
849,Nhà hẻm ngõ,12.5,52.0,m²,1.0,1.0,1.0,13.0,"Đường Cống Quỳnh, Phường Phạm Ngũ Lão, Quận 1, TP.HCM",TP.HCM,Quận 1,Sổ hồng,,4.0
850,Nhà hẻm ngõ,4.5,37.1,m²,,,,11.4,"Đường Phan Văn Trị, Phường 12, Quận Bình Thạnh, TP.HCM",TP.HCM,Quận Bình Thạnh,Sổ hồng,,3.3
851,Nhà hẻm ngõ,2.38,15.0,m²,2.0,2.0,3.0,5.4,"H100, Đường Bùi Minh Trực, Phường 5, Quận 8, TP.HCM",TP.HCM,Quận 8,Sổ hồng,Tây Nam,2.7
852,Nhà hẻm ngõ,11.8,63.0,m²,14.0,14.0,,16.0,"Đường Xô Viết Nghệ Tĩnh, Phường 26, Quận Bình Thạnh, TP.HCM",TP.HCM,Quận Bình Thạnh,Sổ hồng,,3.8
853,Nhà hẻm ngõ,2.1,57.0,m²,2.0,1.0,,11.0,"B15/37V, Đường Quốc Lộ 50, Xã Bình Hưng, Huyện Bình Chánh, TP.HCM",TP.HCM,Huyện Bình Chánh,Hợp đồng mua bán,Nam,5.0
854,Nhà hẻm ngõ,2.99,60.0,m²,5.0,4.0,,12.0,"Đường Kỳ Đồng, Phường 9, Quận 3, TP.HCM",TP.HCM,Quận 3,Sổ hồng,,5.0
855,Nhà hẻm ngõ,2.1,46.0,m²,3.0,3.0,,,"Đường Ngô Tất Tố, Phường 19, Quận Bình Thạnh, TP.HCM",TP.HCM,Quận Bình Thạnh,Sổ hồng,,
856,Nhà mặt tiền,38.0,240.0,m²,,,,18.0,"Quận 7, TP.HCM",TP.HCM,Quận 7,Sổ hồng,,14.0
857,Nhà hẻm ngõ,7.9,33.1,m²,4.0,4.0,4.0,9.0,"Đường Nguyễn Đình Chiểu, Phường 4, Quận 3, TP.HCM",TP.HCM,Quận 3,Sổ hồng,Tây Nam,3.7
858,Nhà hẻm ngõ,0.76,98.0,m²,3.0,2.0,2.0,19.6,"Xã An Phú Tây, Huyện Bình Chánh, TP.HCM",TP.HCM,Huyện Bình Chánh,Giấy tờ hợp lệ,,5.0
859,Nhà hẻm ngõ,3.9,58.0,m²,3.0,2.0,3.0,14.0,"Phường Tân Tạo, Quận Bình Tân, TP.HCM",TP.HCM,Quận Bình Tân,Giấy tờ hợp lệ,,4.0
860,Nhà mặt tiền,4.5,120.0,m²,4.0,2.0,1.0,24.0,"Xã Bà Điểm, Huyện Hóc Môn, TP.HCM",TP.HCM,Huyện Hóc Môn,Giấy tờ hợp lệ,,5.0
861,Nhà hẻm ngõ,7.2,70.0,m²,3.0,3.0,3.0,15.5,"Phường Tân Quý, Quận Tân Phú, TP.HCM",TP.HCM,Quận Tân Phú,Giấy tờ hợp lệ,,4.5
862,Nhà hẻm ngõ,2.54,36.0,m²,2.0,2.0,2.0,11.0,"Đường liên khu 4/5, Phường Bình Hưng Hòa B, Quận Bình Tân, TP.HCM",TP.HCM,Quận Bình Tân,Sổ hồng,,3.2
863,Nhà hẻm ngõ,13.8,73.0,m²,6.0,6.0,4.0,14.0,"Phường 2, Quận Tân Bình, TP.HCM",TP.HCM,Quận Tân Bình,Giấy tờ hợp lệ,,6.0
864,Nhà hẻm ngõ,10.8,104.0,m²,,,,26.0,"Đường Quang Trung, Phường 8, Quận Gò Vấp, TP.HCM",TP.HCM,Quận Gò Vấp,Sổ hồng,,4.0
865,Nhà mặt tiền,4.2,15.0,m²,2.0,2.0,,7.0,"Phường 4, Quận 4, TP.HCM",TP.HCM,Quận 4,Giấy tờ hợp lệ,,2.5
866,Nhà mặt tiền,23.0,72.0,m²,,,2.0,,"425, Đường Nguyễn Thái Bình, Phường 12, Quận Tân Bình, TP.HCM",TP.HCM,Quận Tân Bình,Sổ hồng,,
867,Nhà hẻm ngõ,3.45,61.0,m²,2.0,1.0,1.0,13.0,"Phường Tân Thới Nhất, Quận 12, TP.HCM",TP.HCM,Quận 12,Giấy tờ hợp lệ,Tây Bắc,4.8
868,Nhà hẻm ngõ,3.55,47.0,m²,3.0,2.0,2.0,11.9,"Phường 15, Quận Tân Bình, TP.HCM",TP.HCM,Quận Tân Bình,Giấy tờ hợp lệ,,4.0
869,Nhà hẻm ngõ,10.67,56.0,m²,4.0,5.0,5.0,14.0,"Phường 7, Quận Bình Thạnh, TP.HCM",TP.HCM,Quận Bình Thạnh,Giấy tờ hợp lệ,,4.0
870,Nhà hẻm ngõ,7.9,33.1,m²,4.0,4.0,4.0,9.0,"Đường Nguyễn Đình Chiểu, Phường 4, Quận 3, TP.HCM",TP.HCM,Quận 3,Sổ hồng,Tây Nam,3.7
871,Nhà hẻm ngõ,0.76,98.0,m²,3.0,2.0,2.0,19.6,"Xã An Phú Tây, Huyện Bình Chánh, TP.HCM",TP.HCM,Huyện Bình Chánh,Giấy tờ hợp lệ,,5.0
872,Nhà hẻm ngõ,3.9,58.0,m²,3.0,2.0,3.0,14.0,"Phường Tân Tạo, Quận Bình Tân, TP.HCM",TP.HCM,Quận Bình Tân,Giấy tờ hợp lệ,,4.0
873,Nhà mặt tiền,38.0,240.0,m²,,,,18.0,"Quận 7, TP.HCM",TP.HCM,Quận 7,Sổ hồng,,14.0
874,Nhà hẻm ngõ,0.72,100.0,m²,3.0,2.0,,20.0,"Xã Phạm Văn Hai, Huyện Bình Chánh, TP.HCM",TP.HCM,Huyện Bình Chánh,Giấy tờ hợp lệ,,5.0
875,Nhà hẻm ngõ,15.89,86.0,m²,11.0,,,,"Đường Trường Chinh, Phường 2, Quận Tân Bình, TP.HCM",TP.HCM,Quận Tân Bình,Sổ hồng,,
876,Nhà hẻm ngõ,6.35,72.0,m²,3.0,4.0,2.0,18.0,"Phường Bình Hưng Hòa, Quận Bình Tân, TP.HCM",TP.HCM,Quận Bình Tân,Giấy tờ hợp lệ,,4.0
877,Nhà mặt tiền,10.5,48.3,m²,7.0,7.0,4.0,16.0,"Đường Cô Giang, Phường 2, Quận Phú Nhuận, TP.HCM",TP.HCM,Quận Phú Nhuận,Sổ hồng,Đông Nam,3.0
878,Nhà mặt tiền,45.0,135.0,m²,,,1.0,19.0,"ID46491, Đường Nguyễn Chí Thanh, Phường 5, Quận 10, TP.HCM",TP.HCM,Quận 10,Sổ hồng,,9.0
879,Nhà hẻm ngõ,4.0,40.0,m²,3.0,2.0,2.0,10.0,"Phường Bình Hưng Hòa A, Quận Bình Tân, TP.HCM",TP.HCM,Quận Bình Tân,Giấy tờ hợp lệ,,4.0
880,Nhà mặt tiền,30.3,77.0,m²,9.0,7.0,6.0,21.5,"Phường 13, Quận Tân Bình, TP.HCM",TP.HCM,Quận Tân Bình,Giấy tờ hợp lệ,Tây Nam,4.2
881,Nhà hẻm ngõ,6.4,72.0,m²,4.0,4.0,2.0,18.0,"Phường Bình Hưng Hòa, Quận Bình Tân, TP.HCM",TP.HCM,Quận Bình Tân,Giấy tờ hợp lệ,,4.0
882,Nhà mặt tiền,25.0,100.0,m²,,,,,"Phường 13, Quận 4, TP.HCM",TP.HCM,Quận 4,Sổ hồng,,
883,Nhà mặt tiền,17.6,82.0,m²,,,6.0,20.0,"Phường Tân Quý, Quận Tân Phú, TP.HCM",TP.HCM,Quận Tân Phú,Sổ hồng,,4.1
884,Nhà hẻm ngõ,11.9,68.0,m²,2.0,2.0,3.0,17.0,"Phường 11, Quận Bình Thạnh, TP.HCM",TP.HCM,Quận Bình Thạnh,Giấy tờ hợp lệ,,4.0
885,Nhà hẻm ngõ,6.8,61.0,m²,4.0,3.0,3.0,,"Phường Phú Thuận, Quận 7, TP.HCM",TP.HCM,Quận 7,Giấy tờ hợp lệ,,
886,Nhà hẻm ngõ,5.0,44.0,m²,4.0,4.0,,11.0,"Đường Huỳnh Văn Bánh, Phường 15, Quận Phú Nhuận, TP.HCM",TP.HCM,Quận Phú Nhuận,Sổ hồng,,4.0
887,Nhà mặt tiền,27.0,60.5,m²,4.0,,3.0,6.3,"Phường Bến Thành, Quận 1, TP.HCM",TP.HCM,Quận 1,Giấy tờ hợp lệ,,9.3
888,Nhà mặt tiền,6.35,72.0,m²,3.0,4.0,2.0,18.0,"Phường Bình Hưng Hòa, Quận Bình Tân, TP.HCM",TP.HCM,Quận Bình Tân,Giấy tờ hợp lệ,,4.0
889,Nhà hẻm ngõ,3.78,48.0,m²,2.0,2.0,2.0,12.0,"Phường Tân Thới Hiệp, Quận 12, TP.HCM",TP.HCM,Quận 12,Giấy tờ hợp lệ,,4.0
890,Nhà hẻm ngõ,5.85,34.0,m²,4.0,3.0,3.0,9.0,"Phường 7, Quận Bình Thạnh, TP.HCM",TP.HCM,Quận Bình Thạnh,Giấy tờ hợp lệ,,3.7
891,Nhà hẻm ngõ,1.5,70.0,m²,2.0,3.0,2.0,9.0,"2020/50/8, Đường Huỳnh Tấn Phát, Thị Trấn Nhà Bè, Huyện Nhà Bè, TP.HCM",TP.HCM,Huyện Nhà Bè,Hợp đồng mua bán,,2.3
892,Nhà hẻm ngõ,4.35,70.0,m²,3.0,4.0,,,"Đường Tô Hiến Thành, Phường 15, Quận 10, TP.HCM",TP.HCM,Quận 10,Sổ hồng,,
893,Nhà hẻm ngõ,6.2,70.0,m²,4.0,,,,"Đường Ni Sư Huỳnh Liên, Phường 10, Quận Tân Bình, TP.HCM",TP.HCM,Quận Tân Bình,Sổ hồng,,
894,Nhà hẻm ngõ,4.75,36.0,m²,2.0,2.0,4.0,9.0,"Phường Bình Trị Đông, Quận Bình Tân, TP.HCM",TP.HCM,Quận Bình Tân,Giấy tờ hợp lệ,,4.0
895,Nhà hẻm ngõ,2.5,21.0,m²,1.0,2.0,2.0,7.1,"499/6/118C, Đường Quang Trung, Phường 10, Quận Gò Vấp, TP.HCM",TP.HCM,Quận Gò Vấp,Sổ hồng,,3.1
896,Nhà hẻm ngõ,6.45,64.0,m²,5.0,4.0,4.0,16.0,"Phường Bình Hưng Hòa B, Quận Bình Tân, TP.HCM",TP.HCM,Quận Bình Tân,Giấy tờ hợp lệ,,4.0
897,Nhà hẻm ngõ,2.95,32.0,m²,2.0,2.0,2.0,8.0,"Phường Bình Hưng Hòa A, Quận Bình Tân, TP.HCM",TP.HCM,Quận Bình Tân,Giấy tờ hợp lệ,,4.0
898,Nhà mặt tiền,10.8,64.0,m²,,,,,"Đường Số 57, Phường 10, Quận 6, TP.HCM",TP.HCM,Quận 6,Sổ hồng,,
899,Nhà mặt tiền,7.0,80.0,m²,4.0,3.0,3.0,20.0,"Phường An Lạc, Quận Bình Tân, TP.HCM",TP.HCM,Quận Bình Tân,Giấy tờ hợp lệ,,4.0
900,Nhà hẻm ngõ,6.2,70.0,m²,4.0,,,,"Đường Ni Sư Huỳnh Liên, Phường 10, Quận Tân Bình, TP.HCM",TP.HCM,Quận Tân Bình,Sổ hồng,,
901,Nhà hẻm ngõ,4.75,36.0,m²,2.0,2.0,4.0,9.0,"Phường Bình Trị Đông, Quận Bình Tân, TP.HCM",TP.HCM,Quận Bình Tân,Giấy tờ hợp lệ,,4.0
902,Nhà hẻm ngõ,2.5,21.0,m²,1.0,2.0,2.0,7.1,"499/6/118C, Đường Quang Trung, Phường 10, Quận Gò Vấp, TP.HCM",TP.HCM,Quận Gò Vấp,Sổ hồng,,3.1
903,Nhà mặt tiền,20.0,110.0,m²,,,,,"Đường Số 26, Phường 10, Quận 6, TP.HCM",TP.HCM,Quận 6,Sổ hồng,,
904,Nhà mặt tiền,18.0,68.0,m²,2.0,2.0,1.0,16.0,"Phường 13, Quận Tân Bình, TP.HCM",TP.HCM,Quận Tân Bình,Giấy tờ hợp lệ,,4.2
905,Nhà hẻm ngõ,3.97,37.0,m²,3.0,2.0,1.0,7.5,"Đường Huỳnh Tấn Phát, Thị Trấn Nhà Bè, Huyện Nhà Bè, TP.HCM",TP.HCM,Huyện Nhà Bè,Sổ hồng,,5.0
906,Nhà hẻm ngõ,8.99,36.0,m²,3.0,3.0,5.0,11.5,"Đường Cách Mạng Tháng 8, Phường 11, Quận 3, TP.HCM",TP.HCM,Quận 3,Sổ hồng,,3.2
907,Nhà mặt tiền,2.35,86.0,m²,4.0,4.0,,,"Đường Tân Kỳ Tân Quý, Phường Bình Hưng Hòa B, Quận Bình Tân, TP.HCM",TP.HCM,Quận Bình Tân,Sổ hồng,,
908,Nhà hẻm ngõ,7.15,81.0,m²,3.0,2.0,2.0,18.0,"Phường Hòa Thạnh, Quận Tân Phú, TP.HCM",TP.HCM,Quận Tân Phú,Giấy tờ hợp lệ,Đông,4.4
909,Nhà mặt tiền,0.95,108.0,m²,,,,,"Đường Tân Thới Nhì 12, Xã Tân Thới Nhì, Huyện Hóc Môn, TP.HCM",TP.HCM,Huyện Hóc Môn,Sổ hồng,,
910,Nhà hẻm ngõ,6.9,75.0,m²,4.0,5.0,3.0,15.0,"Đường Huỳnh Văn Nghệ, Phường 15, Quận Tân Bình, TP.HCM",TP.HCM,Quận Tân Bình,Sổ hồng,,5.0
911,Nhà mặt tiền,80.0,100.0,m²,,,,,"Phường 5, Quận 3, TP.HCM",TP.HCM,Quận 3,Sổ hồng,,
912,Nhà hẻm ngõ,3.8,65.0,m²,3.0,3.0,3.0,13.7,"Đường Lý Thái Tổ, Phường 1, Quận 10, TP.HCM",TP.HCM,Quận 10,Sổ hồng,,4.6
913,Nhà hẻm ngõ,5.4,42.0,m²,3.0,3.0,2.0,12.0,"Phường 8, Quận Gò Vấp, TP.HCM",TP.HCM,Quận Gò Vấp,Giấy tờ hợp lệ,,3.5
914,Nhà hẻm ngõ,7.5,72.0,m²,4.0,5.0,,16.0,"Thị Trấn Nhà Bè, Huyện Nhà Bè, TP.HCM",TP.HCM,Huyện Nhà Bè,Giấy tờ hợp lệ,,4.0
915,Nhà hẻm ngõ,1.36,27.0,m²,2.0,2.0,1.0,10.0,"Xã Bình Hưng, Huyện Bình Chánh, TP.HCM",TP.HCM,Huyện Bình Chánh,Đang chờ sổ,Đông Bắc,2.7
916,Nhà mặt tiền,5.88,56.0,m²,3.0,3.0,3.0,14.0,"Phường Bình Trị Đông A, Quận Bình Tân, TP.HCM",TP.HCM,Quận Bình Tân,Giấy tờ hợp lệ,,4.0
917,Nhà hẻm ngõ,4.4,81.7,m²,2.0,2.0,2.0,19.0,"Phường Hiệp Thành, Quận 12, TP.HCM",TP.HCM,Quận 12,Giấy tờ hợp lệ,,4.3
918,Nhà mặt tiền,13.0,71.0,m²,,,,17.0,"Đường Cách Mạng, Phường Tân Thành, Quận Tân Phú, TP.HCM",TP.HCM,Quận Tân Phú,Sổ hồng,,4.0
919,Nhà mặt tiền,23.5,78.9,m²,1.0,,,18.0,"Phường 16, Quận Gò Vấp, TP.HCM",TP.HCM,Quận Gò Vấp,Giấy tờ hợp lệ,,7.0
920,Nhà mặt tiền,15.0,56.0,m²,4.0,3.0,4.0,13.0,"Đường Nguyễn Văn Lượng, Phường 6, Quận Gò Vấp, TP.HCM",TP.HCM,Quận Gò Vấp,Sổ hồng,,4.2
921,Nhà hẻm ngõ,2.98,61.0,m²,3.0,2.0,2.0,13.0,"H1183, Đường Phạm Thế Hiển, Phường 5, Quận 8, TP.HCM",TP.HCM,Quận 8,Sổ hồng,Tây Nam,3.5
922,Nhà mặt tiền,33.0,70.0,m²,,,4.0,,"ID33470, Đường An Dương Vương, Phường 4, Quận 5, TP.HCM",TP.HCM,Quận 5,Sổ hồng,,
923,Nhà mặt tiền,7.5,120.0,m²,6.0,6.0,3.0,20.0,"Phường Trung Mỹ Tây, Quận 12, TP.HCM",TP.HCM,Quận 12,Giấy tờ hợp lệ,,6.0
924,Nhà hẻm ngõ,7.9,63.0,m²,,,,,"Đường Ba Vân, Phường 14, Quận Tân Bình, TP.HCM",TP.HCM,Quận Tân Bình,Sổ hồng,,
925,Nhà hẻm ngõ,3.6,32.0,m²,3.0,1.0,3.0,8.0,"Phường Tân Sơn Nhì, Quận Tân Phú, TP.HCM",TP.HCM,Quận Tân Phú,Giấy tờ hợp lệ,,4.0
926,Nhà hẻm ngõ,7.85,42.0,m²,6.0,6.0,5.0,10.5,"Phường 17, Quận Phú Nhuận, TP.HCM",TP.HCM,Quận Phú Nhuận,Giấy tờ hợp lệ,,4.1
927,Nhà mặt tiền,19.5,102.0,m²,8.0,6.0,,22.0,"Đường Nguyễn Kiệm, Phường 9, Quận Phú Nhuận, TP.HCM",TP.HCM,Quận Phú Nhuận,Sổ hồng,,5.0
928,Nhà mặt tiền,14.95,52.0,m²,7.0,,6.0,,"Phường 6, Quận 5, TP.HCM",TP.HCM,Quận 5,Giấy tờ hợp lệ,,
929,Nhà hẻm ngõ,4.5,44.0,m²,4.0,,,8.5,"Phường 22, Quận Bình Thạnh, TP.HCM",TP.HCM,Quận Bình Thạnh,Giấy tờ hợp lệ,,5.2
930,Nhà hẻm ngõ,17.0,64.0,m²,5.0,6.0,6.0,17.0,"118/15, Đường Trần Quang Diệu, Phường 14, Quận 3, TP.HCM",TP.HCM,Quận 3,Sổ hồng,Đông Nam,4.2
931,Nhà hẻm ngõ,5.3,32.9,m²,,,1.0,,"490, Đường Đoàn Văn Bơ, Phường 15, Quận 4, TP.HCM",TP.HCM,Quận 4,Sổ hồng,,
932,Nhà mặt tiền,2.99,18.0,m²,1.0,1.0,2.0,,"Phường 4, Quận Tân Bình, TP.HCM",TP.HCM,Quận Tân Bình,Giấy tờ hợp lệ,,
933,Nhà mặt tiền,1.05,20.0,m²,5.0,5.0,1.0,,"Xã Thới Tam Thôn, Huyện Hóc Môn, TP.HCM",TP.HCM,Huyện Hóc Môn,Giấy tờ hợp lệ,,
934,Nhà mặt tiền,18.9,77.0,m²,5.0,5.0,6.0,17.0,"Phường 4, Quận Tân Bình, TP.HCM",TP.HCM,Quận Tân Bình,Giấy tờ hợp lệ,,4.5
935,Nhà hẻm ngõ,2.78,17.5,m²,3.0,3.0,3.0,4.0,"H2081, Đường Phạm Thế Hiển, Phường 6, Quận 8, TP.HCM",TP.HCM,Quận 8,Giấy tờ khác,,4.0
936,Nhà hẻm ngõ,2.85,44.0,m²,,,,,"Đường số 1, Phường Trường Thọ, TP. Thủ Đức - Quận Thủ Đức, TP.HCM",TP.HCM,TP. Thủ Đức - Quận Thủ Đức,Sổ hồng,,
937,Nhà mặt tiền,2.8,22.0,m²,2.0,2.0,2.0,11.0,"Phường 4, Quận 6, TP.HCM",TP.HCM,Quận 6,Giấy tờ hợp lệ,Tây Bắc,2.3
938,Nhà hẻm ngõ,4.2,44.0,m²,1.0,2.0,2.0,11.0,"Phường Tân Sơn Nhì, Quận Tân Phú, TP.HCM",TP.HCM,Quận Tân Phú,Giấy tờ hợp lệ,,4.0
939,Nhà hẻm ngõ,9.0,60.0,m²,4.0,4.0,5.0,12.0,"Phường 13, Quận Tân Bình, TP.HCM",TP.HCM,Quận Tân Bình,Giấy tờ hợp lệ,,5.4
940,Nhà mặt tiền,23.0,136.0,m²,2.0,2.0,,34.0,"Đường Nguyễn Duy Trinh, Phường Bình Trưng Tây, TP. Thủ Đức - Quận 2, TP.HCM",TP.HCM,TP. Thủ Đức - Quận 2,Sổ hồng,,4.0
941,Nhà mặt tiền,37.5,102.0,m²,6.0,6.0,4.0,25.0,"Đường Võ Văn Kiệt, Phường Cầu Ông Lãnh, Quận 1, TP.HCM",TP.HCM,Quận 1,Sổ hồng,Đông Nam,4.0
942,Nhà mặt tiền,24.0,88.0,m²,,,,18.0,"Đường Phổ Quang, Phường 9, Quận Phú Nhuận, TP.HCM",TP.HCM,Quận Phú Nhuận,Sổ hồng,,5.0
943,Nhà hẻm ngõ,7.7,75.0,m²,5.0,5.0,4.0,15.0,"Phường Tây Thạnh, Quận Tân Phú, TP.HCM",TP.HCM,Quận Tân Phú,Giấy tờ hợp lệ,,5.0
944,Nhà hẻm ngõ,5.85,52.0,m²,4.0,3.0,3.0,13.0,"Phường Bình Trị Đông, Quận Bình Tân, TP.HCM",TP.HCM,Quận Bình Tân,Giấy tờ hợp lệ,,4.0
945,Nhà mặt tiền,1.05,50.0,m²,3.0,2.0,2.0,10.0,"Xã Hưng Long, Huyện Bình Chánh, TP.HCM",TP.HCM,Huyện Bình Chánh,Giấy tờ hợp lệ,Nam,5.0
946,Nhà hẻm ngõ,8.8,36.0,m²,3.0,3.0,4.0,10.5,"Đường Phó Đức Chính, Phường Nguyễn Thái Bình, Quận 1, TP.HCM",TP.HCM,Quận 1,Sổ hồng,,3.4
947,Nhà hẻm ngõ,6.6,42.0,m²,4.0,3.0,3.0,10.0,"Phường 3, Quận 8, TP.HCM",TP.HCM,Quận 8,Giấy tờ hợp lệ,Đông Nam,4.2
948,Nhà mặt tiền,1.9,11.8,m²,1.0,1.0,2.0,,"269A, Đường Huỳnh Văn Bánh, Phường 11, Quận Phú Nhuận, TP.HCM",TP.HCM,Quận Phú Nhuận,Sổ hồng,,
949,Nhà mặt tiền,15.2,72.0,m²,,,,9.0,"Đường Tân Vĩnh, Phường 6, Quận 4, TP.HCM",TP.HCM,Quận 4,Sổ hồng,,8.0
950,Nhà hẻm ngõ,4.35,80.0,m²,3.0,2.0,,16.0,"Phường Tân Chánh Hiệp, Quận 12, TP.HCM",TP.HCM,Quận 12,Giấy tờ hợp lệ,,5.0
951,Nhà mặt tiền,165.0,250.0,m²,,,,27.0,"Đường Lê Văn Sỹ, Phường 14, Quận 3, TP.HCM",TP.HCM,Quận 3,Sổ hồng,,15.0
952,Nhà hẻm ngõ,4.0,32.8,m²,2.0,1.0,2.0,,"Phường 5, Quận 6, TP.HCM",TP.HCM,Quận 6,Giấy tờ hợp lệ,,
953,Nhà hẻm ngõ,5.5,50.0,m²,1.0,2.0,2.0,10.0,"Phường 14, Quận 6, TP.HCM",TP.HCM,Quận 6,Giấy tờ hợp lệ,Đông Bắc,4.6
954,Nhà hẻm ngõ,13.7,64.0,m²,4.0,4.0,4.0,16.0,"Phường 2, Quận Tân Bình, TP.HCM",TP.HCM,Quận Tân Bình,Giấy tờ hợp lệ,,4.2
955,Nhà mặt tiền,12.0,90.0,m²,5.0,4.0,,18.0,"Phường Bình Trị Đông, Quận Bình Tân, TP.HCM",TP.HCM,Quận Bình Tân,Giấy tờ hợp lệ,,5.0
956,Nhà hẻm ngõ,5.95,48.0,m²,3.0,3.0,1.0,8.0,"Đường Phan Tây Hồ, Phường 7, Quận Phú Nhuận, TP.HCM",TP.HCM,Quận Phú Nhuận,Sổ hồng,,6.0
957,Nhà hẻm ngõ,4.45,40.0,m²,2.0,2.0,2.0,12.0,"Phường Sơn Kỳ, Quận Tân Phú, TP.HCM",TP.HCM,Quận Tân Phú,Giấy tờ hợp lệ,,3.5
958,Nhà mặt tiền,14.5,45.0,m²,,,,,"Phường 6, Quận 4, TP.HCM",TP.HCM,Quận 4,Sổ hồng,,
959,Nhà hẻm ngõ,41.0,288.0,m²,11.0,7.0,5.0,24.0,"Phường 5, Quận Gò Vấp, TP.HCM",TP.HCM,Quận Gò Vấp,Giấy tờ hợp lệ,,12.0
960,Biệt thự,38.0,160.0,m²,,,,21.0,"Đường Lê Văn Sỹ, Phường 3, Quận 3, TP.HCM",TP.HCM,Quận 3,Sổ hồng,Đông Nam,9.0
961,Nhà mặt tiền,14.5,45.0,m²,,,,,"Phường 6, Quận 4, TP.HCM",TP.HCM,Quận 4,Sổ hồng,,
962,Nhà hẻm ngõ,41.0,288.0,m²,11.0,7.0,5.0,24.0,"Phường 5, Quận Gò Vấp, TP.HCM",TP.HCM,Quận Gò Vấp,Giấy tờ hợp lệ,,12.0
963,Nhà mặt tiền,15.0,104.0,m²,,,,,"Đường Số 22, Phường 11, Quận 6, TP.HCM",TP.HCM,Quận 6,Sổ hồng,,
964,Nhà mặt tiền,100.0,140.0,m²,17.0,18.0,7.0,27.5,"7, Đường Ngô Văn Năm, Phường Bến Nghé, Quận 1, TP.HCM",TP.HCM,Quận 1,Sổ hồng,Đông Bắc,5.6
965,Biệt thự,10.0,271.5,m²,4.0,4.0,,29.5,"Đường Quốc Lộ 1A, Phường Bình Hưng Hòa B, Quận Bình Tân, TP.HCM",TP.HCM,Quận Bình Tân,Sổ hồng,,5.2
966,Nhà hẻm ngõ,3.8,70.0,m²,4.0,5.0,,,"Đường Kỳ Đồng, Phường 9, Quận 3, TP.HCM",TP.HCM,Quận 3,Sổ hồng,,
967,Nhà hẻm ngõ,1.05,80.0,m²,2.0,,,16.0,"Đường Trịnh Thị Miếng, Xã Thới Tam Thôn, Huyện Hóc Môn, TP.HCM",TP.HCM,Huyện Hóc Môn,Sổ hồng,,5.0
968,Nhà hẻm ngõ,3.7,50.0,m²,2.0,2.0,3.0,13.0,"Phường Bình Chiểu, TP. Thủ Đức - Quận Thủ Đức, TP.HCM",TP.HCM,TP. Thủ Đức - Quận Thủ Đức,Giấy tờ hợp lệ,Tây,4.0
969,Nhà hẻm ngõ,6.0,45.0,m²,4.0,4.0,4.0,12.0,"Phường 5, Quận Phú Nhuận, TP.HCM",TP.HCM,Quận Phú Nhuận,Giấy tờ hợp lệ,,3.8
970,Nhà hẻm ngõ,8.9,34.0,m²,2.0,3.0,4.0,11.0,"Phường 2, Quận 3, TP.HCM",TP.HCM,Quận 3,Giấy tờ hợp lệ,,3.3
971,Nhà hẻm ngõ,5.35,44.5,m²,6.0,5.0,,16.0,"Phường 15, Quận 4, TP.HCM",TP.HCM,Quận 4,Giấy tờ hợp lệ,,2.7
972,Nhà mặt tiền,5.75,60.0,m²,3.0,2.0,2.0,15.0,"Phường Bình Hưng Hòa A, Quận Bình Tân, TP.HCM",TP.HCM,Quận Bình Tân,Giấy tờ hợp lệ,,4.0
973,Nhà mặt tiền,28.0,105.0,m²,34.0,33.0,,24.0,"Đường Tôn Thất Thuyết, Phường 18, Quận 4, TP.HCM",TP.HCM,Quận 4,Sổ hồng,,5.0
974,Nhà hẻm ngõ,3.85,32.0,m²,2.0,2.0,3.0,9.0,"Phường Bình Trị Đông, Quận Bình Tân, TP.HCM",TP.HCM,Quận Bình Tân,Giấy tờ hợp lệ,,3.5
975,Nhà mặt tiền,6.2,67.0,m²,3.0,3.0,,17.0,"Đường Đoàn Văn Bơ, Phường 15, Quận 4, TP.HCM",TP.HCM,Quận 4,Sổ hồng,Tây,4.0
976,Nhà mặt tiền,6.5,72.0,m²,3.0,3.0,3.0,18.0,"Phường Thạnh Lộc, Quận 12, TP.HCM",TP.HCM,Quận 12,Sổ hồng,,4.0
977,Nhà hẻm ngõ,4.84,64.1,m²,3.0,2.0,2.0,16.0,"Đường Thống Nhất, Phường 11, Quận Gò Vấp, TP.HCM",TP.HCM,Quận Gò Vấp,Sổ hồng,,4.0
978,Nhà hẻm ngõ,15.5,80.0,m²,13.0,13.0,6.0,20.0,"Đường Cộng Hòa, Phường 4, Quận Tân Bình, TP.HCM",TP.HCM,Quận Tân Bình,Sổ hồng,,4.2
979,Nhà hẻm ngõ,6.5,80.0,m²,4.0,5.0,4.0,20.0,"Phường Bình Hưng Hòa A, Quận Bình Tân, TP.HCM",TP.HCM,Quận Bình Tân,Giấy tờ hợp lệ,,4.0
980,Nhà mặt tiền,18.0,112.0,m²,9.0,7.0,4.0,23.0,"Phường 12, Quận Tân Bình, TP.HCM",TP.HCM,Quận Tân Bình,Giấy tờ hợp lệ,,4.0
981,Nhà mặt tiền,18.0,56.0,m²,5.0,3.0,,14.0,"Đường Cư xá Đô Thành, Phường 4, Quận 3, TP.HCM",TP.HCM,Quận 3,Sổ hồng,Tây Bắc,4.0
982,Nhà hẻm ngõ,15.5,80.0,m²,13.0,13.0,6.0,20.0,"Đường Cộng Hòa, Phường 4, Quận Tân Bình, TP.HCM",TP.HCM,Quận Tân Bình,Sổ hồng,,4.2
983,Nhà hẻm ngõ,6.5,80.0,m²,4.0,5.0,4.0,20.0,"Phường Bình Hưng Hòa A, Quận Bình Tân, TP.HCM",TP.HCM,Quận Bình Tân,Giấy tờ hợp lệ,,4.0
984,Nhà hẻm ngõ,2.9,32.0,m²,2.0,2.0,2.0,8.0,"Phường Bình Trị Đông, Quận Bình Tân, TP.HCM",TP.HCM,Quận Bình Tân,Giấy tờ hợp lệ,,4.0
985,Nhà hẻm ngõ,35.0,230.0,m²,,,6.0,22.0,"ID46492, Đường Nơ Trang Long, Phường 12, Quận Bình Thạnh, TP.HCM",TP.HCM,Quận Bình Thạnh,Sổ hồng,,12.0
986,Nhà hẻm ngõ,2.7,60.0,m²,4.0,4.0,2.0,15.0,"Đường Lò Lu, Phường Long Trường, TP. Thủ Đức - Quận 9, TP.HCM",TP.HCM,TP. Thủ Đức - Quận 9,Sổ hồng,,4.0
987,Nhà hẻm ngõ,29.9,85.0,m²,10.0,11.0,6.0,14.0,"305C, Đường Nguyễn Văn Trỗi, Phường 1, Quận Tân Bình, TP.HCM",TP.HCM,Quận Tân Bình,Sổ hồng,,7.5
988,Nhà mặt tiền,6.99,25.4,m²,2.0,3.0,,6.5,"Đường Cô Giang, Phường 2, Quận Phú Nhuận, TP.HCM",TP.HCM,Quận Phú Nhuận,Sổ hồng,,3.9
989,Nhà hẻm ngõ,2.75,60.0,m²,4.0,5.0,2.0,15.0,"Đường Ngô Gia Tự, Phường 4, Quận 10, TP.HCM",TP.HCM,Quận 10,Sổ hồng,,4.0
990,Nhà hẻm ngõ,9.0,40.0,m²,6.0,6.0,5.0,,"Phường 6, Quận Tân Bình, TP.HCM",TP.HCM,Quận Tân Bình,Giấy tờ hợp lệ,,
991,Nhà hẻm ngõ,12.5,82.0,m²,,,4.0,12.0,"Đường Lạc Long Quân, Phường 5, Quận 11, TP.HCM",TP.HCM,Quận 11,Sổ hồng,,7.0
992,Nhà hẻm ngõ,8.7,88.0,m²,5.0,4.0,4.0,22.0,"Phường Bình Trị Đông B, Quận Bình Tân, TP.HCM",TP.HCM,Quận Bình Tân,Giấy tờ hợp lệ,,4.0
993,Nhà hẻm ngõ,9.0,75.0,m²,,,,16.0,"Đường Lê Văn Duyệt, Phường 3, Quận Bình Thạnh, TP.HCM",TP.HCM,Quận Bình Thạnh,Sổ hồng,,4.1
994,Nhà hẻm ngõ,4.84,64.1,m²,3.0,2.0,2.0,16.0,"Đường Thống Nhất, Phường 11, Quận Gò Vấp, TP.HCM",TP.HCM,Quận Gò Vấp,Sổ hồng,,4.0
995,Nhà hẻm ngõ,2.65,31.0,m²,3.0,3.0,3.0,10.2,"Đường Cao Thắng, Phường 12, Quận 10, TP.HCM",TP.HCM,Quận 10,Sổ hồng,,3.1
996,Nhà hẻm ngõ,5.0,60.0,m²,5.0,5.0,,12.0,"Đường Liên Khu 4-5, Phường Bình Hưng Hòa B, Quận Bình Tân, TP.HCM",TP.HCM,Quận Bình Tân,Sổ hồng,,5.0
997,Nhà hẻm ngõ,12.5,100.0,m²,5.0,3.0,3.0,20.0,"Đường Phan Huy Ích, Phường 15, Quận Tân Bình, TP.HCM",TP.HCM,Quận Tân Bình,Sổ hồng,,5.0
998,Nhà mặt tiền,7.8,99.0,m²,3.0,4.0,3.0,18.0,"Đường Đỗ Thúc Tịnh, Phường 12, Quận Gò Vấp, TP.HCM",TP.HCM,Quận Gò Vấp,Sổ hồng,,5.5
999,Nhà mặt tiền,5.2,56.0,m²,3.0,3.0,3.0,14.0,"Phường Bình Hưng Hòa A, Quận Bình Tân, TP.HCM",TP.HCM,Quận Bình Tân,Giấy tờ hợp lệ,Đông,4.0
1000,Nhà hẻm ngõ,32.0,110.0,m²,,,,,"Đường Đội Cấn, Phường Đội Cấn, Quận Ba Đình, Hà Nội",Hà Nội,Quận Ba Đình,Sổ hồng,,
1001,Nhà mặt tiền,50.0,48.0,m²,3.0,2.0,4.0,,"9 , Đường Gia Ngư, Phường Hàng Bạc, Quận Hoàn Kiếm, Hà Nội",Hà Nội,Quận Hoàn Kiếm,Sổ đỏ,,
1002,Nhà hẻm ngõ,7.5,27.0,m²,3.0,3.0,5.0,,"31, Đường Phố Trịnh Đình Cửu, Phường Định Công, Quận Hoàng Mai, Hà Nội",Hà Nội,Quận Hoàng Mai,Sổ đỏ,,
1003,Nhà hẻm ngõ,15.0,57.0,m²,,,2.0,,"số 34 ngõ 199, Đường Lò Đúc, Phường Đống Mác, Quận Hai Bà Trưng, Hà Nội",Hà Nội,Quận Hai Bà Trưng,Sổ đỏ,,
1004,Nhà hẻm ngõ,0.14,72.0,m²,,,1.0,18.0,"Đường Gốc Đề, Xã Hải Bối, Huyện Đông Anh, Hà Nội",Hà Nội,Huyện Đông Anh,Sổ đỏ,,4.0
1005,Nhà mặt tiền,29.6,80.0,m²,,,6.0,16.0,"Nhà số 59 Lô 7A, khu X2A, Đường Hưng Thịnh, Phường Yên Sở, Quận Hoàng Mai, Hà Nội",Hà Nội,Quận Hoàng Mai,Sổ đỏ,,5.4
1006,Nhà hẻm ngõ,0.12345,30.0,m²,,,,,"Đường Kim Mã, Phường Kim Mã, Quận Ba Đình, Hà Nội",Hà Nội,Quận Ba Đình,Sổ đỏ,,
1007,Nhà hẻm ngõ,6.95,57.0,m²,,,,,"Phường Phúc Đồng, Quận Long Biên, Hà Nội",Hà Nội,Quận Long Biên,Sổ đỏ,,
1008,Nhà hẻm ngõ,16.0,101.0,m²,,,2.0,,"Đường Hàng Chuối, Phường Phạm Đình Hổ, Quận Hai Bà Trưng, Hà Nội",Hà Nội,Quận Hai Bà Trưng,Sổ đỏ,,
1009,Nhà hẻm ngõ,12.5,52.5,m²,6.0,5.0,6.0,,"Đường Cổ Nhuế, Phường Cổ Nhuế 2, Quận Bắc Từ Liêm, Hà Nội",Hà Nội,Quận Bắc Từ Liêm,Sổ đỏ,Tây Nam,
1010,Nhà mặt tiền,32.0,66.0,m²,,,6.0,,"Đường khu Đồng Tàu, Phường Thịnh Liệt, Quận Hoàng Mai, Hà Nội",Hà Nội,Quận Hoàng Mai,Sổ đỏ,,
1011,Nhà hẻm ngõ,3.2,63.0,m²,,,,,"Phường Bồ Đề, Quận Long Biên, Hà Nội",Hà Nội,Quận Long Biên,Giấy tờ hợp lệ,,
1012,Nhà hẻm ngõ,21.0,58.9,m²,,,,,"Phường Đồng Tâm, Quận Hai Bà Trưng, Hà Nội",Hà Nội,Quận Hai Bà Trưng,Sổ đỏ,,
1013,Nhà hẻm ngõ,17.2,436.0,m²,3.0,3.0,3.0,,"68, Đường Lý Thường Kiệt, Phường Trần Hưng Đạo, Quận Hoàn Kiếm, Hà Nội",Hà Nội,Quận Hoàn Kiếm,Sổ đỏ,,
1014,Nhà hẻm ngõ,14.65,46.0,m²,4.0,5.0,6.0,,"Đường Hoàng Mai, Phường Hoàng Văn Thụ, Quận Hoàng Mai, Hà Nội",Hà Nội,Quận Hoàng Mai,Sổ đỏ,,
1015,Nhà hẻm ngõ,19.8,51.2,m²,,,,,"Phường Thụy Khuê, Quận Tây Hồ, Hà Nội",Hà Nội,Quận Tây Hồ,Sổ đỏ,Tây,
1016,Nhà hẻm ngõ,11.0,35.0,m²,4.0,4.0,,,"Đường Trần Phú, Phường Văn Quán, Quận Hà Đông, Hà Nội",Hà Nội,Quận Hà Đông,Sổ đỏ,,
1017,Nhà mặt tiền,36.5,35.0,m²,3.0,3.0,5.0,,"Đường Trường Chinh, Phường Khương Mai, Quận Thanh Xuân, Hà Nội",Hà Nội,Quận Thanh Xuân,Sổ hồng,Đông Bắc,
1018,Nhà hẻm ngõ,8.75,45.0,m²,,,,,"Đường Ngõ Văn Hương, Phường Văn Miếu, Quận Đống Đa, Hà Nội",Hà Nội,Quận Đống Đa,Sổ đỏ,,
1019,Biệt thự,52.0,148.0,m²,4.0,5.0,,,"Quận Thanh Xuân, Hà Nội",Hà Nội,Quận Thanh Xuân,Sổ hồng,,
1020,Nhà hẻm ngõ,7.2,35.0,m²,3.0,4.0,,8.5,"Phường Thanh Lương, Quận Hai Bà Trưng, Hà Nội",Hà Nội,Quận Hai Bà Trưng,Sổ đỏ,,4.0
1021,Nhà hẻm ngõ,12.0,65.0,m²,4.0,5.0,6.0,,"Đường Phố Vọng, Phường Bách Khoa, Quận Hai Bà Trưng, Hà Nội",Hà Nội,Quận Hai Bà Trưng,Sổ đỏ,,
1022,Nhà hẻm ngõ,2.96,20.0,m²,,,,,"Phường Phạm Đình Hổ, Quận Hai Bà Trưng, Hà Nội",Hà Nội,Quận Hai Bà Trưng,Sổ đỏ,,
1023,Nhà mặt tiền,,80.0,m²,,,,,"Đường Giảng Võ, Phường Giảng Võ, Quận Ba Đình, Hà Nội",Hà Nội,Quận Ba Đình,Sổ đỏ,,
1024,Nhà hẻm ngõ,8.75,41.0,m²,,,,,"Phường Vĩnh Hưng, Quận Hoàng Mai, Hà Nội",Hà Nội,Quận Hoàng Mai,Sổ đỏ,,
1025,Nhà mặt tiền,63.5,90.0,m²,,,,,"Phường Hàng Buồm, Quận Hoàn Kiếm, Hà Nội",Hà Nội,Quận Hoàn Kiếm,Sổ đỏ,,
1026,Nhà mặt tiền,15.9,70.0,m²,,,,,"Phường Giáp Bát, Quận Hoàng Mai, Hà Nội",Hà Nội,Quận Hoàng Mai,Sổ đỏ,,
1027,Nhà mặt tiền,45.0,50.0,m²,,,,,"Phường Phạm Đình Hổ, Quận Hai Bà Trưng, Hà Nội",Hà Nội,Quận Hai Bà Trưng,Sổ đỏ,,
1028,Nhà mặt tiền,22.0,80.0,m²,,,,,"Phường Giáp Bát, Quận Hoàng Mai, Hà Nội",Hà Nội,Quận Hoàng Mai,Sổ đỏ,,
1029,Nhà mặt tiền,378.0,132.0,m²,,,,,"Phường Hàng Trống, Quận Hoàn Kiếm, Hà Nội",Hà Nội,Quận Hoàn Kiếm,Sổ đỏ,,
1030,Nhà hẻm ngõ,7.1,35.0,m²,,,3.0,,"Đường Trung Phụng, Phường Trung Phụng, Quận Đống Đa, Hà Nội",Hà Nội,Quận Đống Đa,Sổ đỏ,,
1031,Nhà hẻm ngõ,6.5,30.0,m²,,,,,"Đường Phố Tân Khai, Phường Vĩnh Hưng, Quận Hoàng Mai, Hà Nội",Hà Nội,Quận Hoàng Mai,Sổ đỏ,,
1032,Nhà hẻm ngõ,13.9,40.0,m²,,,6.0,,"Đường Cầu Giấy, Phường Yên Hòa, Quận Cầu Giấy, Hà Nội",Hà Nội,Quận Cầu Giấy,Sổ đỏ,,
1033,Nhà mặt tiền,28.0,57.0,m²,,,5.0,,"Đường Trung Phụng, Phường Trung Phụng, Quận Đống Đa, Hà Nội",Hà Nội,Quận Đống Đa,Sổ đỏ,,
1034,Nhà hẻm ngõ,10.8,35.0,m²,,,5.0,,"Đường Nguyễn Khang, Phường Quan Hoa, Quận Cầu Giấy, Hà Nội",Hà Nội,Quận Cầu Giấy,Sổ đỏ,,
1035,Nhà mặt tiền,23.8,122.0,m²,4.0,4.0,3.0,,"Đường Tây Tựu, Phường Tây Tựu, Quận Bắc Từ Liêm, Hà Nội",Hà Nội,Quận Bắc Từ Liêm,Sổ đỏ,,
1036,Nhà mặt tiền,38.7,86.0,m²,,,,,"140, Đường Khâm Thiên, Phường Ô Chợ Dừa, Quận Đống Đa, Hà Nội",Hà Nội,Quận Đống Đa,Sổ đỏ,,
1037,Nhà mặt tiền,23.22,54.0,m²,,,5.0,,"Đường Bờ Sông Sét, Phường Tương Mai, Quận Hoàng Mai, Hà Nội",Hà Nội,Quận Hoàng Mai,Sổ hồng,,
1038,Nhà hẻm ngõ,5.8,90.0,m²,3.0,2.0,3.0,,"Ngõ 20, Đường Cát Linh, Phường Cát Linh, Quận Đống Đa, Hà Nội",Hà Nội,Quận Đống Đa,Sổ đỏ,,
1039,Nhà mặt tiền,273.0,420.0,m²,,,,,"Đường Nguyễn Chí Thanh, Phường Láng Hạ, Quận Đống Đa, Hà Nội",Hà Nội,Quận Đống Đa,Sổ đỏ,,
1040,Nhà mặt tiền,193.6,176.0,m²,,,8.0,,"Đường Hàm Long, Phường Cửa Nam, Quận Hoàn Kiếm, Hà Nội",Hà Nội,Quận Hoàn Kiếm,Sổ đỏ,,
1041,Nhà mặt tiền,29.8,745.0,m²,,,6.0,,"Đường Trần Hữu Tước, Phường Nam Đồng, Quận Đống Đa, Hà Nội",Hà Nội,Quận Đống Đa,Sổ đỏ,,
1042,Nhà mặt tiền,1.69,776.0,m²,188.0,200.0,14.0,51.7,"Phường Trần Hưng Đạo, Quận Hoàn Kiếm, Hà Nội",Hà Nội,Quận Hoàn Kiếm,Sổ đỏ,Đông Bắc,15.0
1043,Nhà mặt tiền,305.0,227.0,m²,28.0,28.0,8.0,32.4,"Đường Xuân Diệu, Phường Quảng An, Quận Tây Hồ, Hà Nội",Hà Nội,Quận Tây Hồ,Sổ đỏ,Tây Nam,7.0
1044,Nhà mặt tiền,57.0,101.0,m²,4.0,4.0,5.0,15.0,"Đường Tô Ngọc Vân, Phường Quảng An, Quận Tây Hồ, Hà Nội",Hà Nội,Quận Tây Hồ,Sổ đỏ,Tây Nam,6.7
1045,Nhà hẻm ngõ,13.3,47.0,m²,7.0,8.0,8.0,10.4,"Đường Âu Cơ, Phường Tứ Liên, Quận Tây Hồ, Hà Nội",Hà Nội,Quận Tây Hồ,Sổ đỏ,Tây Nam,4.5
1046,Nhà mặt tiền,199.0,267.0,m²,18.0,18.0,7.0,26.7,"Đường Xuân La, Phường Xuân La, Quận Tây Hồ, Hà Nội",Hà Nội,Quận Tây Hồ,Sổ đỏ,Đông Bắc,104.0
1047,Nhà hẻm ngõ,11.8,55.0,m²,7.0,5.0,,,"Đường Lạc Trung, Phường Vĩnh Tuy, Quận Hai Bà Trưng, Hà Nội",Hà Nội,Quận Hai Bà Trưng,Sổ đỏ,,
1048,Nhà hẻm ngõ,19.5,40.0,m²,4.0,6.0,7.0,,"07, Đường Đào Tấn, Phường Cống Vị, Quận Ba Đình, Hà Nội",Hà Nội,Quận Ba Đình,Sổ đỏ,Đông Bắc,
1049,Nhà mặt tiền,51.5,80.0,m²,,,9.0,,"102, Đường Giáp Nhất, Phường Nhân Chính, Quận Thanh Xuân, Hà Nội",Hà Nội,Quận Thanh Xuân,Sổ đỏ,Đông Bắc,
1050,Nhà hẻm ngõ,2.6,38.0,m²,,,,,"Đường Nguyễn Xiển, Phường Thanh Xuân Nam, Quận Thanh Xuân, Hà Nội",Hà Nội,Quận Thanh Xuân,Sổ đỏ,,
1051,Nhà hẻm ngõ,19.5,63.0,m²,12.0,,7.0,,"Đường Minh Khai, Phường Mai Động, Quận Hoàng Mai, Hà Nội",Hà Nội,Quận Hoàng Mai,Sổ đỏ,,
1052,Nhà mặt tiền,20.0,93.0,m²,1.0,2.0,,,"Đường Quốc Lộ 1A, Thị trấn Thường Tín, Huyện Thường Tín, Hà Nội",Hà Nội,Huyện Thường Tín,Sổ đỏ,,
1053,Nhà hẻm ngõ,20.0,60.0,m²,4.0,4.0,,12.0,"Đường Trần Quý Cáp, Phường Văn Miếu, Quận Đống Đa, Hà Nội",Hà Nội,Quận Đống Đa,Sổ hồng,Đông Nam,4.5
1054,Biệt thự,45.0,250.0,m²,4.0,5.0,4.0,,"Quận Hà Đông, Hà Nội",Hà Nội,Quận Hà Đông,Sổ hồng,,
1055,Nhà hẻm ngõ,12.5,73.0,m²,8.0,,5.0,,"Đường Minh Khai, Phường Minh Khai, Quận Hai Bà Trưng, Hà Nội",Hà Nội,Quận Hai Bà Trưng,Sổ đỏ,,
1056,Nhà hẻm ngõ,12.2,55.0,m²,9.0,10.0,6.0,,"181, Đường Yên Lãng, Phường Thịnh Quang, Quận Đống Đa, Hà Nội",Hà Nội,Quận Đống Đa,Sổ đỏ,,
1057,Nhà hẻm ngõ,8.48,33.0,m²,4.0,5.0,,,"Đường Xã Đàn, Phường Phương Liên, Quận Đống Đa, Hà Nội",Hà Nội,Quận Đống Đa,Sổ đỏ,,
1058,Nhà mặt tiền,14.8,52.0,m²,5.0,5.0,,11.0,"Đường Trần Cung, Phường Cổ Nhuế 1, Quận Bắc Từ Liêm, Hà Nội",Hà Nội,Quận Bắc Từ Liêm,Sổ đỏ,,5.0
1059,Nhà hẻm ngõ,20.5,68.0,m²,4.0,,4.0,,"39, Đường Tây Sơn, Phường Quang Trung, Quận Đống Đa, Hà Nội",Hà Nội,Quận Đống Đa,Sổ đỏ,,
1060,Nhà hẻm ngõ,5.05,62.0,m²,7.0,2.0,2.0,17.7,"Đường Cầu Bươu, Phường Kiến Hưng, Quận Hà Đông, Hà Nội",Hà Nội,Quận Hà Đông,Sổ đỏ,Đông Nam,3.5
1061,Nhà hẻm ngõ,6.0,32.0,m²,3.0,3.0,4.0,,"Đường Thái Thịnh, Phường Thịnh Quang, Quận Đống Đa, Hà Nội",Hà Nội,Quận Đống Đa,Sổ đỏ,,
1062,Nhà hẻm ngõ,2.5,12.0,m²,1.0,1.0,3.0,3.5,"70, Đường Hàng Bột, Phường Hàng Bột, Quận Đống Đa, Hà Nội",Hà Nội,Quận Đống Đa,Giấy tờ hợp lệ,Đông Nam,3.5
1063,Nhà hẻm ngõ,21.6,54.0,m²,4.0,,4.0,,"39, Đường Trần Quốc Hoàn, Phường Dịch Vọng Hậu, Quận Cầu Giấy, Hà Nội",Hà Nội,Quận Cầu Giấy,Sổ đỏ,Nam,
1064,Nhà hẻm ngõ,22.2,72.0,m²,4.0,,4.0,,"Đường Phùng Chí Kiên, Phường Nghĩa Đô, Quận Cầu Giấy, Hà Nội",Hà Nội,Quận Cầu Giấy,Sổ đỏ,,
1065,Nhà mặt tiền,0.1,50.0,m²,,,,,"Đường Đồng Xuân, Phường Đồng Xuân, Quận Hoàn Kiếm, Hà Nội",Hà Nội,Quận Hoàn Kiếm,Sổ đỏ,,
1066,Nhà mặt tiền,3.85,42.0,m²,1.0,1.0,1.0,,"Quận Nam Từ Liêm, Hà Nội",Hà Nội,Quận Nam Từ Liêm,Sổ đỏ,,
1067,Nhà hẻm ngõ,18.0,59.0,m²,4.0,,4.0,,"112, Đường Ngọc Khánh, Phường Giảng Võ, Quận Ba Đình, Hà Nội",Hà Nội,Quận Ba Đình,Sổ đỏ,,
1068,Biệt thự,46.8,103.0,m²,5.0,,5.0,,"39, Đường Thọ Tháp, Phường Dịch Vọng, Quận Cầu Giấy, Hà Nội",Hà Nội,Quận Cầu Giấy,Sổ đỏ,,
1069,Nhà hẻm ngõ,29.0,76.0,m²,4.0,,4.0,,"102, Đường Phố Nghĩa Đô, Phường Nghĩa Đô, Quận Cầu Giấy, Hà Nội",Hà Nội,Quận Cầu Giấy,Sổ đỏ,,
1070,Nhà mặt tiền,38.0,52.0,m²,,,5.0,,"66, Đường Ngõ Thông Phong, Phường Quốc Tử Giám, Quận Đống Đa, Hà Nội",Hà Nội,Quận Đống Đa,Sổ đỏ,Đông Bắc,
1071,Nhà hẻm ngõ,27.85,70.0,m²,,,5.0,,"Đường Hoàng Cầu, Phường Ô Chợ Dừa, Quận Đống Đa, Hà Nội",Hà Nội,Quận Đống Đa,Sổ đỏ,,
1072,Nhà hẻm ngõ,43.5,118.0,m²,12.0,12.0,7.0,20.0,"Đường Thái Hà, Phường Trung Liệt, Quận Đống Đa, Hà Nội",Hà Nội,Quận Đống Đa,Sổ đỏ,Đông Nam,5.8
1073,Nhà mặt tiền,36.5,150.0,m²,,,,22.0,"Đường Bùi Xương Trạch, Phường Khương Đình, Quận Thanh Xuân, Hà Nội",Hà Nội,Quận Thanh Xuân,Sổ đỏ,Đông,7.2
1074,Nhà hẻm ngõ,29.99,65.0,m²,6.0,,7.0,,"89, Đường Hoàng Quốc Việt, Phường Nghĩa Đô, Quận Cầu Giấy, Hà Nội",Hà Nội,Quận Cầu Giấy,Sổ đỏ,,
1075,Nhà mặt tiền,29.89,60.0,m²,,,5.0,,"Đường Đông Các, Phường Ô Chợ Dừa, Quận Đống Đa, Hà Nội",Hà Nội,Quận Đống Đa,Sổ đỏ,,
1076,Nhà hẻm ngõ,12.3,65.0,m²,4.0,4.0,5.0,14.0,"Đường Âu Cơ, Phường Tứ Liên, Quận Tây Hồ, Hà Nội",Hà Nội,Quận Tây Hồ,Sổ đỏ,Đông Nam,4.5
1077,Nhà mặt tiền,290.0,340.0,m²,,,,,"Phường Hàng Bột, Quận Đống Đa, Hà Nội",Hà Nội,Quận Đống Đa,Sổ đỏ,,
1078,Nhà hẻm ngõ,22.4,74.0,m²,6.0,6.0,6.0,,"Đường Trung Kính, Phường Trung Hòa, Quận Cầu Giấy, Hà Nội",Hà Nội,Quận Cầu Giấy,Sổ đỏ,,
1079,Biệt thự,75.0,270.0,m²,,,,,"Phường Dịch Vọng, Quận Cầu Giấy, Hà Nội",Hà Nội,Quận Cầu Giấy,Sổ đỏ,,
1080,Nhà mặt tiền,62.0,86.0,m²,8.0,12.0,10.0,12.0,"Đường Đại Yên, Phường Đội Cấn, Quận Ba Đình, Hà Nội",Hà Nội,Quận Ba Đình,Sổ đỏ,,7.8
1081,Nhà mặt tiền,37.0,95.0,m²,,,,,"Đường Ngô Thì Nhậm, Phường Vạn Phúc, Quận Hà Đông, Hà Nội",Hà Nội,Quận Hà Đông,Sổ đỏ,,
1082,Nhà hẻm ngõ,2.8,18.0,m²,,,3.0,,"Đường Minh Khai, Phường Minh Khai, Quận Hai Bà Trưng, Hà Nội",Hà Nội,Quận Hai Bà Trưng,Sổ đỏ,,
1083,Nhà hẻm ngõ,31.5,106.0,m²,8.0,,,,"Đường Mạc Thái Tổ, Phường Yên Hòa, Quận Cầu Giấy, Hà Nội",Hà Nội,Quận Cầu Giấy,Sổ đỏ,,
1084,Nhà hẻm ngõ,9.0,30.0,m²,,,,,"Đường Hồ Văn Chương, Phường Khâm Thiên, Quận Đống Đa, Hà Nội",Hà Nội,Quận Đống Đa,Sổ đỏ,,
1085,Nhà mặt tiền,115.0,115.0,m²,,,,,"Phường Láng Thượng, Quận Đống Đa, Hà Nội",Hà Nội,Quận Đống Đa,Sổ đỏ,,
1086,Nhà mặt tiền,33.0,50.0,m²,,,,,"Phường Khương Mai, Quận Thanh Xuân, Hà Nội",Hà Nội,Quận Thanh Xuân,Sổ đỏ,,
1087,Nhà hẻm ngõ,6.8,37.0,m²,,,3.0,,"Đường Minh Khai, Phường Minh Khai, Quận Hai Bà Trưng, Hà Nội",Hà Nội,Quận Hai Bà Trưng,Sổ đỏ,,
1088,Nhà mặt tiền,70.0,150.0,m²,,,,,"Đường Quang Trung, Phường Văn Quán, Quận Hà Đông, Hà Nội",Hà Nội,Quận Hà Đông,Sổ đỏ,,
1089,Nhà hẻm ngõ,6.8,40.0,m²,,,3.0,,"Đường Trương Định, Phường Trương Định, Quận Hai Bà Trưng, Hà Nội",Hà Nội,Quận Hai Bà Trưng,Sổ đỏ,,
1090,Nhà mặt tiền,43.0,145.0,m²,,,,7.3,"Đường Nguyễn Xiển, Phường Kim Giang, Quận Thanh Xuân, Hà Nội",Hà Nội,Quận Thanh Xuân,Sổ đỏ,,15.6
1091,Nhà hẻm ngõ,15.0,50.0,m²,6.0,5.0,5.0,,"25, Đường Xuân La, Phường Xuân La, Quận Tây Hồ, Hà Nội",Hà Nội,Quận Tây Hồ,Sổ đỏ,,
1092,Nhà hẻm ngõ,11.5,55.0,m²,8.0,6.0,6.0,12.0,"Đường Hào Nam, Phường Cát Linh, Quận Đống Đa, Hà Nội",Hà Nội,Quận Đống Đa,Sổ đỏ,Tây Nam,4.5
1093,Nhà mặt tiền,20.9,50.0,m²,4.0,5.0,7.0,,"51, Đường Lương Khánh Thiện, Phường Tương Mai, Quận Hoàng Mai, Hà Nội",Hà Nội,Quận Hoàng Mai,Sổ đỏ,Tây,
1094,Nhà hẻm ngõ,7.0,30.0,m²,3.0,4.0,5.0,,"18, Đường An Dương Vương, Phường Phú Thượng, Quận Tây Hồ, Hà Nội",Hà Nội,Quận Tây Hồ,Sổ đỏ,,
1095,Nhà hẻm ngõ,17.5,50.0,m²,,,5.0,,"số 20 ngõ 112 , Đường Mễ Trì Thượng, Phường Mễ Trì, Quận Nam Từ Liêm, Hà Nội",Hà Nội,Quận Nam Từ Liêm,Sổ đỏ,,
1096,Nhà mặt tiền,69.0,110.0,m²,,,7.0,,"A980, Đường Bạch Mai, Phường Bạch Mai, Quận Hai Bà Trưng, Hà Nội",Hà Nội,Quận Hai Bà Trưng,Sổ đỏ,,
1097,Nhà hẻm ngõ,5.2,100.0,m²,,,,,"Đường Trần Nhật Duật, Phường Đồng Xuân, Quận Hoàn Kiếm, Hà Nội",Hà Nội,Quận Hoàn Kiếm,Sổ đỏ,,
1098,Nhà hẻm ngõ,12.5,47.8,m²,,,,,"Phường Láng Thượng, Quận Đống Đa, Hà Nội",Hà Nội,Quận Đống Đa,Sổ đỏ,,
1099,Nhà mặt tiền,34.5,58.4,m²,,,,,"Đường Cát Linh, Phường Cát Linh, Quận Đống Đa, Hà Nội",Hà Nội,Quận Đống Đa,Sổ đỏ,,
1100,Nhà hẻm ngõ,2.1,80.0,m²,,,,,"Đường Đê La Thành, Phường Láng Hạ, Quận Đống Đa, Hà Nội",Hà Nội,Quận Đống Đa,Sổ đỏ,,
1101,Nhà mặt tiền,34.5,75.0,m²,,,5.0,,"Đường Phan Kế Bính, Phường Cống Vị, Quận Ba Đình, Hà Nội",Hà Nội,Quận Ba Đình,Sổ đỏ,,
1102,Nhà hẻm ngõ,,43.0,m²,,,,,"Đường xóm 2, Xã Vĩnh Quỳnh, Huyện Thanh Trì, Hà Nội",Hà Nội,Huyện Thanh Trì,Sổ đỏ,,
1103,Nhà hẻm ngõ,15.2,48.0,m²,,,,,"Đường Trần Duy Hưng, Phường Trung Hòa, Quận Cầu Giấy, Hà Nội",Hà Nội,Quận Cầu Giấy,Sổ đỏ,,
1104,Nhà hẻm ngõ,6.3,32.0,m²,3.0,3.0,4.0,,"Đường Trần Khát Chân, Phường Thanh Nhàn, Quận Hai Bà Trưng, Hà Nội",Hà Nội,Quận Hai Bà Trưng,Sổ đỏ,,
1105,Nhà mặt tiền,36.0,50.0,m²,,,5.0,,"Đường Gầm Cầu, Phường Đồng Xuân, Quận Hoàn Kiếm, Hà Nội",Hà Nội,Quận Hoàn Kiếm,Sổ đỏ,,
1106,Nhà hẻm ngõ,7.75,32.0,m²,6.0,5.0,5.0,,"Đường Bạch Mai, Phường Bạch Mai, Quận Hai Bà Trưng, Hà Nội",Hà Nội,Quận Hai Bà Trưng,Sổ đỏ,,
1107,Nhà hẻm ngõ,8.25,35.0,m²,,,5.0,,"Đường Minh Khai, Phường Minh Khai, Quận Hai Bà Trưng, Hà Nội",Hà Nội,Quận Hai Bà Trưng,Sổ đỏ,,
1108,Nhà mặt tiền,10.0,20.0,m²,4.0,3.0,4.0,,"Đường Phố Vọng, Phường Đồng Tâm, Quận Hai Bà Trưng, Hà Nội",Hà Nội,Quận Hai Bà Trưng,Sổ đỏ,,
1109,Nhà hẻm ngõ,12.5,67.0,m²,,,,,"Đường Kim Ngưu, Phường Thanh Nhàn, Quận Hai Bà Trưng, Hà Nội",Hà Nội,Quận Hai Bà Trưng,Sổ đỏ,,
1110,Nhà hẻm ngõ,5.5,37.0,m²,3.0,3.0,4.0,,"Đường Bạch Mai, Phường Bạch Mai, Quận Hai Bà Trưng, Hà Nội",Hà Nội,Quận Hai Bà Trưng,Sổ đỏ,,
1111,Nhà mặt tiền,29.5,71.0,m²,5.0,5.0,7.0,,"389, Đường Trương Định, Phường Tương Mai, Quận Hoàng Mai, Hà Nội",Hà Nội,Quận Hoàng Mai,Sổ đỏ,Bắc,
1112,Nhà mặt tiền,29.0,50.0,m²,,,,,"Đường Nguyễn Xiển, Phường Thanh Xuân Nam, Quận Thanh Xuân, Hà Nội",Hà Nội,Quận Thanh Xuân,Sổ đỏ,,
1113,Nhà mặt tiền,20.0,26.0,m²,,,,,"Đường Xã Đàn, Phường Ô Chợ Dừa, Quận Đống Đa, Hà Nội",Hà Nội,Quận Đống Đa,Sổ đỏ,,
1114,Nhà hẻm ngõ,,80.0,m²,7.0,,5.0,,"Đường Lạc Long Quân, Phường Xuân La, Quận Tây Hồ, Hà Nội",Hà Nội,Quận Tây Hồ,Sổ đỏ,,
1115,Nhà mặt tiền,49.6,124.0,m²,,,,30.0,"146C, Đường Phố Vọng, Phường Phương Liệt, Quận Thanh Xuân, Hà Nội",Hà Nội,Quận Thanh Xuân,Sổ đỏ,,4.0
1116,Nhà mặt tiền,50.0,49.0,m²,,,5.0,,"Đường Hàng Cót, Phường Hàng Mã, Quận Hoàn Kiếm, Hà Nội",Hà Nội,Quận Hoàn Kiếm,Sổ đỏ,,
1117,Nhà hẻm ngõ,4.95,34.0,m²,,,,,"Đường Lĩnh Nam, Phường Vĩnh Hưng, Quận Hoàng Mai, Hà Nội",Hà Nội,Quận Hoàng Mai,Giấy tờ hợp lệ,,
1118,Nhà hẻm ngõ,5.2,45.0,m²,,,4.0,,"Đường Nguyễn Chính, Phường Tân Mai, Quận Hoàng Mai, Hà Nội",Hà Nội,Quận Hoàng Mai,Giấy tờ hợp lệ,,
1119,Nhà hẻm ngõ,3.85,36.0,m²,,,3.0,,"Đường Nguyễn Chính, Phường Tân Mai, Quận Hoàng Mai, Hà Nội",Hà Nội,Quận Hoàng Mai,Giấy tờ hợp lệ,,
1120,Nhà mặt tiền,3.52,30.0,m²,3.0,3.0,4.0,9.5,"Thị trấn Chúc Sơn, Huyện Chương Mỹ, Hà Nội",Hà Nội,Huyện Chương Mỹ,Giấy tờ hợp lệ,,3.5
1121,Nhà mặt tiền,0.8,38.0,m²,2.0,1.0,,,"Xã Hữu Hòa, Huyện Thanh Trì, Hà Nội",Hà Nội,Huyện Thanh Trì,Giấy tờ khác,,
1122,Nhà hẻm ngõ,12.0,70.0,m²,4.0,4.0,4.0,17.0,"Phường Ngọc Lâm, Quận Long Biên, Hà Nội",Hà Nội,Quận Long Biên,Giấy tờ hợp lệ,,4.0
1123,Nhà hẻm ngõ,5.68,30.0,m²,3.0,4.0,4.0,,"Phường Tây Tựu, Quận Bắc Từ Liêm, Hà Nội",Hà Nội,Quận Bắc Từ Liêm,Giấy tờ hợp lệ,,
1124,Nhà hẻm ngõ,6.7,35.0,m²,4.0,3.0,4.0,8.6,"Phường Đông Ngạc, Quận Bắc Từ Liêm, Hà Nội",Hà Nội,Quận Bắc Từ Liêm,Giấy tờ hợp lệ,Nam,4.0
1125,Nhà hẻm ngõ,5.8,34.0,m²,6.0,5.0,5.0,,"Phường Tây Tựu, Quận Bắc Từ Liêm, Hà Nội",Hà Nội,Quận Bắc Từ Liêm,Giấy tờ hợp lệ,,
1126,Nhà hẻm ngõ,10.5,39.0,m²,6.0,6.0,,,"Phường Dịch Vọng Hậu, Quận Cầu Giấy, Hà Nội",Hà Nội,Quận Cầu Giấy,Giấy tờ hợp lệ,,
1127,Nhà hẻm ngõ,8.25,35.0,m²,4.0,5.0,5.0,9.0,"Phường Nghĩa Đô, Quận Cầu Giấy, Hà Nội",Hà Nội,Quận Cầu Giấy,Giấy tờ hợp lệ,Đông Bắc,4.0
1128,Nhà mặt tiền,24.5,61.0,m²,4.0,4.0,6.0,,"Phường Vĩnh Phúc, Quận Ba Đình, Hà Nội",Hà Nội,Quận Ba Đình,Giấy tờ hợp lệ,,
1129,Nhà mặt tiền,79.5,101.0,m²,11.0,,9.0,,"Phường Trung Phụng, Quận Đống Đa, Hà Nội",Hà Nội,Quận Đống Đa,Giấy tờ hợp lệ,,
1130,Nhà mặt tiền,5.0,35.0,m²,4.0,5.0,5.0,8.0,"Phường Phú Lương, Quận Hà Đông, Hà Nội",Hà Nội,Quận Hà Đông,Giấy tờ hợp lệ,,4.4
1131,Nhà hẻm ngõ,4.12,34.0,m²,4.0,3.0,,8.0,"Phường Đồng Mai, Quận Hà Đông, Hà Nội",Hà Nội,Quận Hà Đông,Giấy tờ hợp lệ,,4.3
1132,Nhà hẻm ngõ,8.96,50.0,m²,4.0,3.0,4.0,12.0,"Phường Thổ Quan, Quận Đống Đa, Hà Nội",Hà Nội,Quận Đống Đa,Giấy tờ hợp lệ,,4.6
1133,Nhà hẻm ngõ,5.99,30.0,m²,3.0,3.0,5.0,,"Phường Phúc La, Quận Hà Đông, Hà Nội",Hà Nội,Quận Hà Đông,Giấy tờ hợp lệ,Đông,
1134,Nhà hẻm ngõ,6.25,40.0,m²,3.0,,,,"Phường Định Công, Quận Hoàng Mai, Hà Nội",Hà Nội,Quận Hoàng Mai,Giấy tờ hợp lệ,,
1135,Nhà hẻm ngõ,10.96,52.0,m²,10.0,,6.0,12.0,"Phường Tương Mai, Quận Hoàng Mai, Hà Nội",Hà Nội,Quận Hoàng Mai,Giấy tờ hợp lệ,,4.0
1136,Nhà mặt tiền,9.0,60.0,m²,8.0,5.0,4.0,10.0,"Phường Vĩnh Hưng, Quận Hoàng Mai, Hà Nội",Hà Nội,Quận Hoàng Mai,Giấy tờ hợp lệ,Nam,6.0
1137,Nhà mặt tiền,210.0,268.0,m²,9.0,9.0,9.0,,"Đường Xuân La, Phường Xuân La, Quận Tây Hồ, Hà Nội",Hà Nội,Quận Tây Hồ,Sổ đỏ,,
1138,Nhà hẻm ngõ,19.0,43.0,m²,3.0,4.0,4.0,,"Phường Bưởi, Quận Tây Hồ, Hà Nội",Hà Nội,Quận Tây Hồ,Giấy tờ hợp lệ,,
1139,Nhà hẻm ngõ,5.9,23.0,m²,4.0,4.0,6.0,,"Phường Giáp Bát, Quận Hoàng Mai, Hà Nội",Hà Nội,Quận Hoàng Mai,Giấy tờ hợp lệ,,
1140,Nhà hẻm ngõ,7.5,30.0,m²,4.0,5.0,6.0,,"Phường Lĩnh Nam, Quận Hoàng Mai, Hà Nội",Hà Nội,Quận Hoàng Mai,Giấy tờ hợp lệ,,
1141,Nhà mặt tiền,54.0,88.0,m²,8.0,8.0,7.0,,"Đường Dương Khuê, Phường Mai Dịch, Quận Cầu Giấy, Hà Nội",Hà Nội,Quận Cầu Giấy,Sổ đỏ,,
1142,Nhà mặt tiền,12.6,35.0,m²,5.0,4.0,5.0,,"Đường Lê Văn Hiến, Phường Đức Thắng, Quận Bắc Từ Liêm, Hà Nội",Hà Nội,Quận Bắc Từ Liêm,Sổ đỏ,,
1143,Nhà mặt tiền,38.9,105.0,m²,1.0,1.0,,10.5,"Đường Yên Phụ, Phường Yên Phụ, Quận Tây Hồ, Hà Nội",Hà Nội,Quận Tây Hồ,Sổ đỏ,Đông Bắc,10.0
1144,Nhà mặt tiền,35.0,82.0,m²,6.0,5.0,5.0,,"Đường Trung Kính, Phường Yên Hòa, Quận Cầu Giấy, Hà Nội",Hà Nội,Quận Cầu Giấy,Sổ đỏ,Tây Bắc,
1145,Nhà mặt tiền,245.0,780.0,m²,1.0,1.0,,,"Đường Phạm Văn Đồng, Phường Mai Dịch, Quận Cầu Giấy, Hà Nội",Hà Nội,Quận Cầu Giấy,Sổ đỏ,,
1146,Nhà mặt tiền,20.0,55.0,m²,,,,,"Đường Đại Từ, Phường Đại Kim, Quận Hoàng Mai, Hà Nội",Hà Nội,Quận Hoàng Mai,Sổ đỏ,,
1147,Nhà hẻm ngõ,8.3,41.0,m²,3.0,3.0,5.0,,"Phường Trương Định, Quận Hai Bà Trưng, Hà Nội",Hà Nội,Quận Hai Bà Trưng,Giấy tờ hợp lệ,,
1148,Nhà hẻm ngõ,5.3,26.0,m²,2.0,2.0,3.0,,"Phường Minh Khai, Quận Hai Bà Trưng, Hà Nội",Hà Nội,Quận Hai Bà Trưng,Giấy tờ hợp lệ,,
1149,Nhà mặt tiền,34.5,47.0,m²,,,,,"Đường Kim Mã, Phường Ngọc Khánh, Quận Ba Đình, Hà Nội",Hà Nội,Quận Ba Đình,Sổ đỏ,,
1150,Nhà hẻm ngõ,8.0,32.0,m²,3.0,4.0,,8.0,"Đường Minh Khai, Phường Minh Khai, Quận Hai Bà Trưng, Hà Nội",Hà Nội,Quận Hai Bà Trưng,Sổ đỏ,,4.0
1151,Nhà hẻm ngõ,6.8,50.0,m²,6.0,4.0,5.0,,"Đường Khương Đình, Phường Khương Đình, Quận Thanh Xuân, Hà Nội",Hà Nội,Quận Thanh Xuân,Sổ hồng,,
1152,Nhà mặt tiền,23.6,73.0,m²,,,7.0,13.0,"Phường Long Biên, Quận Long Biên, Hà Nội",Hà Nội,Quận Long Biên,Sổ đỏ,,6.0
1153,Biệt thự,63.0,140.0,m²,5.0,3.0,3.0,23.0,"686, Đường Hồ Văn Chương, Phường Văn Miếu, Quận Đống Đa, Hà Nội",Hà Nội,Quận Đống Đa,Sổ đỏ,Nam,6.0
1154,Nhà hẻm ngõ,8.5,44.0,m²,6.0,4.0,,,"Đường Thụy Khuê, Phường Thụy Khuê, Quận Tây Hồ, Hà Nội",Hà Nội,Quận Tây Hồ,Sổ đỏ,,
1155,Nhà hẻm ngõ,8.0,35.0,m²,3.0,3.0,,,"Đường Vĩnh Phúc, Phường Vĩnh Phúc, Quận Ba Đình, Hà Nội",Hà Nội,Quận Ba Đình,Sổ đỏ,,
1156,Nhà hẻm ngõ,8.7,40.0,m²,6.0,4.0,,,"Đường Đồng Cổ, Phường Bưởi, Quận Tây Hồ, Hà Nội",Hà Nội,Quận Tây Hồ,Sổ đỏ,,
1157,Nhà hẻm ngõ,10.6,45.0,m²,4.0,3.0,5.0,10.0,"Đường Vĩnh Phúc, Phường Vĩnh Phúc, Quận Ba Đình, Hà Nội",Hà Nội,Quận Ba Đình,Sổ hồng,,4.5
1158,Nhà hẻm ngõ,7.9,35.0,m²,7.0,4.0,,,"Đường Thụy Khuê, Phường Thụy Khuê, Quận Tây Hồ, Hà Nội",Hà Nội,Quận Tây Hồ,Sổ đỏ,,
1159,Nhà hẻm ngõ,12.8,54.0,m²,4.0,4.0,5.0,14.3,"Đường Giảng Võ, Phường Cát Linh, Quận Đống Đa, Hà Nội",Hà Nội,Quận Đống Đa,Sổ hồng,Tây Bắc,4.0
1160,Nhà hẻm ngõ,19.3,59.0,m²,4.0,3.0,5.0,14.8,"Đường Trung Kính, Phường Trung Hòa, Quận Cầu Giấy, Hà Nội",Hà Nội,Quận Cầu Giấy,Sổ hồng,,4.0
1161,Nhà mặt tiền,24.5,76.0,m²,5.0,5.0,4.0,8.0,"Phường Ô Chợ Dừa, Quận Đống Đa, Hà Nội",Hà Nội,Quận Đống Đa,Sổ đỏ,Đông Nam,9.6
1162,Nhà hẻm ngõ,18.0,122.0,m²,4.0,4.0,,,"Đường Nguyễn Sơn, Phường Bồ Đề, Quận Long Biên, Hà Nội",Hà Nội,Quận Long Biên,Sổ đỏ,,
1163,Nhà hẻm ngõ,7.35,34.0,m²,,,4.0,,"Phường Nghĩa Đô, Quận Cầu Giấy, Hà Nội",Hà Nội,Quận Cầu Giấy,Sổ đỏ,,
1164,Nhà hẻm ngõ,4.99,34.0,m²,3.0,,,,"Đường Lai Xá, Xã Di Trạch, Huyện Hoài Đức, Hà Nội",Hà Nội,Huyện Hoài Đức,Sổ đỏ,,
1165,Biệt thự,127.0,236.0,m²,6.0,6.0,5.0,,"Đường Trần Thái Tông, Phường Dịch Vọng Hậu, Quận Cầu Giấy, Hà Nội",Hà Nội,Quận Cầu Giấy,Sổ đỏ,,
1166,Nhà hẻm ngõ,15.0,40.0,m²,6.0,,5.0,,"Đường Xuân Thủy, Phường Dịch Vọng Hậu, Quận Cầu Giấy, Hà Nội",Hà Nội,Quận Cầu Giấy,Sổ đỏ,,
1167,Nhà mặt tiền,55.0,112.0,m²,6.0,10.0,10.0,,"Đường Lê Đức Thọ, Phường Mỹ Đình 1, Quận Nam Từ Liêm, Hà Nội",Hà Nội,Quận Nam Từ Liêm,Sổ đỏ,,
1168,Nhà mặt tiền,55.0,125.0,m²,,,7.0,,"Đường Bùi Xuân Phái, Phường Mỹ Đình 1, Quận Nam Từ Liêm, Hà Nội",Hà Nội,Quận Nam Từ Liêm,Sổ đỏ,,
1169,Nhà hẻm ngõ,12.22,72.0,m²,4.0,4.0,4.0,,"Đường Kim Giang, Phường Kim Giang, Quận Thanh Xuân, Hà Nội",Hà Nội,Quận Thanh Xuân,Sổ đỏ,,
1170,Nhà mặt tiền,139.0,175.0,m²,10.0,10.0,,,"Đường Phố Huế, Phường Ngô Thì Nhậm, Quận Hai Bà Trưng, Hà Nội",Hà Nội,Quận Hai Bà Trưng,Sổ đỏ,,
1171,Nhà hẻm ngõ,7.8,36.0,m²,,,,,"Đường Lạc Long Quân, Phường Xuân La, Quận Tây Hồ, Hà Nội",Hà Nội,Quận Tây Hồ,Sổ đỏ,,
1172,Nhà mặt tiền,22.0,22.5,m²,2.0,2.0,,,"Đường Trần Xuân Soạn, Phường Ngô Thì Nhậm, Quận Hai Bà Trưng, Hà Nội",Hà Nội,Quận Hai Bà Trưng,Sổ đỏ,,
1173,Nhà hẻm ngõ,18.0,75.0,m²,18.0,18.0,7.0,15.0,"Đường Trần Cung, Phường Nghĩa Đô, Quận Cầu Giấy, Hà Nội",Hà Nội,Quận Cầu Giấy,Sổ đỏ,Đông Bắc,5.0
1174,Nhà mặt tiền,13.6,35.0,m²,4.0,5.0,6.0,10.0,"Phường Giáp Bát, Quận Hoàng Mai, Hà Nội",Hà Nội,Quận Hoàng Mai,Giấy tờ hợp lệ,Đông Bắc,3.5
1175,Nhà hẻm ngõ,16.0,55.0,m²,7.0,4.0,5.0,11.0,"Phường Đại Kim, Quận Hoàng Mai, Hà Nội",Hà Nội,Quận Hoàng Mai,Giấy tờ hợp lệ,,5.0
1176,Nhà hẻm ngõ,5.8,23.0,m²,2.0,2.0,,,"Phường Giáp Bát, Quận Hoàng Mai, Hà Nội",Hà Nội,Quận Hoàng Mai,Giấy tờ hợp lệ,,
1177,Nhà hẻm ngõ,6.3,30.0,m²,4.0,3.0,5.0,,"Phường Lĩnh Nam, Quận Hoàng Mai, Hà Nội",Hà Nội,Quận Hoàng Mai,Giấy tờ hợp lệ,,
1178,Nhà hẻm ngõ,7.9,42.0,m²,2.0,3.0,4.0,,"Phường Tương Mai, Quận Hoàng Mai, Hà Nội",Hà Nội,Quận Hoàng Mai,Giấy tờ hợp lệ,Đông Bắc,
1179,Nhà hẻm ngõ,17.5,70.0,m²,11.0,7.0,6.0,,"Phường Hoàng Liệt, Quận Hoàng Mai, Hà Nội",Hà Nội,Quận Hoàng Mai,Giấy tờ hợp lệ,,
1180,Nhà mặt tiền,24.0,93.0,m²,5.0,5.0,3.0,15.0,"Đường Lâm Du, Phường Bồ Đề, Quận Long Biên, Hà Nội",Hà Nội,Quận Long Biên,Sổ đỏ,,6.4
1181,Nhà hẻm ngõ,7.05,39.0,m²,5.0,4.0,5.0,14.0,"Đường Gia Quất, Phường Bồ Đề, Quận Long Biên, Hà Nội",Hà Nội,Quận Long Biên,Sổ đỏ,,3.0
1182,Nhà mặt tiền,7.5,40.0,m²,5.0,6.0,,,"Phường Khương Trung, Quận Thanh Xuân, Hà Nội",Hà Nội,Quận Thanh Xuân,Giấy tờ hợp lệ,,
1183,Nhà mặt tiền,40.0,100.0,m²,,,,,"Đường Liên Trì, Phường Trần Hưng Đạo, Quận Hoàn Kiếm, Hà Nội",Hà Nội,Quận Hoàn Kiếm,Sổ đỏ,,
1184,Nhà mặt tiền,160.0,230.0,m²,,,,,"Đường Trúc Bạch, Phường Trúc Bạch, Quận Ba Đình, Hà Nội",Hà Nội,Quận Ba Đình,Sổ đỏ,,
1185,Nhà mặt tiền,180.0,170.0,m²,,,,,"Đường Triệu Việt Vương, Phường Bùi Thị Xuân, Quận Hai Bà Trưng, Hà Nội",Hà Nội,Quận Hai Bà Trưng,Sổ đỏ,,
1186,Nhà hẻm ngõ,14.75,54.0,m²,4.0,3.0,4.0,13.2,"Phường Hoàng Văn Thụ, Quận Hoàng Mai, Hà Nội",Hà Nội,Quận Hoàng Mai,Giấy tờ hợp lệ,,4.1
1187,Biệt thự,13.7,112.0,m²,4.0,4.0,,16.0,"Xã Đa Tốn, Huyện Gia Lâm, Hà Nội",Hà Nội,Huyện Gia Lâm,Giấy tờ hợp lệ,,7.0
1188,Nhà hẻm ngõ,3.35,35.0,m²,1.0,1.0,1.0,,"Xã Bích Hòa, Huyện Thanh Oai, Hà Nội",Hà Nội,Huyện Thanh Oai,Giấy tờ hợp lệ,,
1189,Nhà hẻm ngõ,9.5,55.0,m²,6.0,6.0,,,"Phường Xuân La, Quận Tây Hồ, Hà Nội",Hà Nội,Quận Tây Hồ,Giấy tờ hợp lệ,,
1190,Biệt thự,4.9,400.0,m²,2.0,,2.0,,"Xã Yên Bài, Huyện Ba Vì, Hà Nội",Hà Nội,Huyện Ba Vì,Giấy tờ hợp lệ,Tây,
1191,Nhà hẻm ngõ,10.4,50.0,m²,5.0,3.0,6.0,,"Phường Đông Ngạc, Quận Bắc Từ Liêm, Hà Nội",Hà Nội,Quận Bắc Từ Liêm,Giấy tờ hợp lệ,,
1192,Nhà hẻm ngõ,7.9,35.0,m²,4.0,,5.0,9.0,"Phường Xuân Đỉnh, Quận Bắc Từ Liêm, Hà Nội",Hà Nội,Quận Bắc Từ Liêm,Giấy tờ hợp lệ,,4.0
1193,Nhà hẻm ngõ,5.9,32.0,m²,3.0,4.0,5.0,7.1,"Phường Tây Tựu, Quận Bắc Từ Liêm, Hà Nội",Hà Nội,Quận Bắc Từ Liêm,Giấy tờ hợp lệ,Tây Bắc,4.5
1194,Nhà hẻm ngõ,8.85,42.0,m²,3.0,4.0,5.0,8.4,"Phường Khương Thượng, Quận Đống Đa, Hà Nội",Hà Nội,Quận Đống Đa,Giấy tờ hợp lệ,,5.0
1195,Nhà hẻm ngõ,10.5,57.0,m²,5.0,,5.0,12.0,"Phường Xuân Đỉnh, Quận Bắc Từ Liêm, Hà Nội",Hà Nội,Quận Bắc Từ Liêm,Giấy tờ hợp lệ,Đông Nam,5.0
1196,Nhà hẻm ngõ,10.5,45.0,m²,4.0,4.0,5.0,11.0,"Phường Xuân Đỉnh, Quận Bắc Từ Liêm, Hà Nội",Hà Nội,Quận Bắc Từ Liêm,Giấy tờ hợp lệ,Đông Nam,4.0
1197,Nhà mặt tiền,17.5,42.0,m²,4.0,4.0,4.0,11.8,"Phường Sài Đồng, Quận Long Biên, Hà Nội",Hà Nội,Quận Long Biên,Giấy tờ hợp lệ,Tây,3.8
1198,Nhà hẻm ngõ,4.4,48.5,m²,3.0,2.0,3.0,11.0,"Phường Yên Nghĩa, Quận Hà Đông, Hà Nội",Hà Nội,Quận Hà Đông,Giấy tờ hợp lệ,Đông Nam,3.5
1199,Nhà mặt tiền,35.0,79.0,m²,5.0,6.0,6.0,16.0,"Phường Quan Hoa, Quận Cầu Giấy, Hà Nội",Hà Nội,Quận Cầu Giấy,Giấy tờ hợp lệ,,4.5
1200,Nhà hẻm ngõ,8.85,41.0,m²,3.0,4.0,5.0,,"Phường Khương Thượng, Quận Đống Đa, Hà Nội",Hà Nội,Quận Đống Đa,Giấy tờ hợp lệ,,
1201,Nhà mặt tiền,10.9,40.0,m²,3.0,4.0,5.0,,"Phường Tân Mai, Quận Hoàng Mai, Hà Nội",Hà Nội,Quận Hoàng Mai,Giấy tờ hợp lệ,,
1202,Nhà hẻm ngõ,10.9,40.0,m²,3.0,3.0,5.0,10.0,"Phường Thịnh Liệt, Quận Hoàng Mai, Hà Nội",Hà Nội,Quận Hoàng Mai,Giấy tờ hợp lệ,Đông Bắc,4.0
1203,Nhà mặt tiền,10.7,50.0,m²,3.0,3.0,5.0,9.5,"Phường Mộ Lao, Quận Hà Đông, Hà Nội",Hà Nội,Quận Hà Đông,Giấy tờ hợp lệ,,5.4
1204,Nhà mặt tiền,7.9,33.0,m²,3.0,3.0,4.0,,"Phường Quang Trung, Quận Hà Đông, Hà Nội",Hà Nội,Quận Hà Đông,Giấy tờ hợp lệ,,
1205,Nhà hẻm ngõ,7.9,25.0,m²,3.0,,,,"Phường Đống Mác, Quận Hai Bà Trưng, Hà Nội",Hà Nội,Quận Hai Bà Trưng,Giấy tờ hợp lệ,,
1206,Nhà hẻm ngõ,7.2,30.0,m²,3.0,4.0,5.0,,"Phường Minh Khai, Quận Hai Bà Trưng, Hà Nội",Hà Nội,Quận Hai Bà Trưng,Giấy tờ hợp lệ,,
1207,Nhà mặt tiền,38.8,78.0,m²,6.0,7.0,6.0,6.0,"Phường Yên Hòa, Quận Cầu Giấy, Hà Nội",Hà Nội,Quận Cầu Giấy,Giấy tờ hợp lệ,,12.5
1208,Nhà hẻm ngõ,10.0,30.0,m²,3.0,3.0,,,"Đường Hoàng Quốc Việt, Phường Nghĩa Đô, Quận Cầu Giấy, Hà Nội",Hà Nội,Quận Cầu Giấy,Sổ đỏ,,
1209,Nhà mặt tiền,9.6,27.0,m²,3.0,4.0,6.0,7.0,"Phường Phúc Xá, Quận Ba Đình, Hà Nội",Hà Nội,Quận Ba Đình,Giấy tờ hợp lệ,,4.3
1210,Nhà mặt tiền,14.99,50.0,m²,6.0,4.0,6.0,,"Đường KĐT Kiến Hưng, Phường Kiến Hưng, Quận Hà Đông, Hà Nội",Hà Nội,Quận Hà Đông,Sổ đỏ,,
1211,Nhà hẻm ngõ,6.55,34.0,m²,3.0,4.0,5.0,8.0,"Phường Phú La, Quận Hà Đông, Hà Nội",Hà Nội,Quận Hà Đông,Giấy tờ hợp lệ,,4.4
1212,Biệt thự,14.4,68.0,m²,4.0,3.0,4.0,11.8,"Phường Gia Thụy, Quận Long Biên, Hà Nội",Hà Nội,Quận Long Biên,Giấy tờ hợp lệ,,5.8
1213,Nhà hẻm ngõ,6.0,32.0,m²,3.0,,5.0,,"Phường Long Biên, Quận Long Biên, Hà Nội",Hà Nội,Quận Long Biên,Giấy tờ hợp lệ,Đông Bắc,
1214,Nhà mặt tiền,59.5,301.0,m²,8.0,12.0,4.0,,"Đường An Dương Vương, Phường Phú Thượng, Quận Tây Hồ, Hà Nội",Hà Nội,Quận Tây Hồ,Sổ đỏ,,
1215,Nhà mặt tiền,81.0,352.0,m²,6.0,6.0,,78.0,"Đường Trần Đại Nghĩa, Phường Đồng Tâm, Quận Hai Bà Trưng, Hà Nội",Hà Nội,Quận Hai Bà Trưng,Sổ hồng,,4.5
1216,Nhà mặt tiền,109.0,221.0,m²,3.0,3.0,3.0,,"Đường Lý Thường Kiệt, Phường Hàng Bài, Quận Hoàn Kiếm, Hà Nội",Hà Nội,Quận Hoàn Kiếm,Sổ đỏ,,
1217,Nhà mặt tiền,6.2,33.0,m²,3.0,3.0,,10.0,"Phường Phương Mai, Quận Đống Đa, Hà Nội",Hà Nội,Quận Đống Đa,Giấy tờ hợp lệ,,3.0
1218,Nhà hẻm ngõ,9.5,41.0,m²,4.0,5.0,4.0,,"Phường Quốc Tử Giám, Quận Đống Đa, Hà Nội",Hà Nội,Quận Đống Đa,Giấy tờ hợp lệ,,
1219,Nhà hẻm ngõ,10.35,25.0,m²,4.0,5.0,,,"Đường Trung Liệt, Phường Trung Liệt, Quận Đống Đa, Hà Nội",Hà Nội,Quận Đống Đa,Sổ đỏ,,
1220,Nhà hẻm ngõ,10.35,25.0,m²,4.0,5.0,,,"Đường Trung Liệt, Phường Trung Liệt, Quận Đống Đa, Hà Nội",Hà Nội,Quận Đống Đa,Sổ đỏ,,
1221,Nhà hẻm ngõ,69.0,160.0,m²,4.0,6.0,6.0,16.0,"Đường Tam Trinh, Phường Lĩnh Nam, Quận Hoàng Mai, Hà Nội",Hà Nội,Quận Hoàng Mai,Sổ hồng,,10.0
1222,Nhà hẻm ngõ,5.0,56.0,m²,3.0,1.0,,,"Thị Trấn Trâu Quỳ, Huyện Gia Lâm, Hà Nội",Hà Nội,Huyện Gia Lâm,Giấy tờ hợp lệ,,
1223,Nhà hẻm ngõ,10.95,42.0,m²,3.0,4.0,5.0,,"Phường Xuân Đỉnh, Quận Bắc Từ Liêm, Hà Nội",Hà Nội,Quận Bắc Từ Liêm,Giấy tờ hợp lệ,,
1224,Nhà hẻm ngõ,12.5,50.0,m²,5.0,4.0,4.0,9.0,"Đường Lê Văn Hiến, Phường Đức Thắng, Quận Bắc Từ Liêm, Hà Nội",Hà Nội,Quận Bắc Từ Liêm,Sổ đỏ,,6.0
1225,Nhà mặt tiền,45.0,75.0,m²,9.0,10.0,9.0,15.0,"Đường Nguyên Hồng, Phường Thành Công, Quận Ba Đình, Hà Nội",Hà Nội,Quận Ba Đình,Sổ đỏ,Đông Bắc,5.0
1226,Nhà mặt tiền,29.6,51.0,m²,3.0,3.0,4.0,,"Đường Lạc Trung, Phường Thanh Lương, Quận Hai Bà Trưng, Hà Nội",Hà Nội,Quận Hai Bà Trưng,Sổ đỏ,,
1227,Nhà hẻm ngõ,8.0,46.0,m²,3.0,3.0,4.0,10.0,"Phường Hà Cầu, Quận Hà Đông, Hà Nội",Hà Nội,Quận Hà Đông,Giấy tờ hợp lệ,,4.6
1228,Nhà hẻm ngõ,16.0,100.0,m²,,,,,"Đường Tây Trà, Phường Trần Phú, Quận Hoàng Mai, Hà Nội",Hà Nội,Quận Hoàng Mai,Sổ đỏ,,
1229,Biệt thự,228.22,638.0,m²,,,,,"Quận Tây Hồ, Hà Nội",Hà Nội,Quận Tây Hồ,Sổ đỏ,Tây Nam,
1230,Nhà hẻm ngõ,20.8,53.0,m²,5.0,3.0,,11.9,"Đường Xuân Diệu, Phường Quảng An, Quận Tây Hồ, Hà Nội",Hà Nội,Quận Tây Hồ,Sổ hồng,,4.2
1231,Nhà mặt tiền,36.5,65.0,m²,12.0,8.0,8.0,,"Đường Điện Biên Phủ, Phường Điện Biên, Quận Ba Đình, Hà Nội",Hà Nội,Quận Ba Đình,Sổ đỏ,,
1232,Nhà mặt tiền,9.6,46.0,m²,6.0,4.0,5.0,11.0,"Phường Thanh Nhàn, Quận Hai Bà Trưng, Hà Nội",Hà Nội,Quận Hai Bà Trưng,Giấy tờ hợp lệ,,4.2
1233,Nhà hẻm ngõ,10.5,50.0,m²,6.0,5.0,,,"Đường Đức Giang, Phường Thượng Thanh, Quận Long Biên, Hà Nội",Hà Nội,Quận Long Biên,Sổ đỏ,,
1234,Nhà hẻm ngõ,3.65,44.0,m²,4.0,,,,"Phường Yên Nghĩa, Quận Hà Đông, Hà Nội",Hà Nội,Quận Hà Đông,Sổ hồng,,
1235,Nhà hẻm ngõ,11.3,46.0,m²,,,,,"Đường Đặng Tiến Đông, Phường Thịnh Quang, Quận Đống Đa, Hà Nội",Hà Nội,Quận Đống Đa,Sổ đỏ,,
1236,Nhà mặt tiền,7.2,31.0,m²,4.0,4.0,,8.0,"Phường Khương Đình, Quận Thanh Xuân, Hà Nội",Hà Nội,Quận Thanh Xuân,Giấy tờ hợp lệ,,4.0
1237,Nhà hẻm ngõ,12.6,45.0,m²,6.0,4.0,5.0,10.0,"Ngõ 44 Hào Nam, Đường Hào Nam, Phường Cát Linh, Quận Đống Đa, Hà Nội",Hà Nội,Quận Đống Đa,Sổ hồng,,4.5
1238,Nhà mặt tiền,22.8,40.0,m²,4.0,5.0,5.0,10.0,"Phường Yên Hòa, Quận Cầu Giấy, Hà Nội",Hà Nội,Quận Cầu Giấy,Giấy tờ hợp lệ,,4.0
1239,Nhà hẻm ngõ,5.5,25.0,m²,3.0,3.0,5.0,,"140, Đường Trung Phụng, Phường Văn Miếu, Quận Đống Đa, Hà Nội",Hà Nội,Quận Đống Đa,Sổ đỏ,,
1240,Nhà mặt tiền,6.1,80.0,m²,3.0,2.0,2.0,17.0,"Đường Nguyễn phước nguyên, Phường An Khê, Quận Thanh Khê, Đà Nẵng",Đà Nẵng,Quận Thanh Khê,Sổ hồng,,4.6
1241,Nhà mặt tiền,10.5,90.0,m²,,,,,"Phường Khuê Mỹ, Quận Ngũ Hành Sơn, Đà Nẵng",Đà Nẵng,Quận Ngũ Hành Sơn,Sổ đỏ,,
1242,Nhà mặt tiền,8.3,100.0,m²,3.0,3.0,3.0,20.0,"Phường Hòa Xuân, Quận Cẩm Lệ, Đà Nẵng",Đà Nẵng,Quận Cẩm Lệ,Giấy tờ hợp lệ,Tây Nam,5.0
1243,Nhà mặt tiền,18.8,110.0,m²,11.0,7.0,7.0,18.0,"Phường An Hải Bắc, Quận Sơn Trà, Đà Nẵng",Đà Nẵng,Quận Sơn Trà,Giấy tờ hợp lệ,,6.0
1244,Nhà mặt tiền,5.65,75.0,m²,7.0,7.0,2.0,15.0,"Phường Thọ Quang, Quận Sơn Trà, Đà Nẵng",Đà Nẵng,Quận Sơn Trà,Giấy tờ hợp lệ,Tây Bắc,5.0
1245,Nhà mặt tiền,8.4,69.0,m²,3.0,3.0,3.0,14.0,"Phường An Hải Bắc, Quận Sơn Trà, Đà Nẵng",Đà Nẵng,Quận Sơn Trà,Giấy tờ hợp lệ,Tây Bắc,5.0
1246,Nhà mặt tiền,8.69,100.0,m²,4.0,4.0,3.0,20.0,"Phường Hòa Xuân, Quận Cẩm Lệ, Đà Nẵng",Đà Nẵng,Quận Cẩm Lệ,Giấy tờ hợp lệ,Đông Nam,5.0
1247,Biệt thự,7.8,150.0,m²,3.0,4.0,3.0,20.0,"Phường Hòa Khánh Nam, Quận Liên Chiểu, Đà Nẵng",Đà Nẵng,Quận Liên Chiểu,Giấy tờ hợp lệ,,7.5
1248,Nhà hẻm ngõ,3.85,50.0,m²,3.0,2.0,2.0,,"Phường Chính Gián, Quận Thanh Khê, Đà Nẵng",Đà Nẵng,Quận Thanh Khê,Giấy tờ hợp lệ,Nam,
1249,Nhà mặt tiền,10.0,115.0,m²,7.0,7.0,,,"Phường Hòa Xuân, Quận Cẩm Lệ, Đà Nẵng",Đà Nẵng,Quận Cẩm Lệ,Giấy tờ hợp lệ,,
1250,Nhà hẻm ngõ,3.25,68.0,m²,2.0,2.0,1.0,,"Phường Bình Thuận, Quận Hải Châu, Đà Nẵng",Đà Nẵng,Quận Hải Châu,Giấy tờ hợp lệ,,
1251,Nhà mặt tiền,9.5,90.0,m²,4.0,4.0,4.0,18.0,"Phường Hòa Cường Nam, Quận Hải Châu, Đà Nẵng",Đà Nẵng,Quận Hải Châu,Giấy tờ hợp lệ,,5.0
1252,Nhà mặt tiền,6.7,85.0,m²,3.0,3.0,3.0,17.0,"Đường đinh thị vân, Phường An Khê, Quận Thanh Khê, Đà Nẵng",Đà Nẵng,Quận Thanh Khê,Sổ hồng,Nam,5.0
1253,Nhà mặt tiền,15.5,108.3,m²,4.0,3.0,3.0,12.7,"Lê Duẩn, Tân Chính, Thanh Khê, Đà Nẵng, Đường Lê Duẩn, Phường Tân Chính, Quận Thanh Khê, Đà Nẵng",Đà Nẵng,Quận Thanh Khê,Sổ đỏ,Đông Nam,8.6
1254,Nhà hẻm ngõ,5.45,54.0,m²,3.0,4.0,3.0,,"Phường Vĩnh Trung, Quận Thanh Khê, Đà Nẵng",Đà Nẵng,Quận Thanh Khê,Giấy tờ hợp lệ,Đông Nam,
1255,Nhà mặt tiền,8.2,90.0,m²,3.0,,3.0,20.0,"Phường Khuê Mỹ, Quận Ngũ Hành Sơn, Đà Nẵng",Đà Nẵng,Quận Ngũ Hành Sơn,Giấy tờ hợp lệ,,4.5
1256,Nhà hẻm ngõ,3.45,62.0,m²,3.0,2.0,2.0,,"Phường Hòa Khánh Nam, Quận Liên Chiểu, Đà Nẵng",Đà Nẵng,Quận Liên Chiểu,Giấy tờ hợp lệ,Đông Bắc,
1257,Nhà hẻm ngõ,3.15,63.0,m²,2.0,2.0,2.0,15.3,"Phường Hòa Thọ Đông, Quận Cẩm Lệ, Đà Nẵng",Đà Nẵng,Quận Cẩm Lệ,Giấy tờ hợp lệ,Đông Nam,4.0
1258,Nhà hẻm ngõ,4.2,85.0,m²,3.0,2.0,2.0,15.0,"Phường Chính Gián, Quận Thanh Khê, Đà Nẵng",Đà Nẵng,Quận Thanh Khê,Giấy tờ hợp lệ,Nam,5.6
1259,Nhà mặt tiền,4.65,50.0,m²,3.0,4.0,3.0,,"Phường Thuận Phước, Quận Hải Châu, Đà Nẵng",Đà Nẵng,Quận Hải Châu,Giấy tờ hợp lệ,Nam,
1260,Nhà mặt tiền,30.9,146.0,m²,7.0,7.0,4.0,16.6,"Phường Khuê Mỹ, Quận Ngũ Hành Sơn, Đà Nẵng",Đà Nẵng,Quận Ngũ Hành Sơn,Giấy tờ hợp lệ,Đông Nam,8.8
1261,Nhà mặt tiền,5.85,55.9,m²,2.0,2.0,2.0,10.1,"Phường Hòa Cường Bắc, Quận Hải Châu, Đà Nẵng",Đà Nẵng,Quận Hải Châu,Giấy tờ hợp lệ,Nam,5.5
1262,Nhà hẻm ngõ,5.3,55.0,m²,3.0,3.0,3.0,13.5,"Phường Hòa Cường Bắc, Quận Hải Châu, Đà Nẵng",Đà Nẵng,Quận Hải Châu,Giấy tờ hợp lệ,Bắc,4.0
1263,Nhà mặt tiền,5.6,100.0,m²,3.0,2.0,2.0,19.0,"Phường Hòa Xuân, Quận Cẩm Lệ, Đà Nẵng",Đà Nẵng,Quận Cẩm Lệ,Giấy tờ hợp lệ,,5.0
1264,Nhà hẻm ngõ,3.85,54.0,m²,3.0,2.0,2.0,11.0,"Phường Vĩnh Trung, Quận Thanh Khê, Đà Nẵng",Đà Nẵng,Quận Thanh Khê,Giấy tờ hợp lệ,Nam,5.0
1265,Nhà mặt tiền,5.8,51.0,m²,2.0,2.0,1.0,13.0,"Phường Hải Châu II, Quận Hải Châu, Đà Nẵng",Đà Nẵng,Quận Hải Châu,Giấy tờ hợp lệ,,4.3
1266,Nhà hẻm ngõ,3.3,71.0,m²,3.0,2.0,2.0,15.5,"Phường Hòa Thọ Đông, Quận Cẩm Lệ, Đà Nẵng",Đà Nẵng,Quận Cẩm Lệ,Giấy tờ hợp lệ,Tây Bắc,5.0
1267,Nhà hẻm ngõ,5.5,84.5,m²,4.0,3.0,3.0,21.0,"Phường Thanh Khê Đông, Quận Thanh Khê, Đà Nẵng",Đà Nẵng,Quận Thanh Khê,Giấy tờ hợp lệ,Tây Bắc,4.0
1268,Nhà hẻm ngõ,3.25,80.0,m²,3.0,2.0,2.0,11.0,"Phường Hòa Quý, Quận Ngũ Hành Sơn, Đà Nẵng",Đà Nẵng,Quận Ngũ Hành Sơn,Giấy tờ hợp lệ,Tây Nam,7.5
1269,Nhà mặt tiền,11.1,281.0,m²,3.0,4.0,2.0,28.0,"Phường Hòa Hải, Quận Ngũ Hành Sơn, Đà Nẵng",Đà Nẵng,Quận Ngũ Hành Sơn,Giấy tờ hợp lệ,Đông Nam,10.0
1270,Nhà mặt tiền,4.88,128.0,m²,8.0,,2.0,32.0,"Phường Hòa Khánh Bắc, Quận Liên Chiểu, Đà Nẵng",Đà Nẵng,Quận Liên Chiểu,Giấy tờ hợp lệ,Đông Nam,4.0
1271,Nhà mặt tiền,6.99,90.0,m²,3.0,2.0,2.0,20.0,"Đường Hoàng Công Chất, Phường Khuê Mỹ, Quận Ngũ Hành Sơn, Đà Nẵng",Đà Nẵng,Quận Ngũ Hành Sơn,Sổ hồng,,4.5
1272,Nhà hẻm ngõ,3.75,42.0,m²,3.0,2.0,3.0,10.0,"Phường Thanh Bình, Quận Hải Châu, Đà Nẵng",Đà Nẵng,Quận Hải Châu,Giấy tờ hợp lệ,Đông Nam,4.0
1273,Nhà mặt tiền,7.95,53.0,m²,2.0,2.0,2.0,10.6,"Đường Hải Phòng, Phường Chính Gián, Quận Thanh Khê, Đà Nẵng",Đà Nẵng,Quận Thanh Khê,Sổ hồng,Tây,5.0
1274,Nhà mặt tiền,4.39,64.0,m²,3.0,2.0,,9.0,"Phường Thọ Quang, Quận Sơn Trà, Đà Nẵng",Đà Nẵng,Quận Sơn Trà,Giấy tờ hợp lệ,Đông,7.0
1275,Nhà hẻm ngõ,4.55,100.0,m²,3.0,2.0,2.0,25.0,"Phường Hòa An, Quận Cẩm Lệ, Đà Nẵng",Đà Nẵng,Quận Cẩm Lệ,Giấy tờ hợp lệ,Đông Bắc,4.0
1276,Nhà hẻm ngõ,3.85,54.2,m²,3.0,2.0,1.0,,"Phường Thạc Gián, Quận Thanh Khê, Đà Nẵng",Đà Nẵng,Quận Thanh Khê,Giấy tờ hợp lệ,Nam,
1277,Nhà mặt tiền,5.65,63.0,m²,4.0,3.0,,16.0,"Phường Hòa Thọ Đông, Quận Cẩm Lệ, Đà Nẵng",Đà Nẵng,Quận Cẩm Lệ,Giấy tờ hợp lệ,Đông Nam,4.0
1278,Nhà mặt tiền,21.0,133.0,m²,11.0,,4.0,,"Phường Thanh Khê Tây, Quận Thanh Khê, Đà Nẵng",Đà Nẵng,Quận Thanh Khê,Giấy tờ hợp lệ,,
1279,Nhà hẻm ngõ,3.25,31.0,m²,2.0,1.0,1.0,7.0,"Phường Hòa Cường Bắc, Quận Hải Châu, Đà Nẵng",Đà Nẵng,Quận Hải Châu,Giấy tờ hợp lệ,Nam,4.5
1280,Nhà mặt tiền,3.75,100.0,m²,5.0,5.0,1.0,20.0,"Đường Lý Thiên Bảo, Phường Hòa Xuân, Quận Cẩm Lệ, Đà Nẵng",Đà Nẵng,Quận Cẩm Lệ,Sổ đỏ,Tây,5.0
1281,Nhà mặt tiền,8.0,125.0,m²,5.0,5.0,3.0,25.0,"Phường Hòa Xuân, Quận Cẩm Lệ, Đà Nẵng",Đà Nẵng,Quận Cẩm Lệ,Giấy tờ hợp lệ,Đông Nam,5.0
1282,Nhà mặt tiền,8.0,100.0,m²,4.0,4.0,4.0,20.0,"Phường Hòa Quý, Quận Ngũ Hành Sơn, Đà Nẵng",Đà Nẵng,Quận Ngũ Hành Sơn,Giấy tờ hợp lệ,Đông Nam,5.0
1283,Nhà mặt tiền,7.2,90.0,m²,2.0,1.0,1.0,18.0,"Phường Thọ Quang, Quận Sơn Trà, Đà Nẵng",Đà Nẵng,Quận Sơn Trà,Giấy tờ hợp lệ,Tây Bắc,5.0
1284,Nhà mặt tiền,11.0,100.0,m²,11.0,7.0,5.0,20.0,"Nại Hiên Đông, Quận Sơn Trà, Đà Nẵng",Đà Nẵng,Quận Sơn Trà,Giấy tờ hợp lệ,Tây Bắc,5.0
1285,Nhà hẻm ngõ,1.79,20.0,m²,2.0,2.0,,7.0,"Phường An Khê, Quận Thanh Khê, Đà Nẵng",Đà Nẵng,Quận Thanh Khê,Giấy tờ hợp lệ,,3.0
1286,Nhà hẻm ngõ,5.0,80.0,m²,3.0,3.0,3.0,16.0,"Phường Hòa An, Quận Cẩm Lệ, Đà Nẵng",Đà Nẵng,Quận Cẩm Lệ,Giấy tờ hợp lệ,Đông Nam,5.0
1287,Nhà mặt tiền,6.1,80.0,m²,3.0,2.0,2.0,17.0,"Đường Nguyễn phước nguyên, Phường An Khê, Quận Thanh Khê, Đà Nẵng",Đà Nẵng,Quận Thanh Khê,Sổ hồng,,4.6
1288,Nhà mặt tiền,8.3,206.4,m²,3.0,3.0,3.0,,"Phường Hòa Xuân, Quận Cẩm Lệ, Đà Nẵng",Đà Nẵng,Quận Cẩm Lệ,Giấy tờ hợp lệ,Tây Nam,
1289,Nhà hẻm ngõ,4.5,120.0,m²,5.0,5.0,1.0,24.0,"Phường Hòa Hải, Quận Ngũ Hành Sơn, Đà Nẵng",Đà Nẵng,Quận Ngũ Hành Sơn,Giấy tờ hợp lệ,Tây,5.0
1290,Nhà hẻm ngõ,2.29,55.0,m²,2.0,2.0,1.0,12.0,"Phường Hòa Phát, Quận Cẩm Lệ, Đà Nẵng",Đà Nẵng,Quận Cẩm Lệ,Giấy tờ hợp lệ,Tây Nam,5.0
1291,Nhà mặt tiền,5.5,80.0,m²,3.0,,3.0,,"Phường Hòa Minh, Quận Liên Chiểu, Đà Nẵng",Đà Nẵng,Quận Liên Chiểu,Giấy tờ hợp lệ,,
1292,Nhà mặt tiền,10.1,130.0,m²,8.0,7.0,3.0,20.0,"Phường Hòa Xuân, Quận Cẩm Lệ, Đà Nẵng",Đà Nẵng,Quận Cẩm Lệ,Giấy tờ hợp lệ,Tây,6.9
1293,Nhà hẻm ngõ,3.9,42.0,m²,3.0,2.0,3.0,6.0,"Phường Bình Thuận, Quận Hải Châu, Đà Nẵng",Đà Nẵng,Quận Hải Châu,Giấy tờ hợp lệ,Nam,7.0
1294,Nhà mặt tiền,6.95,100.0,m²,2.0,2.0,2.0,20.0,"Phường Hòa Minh, Quận Liên Chiểu, Đà Nẵng",Đà Nẵng,Quận Liên Chiểu,Giấy tờ hợp lệ,Nam,5.0
1295,Nhà mặt tiền,11.1,70.0,m²,3.0,3.0,3.0,14.0,"Đường Lê Thanh Nghị, Phường Hòa Cường Bắc, Quận Hải Châu, Đà Nẵng",Đà Nẵng,Quận Hải Châu,Sổ hồng,Tây Nam,5.0
1296,Nhà hẻm ngõ,4.35,63.5,m²,2.0,2.0,2.0,,"Phường Thọ Quang, Quận Sơn Trà, Đà Nẵng",Đà Nẵng,Quận Sơn Trà,Giấy tờ hợp lệ,Đông Nam,
1297,Nhà mặt tiền,6.3,88.0,m²,2.0,1.0,2.0,19.0,"Phường Khuê Trung, Quận Cẩm Lệ, Đà Nẵng",Đà Nẵng,Quận Cẩm Lệ,Giấy tờ hợp lệ,Tây,4.6
1298,Nhà hẻm ngõ,3.99,40.0,m²,3.0,,3.0,,"Phường Bình Hiên, Quận Hải Châu, Đà Nẵng",Đà Nẵng,Quận Hải Châu,Giấy tờ hợp lệ,,
1299,Nhà hẻm ngõ,4.15,51.0,m²,3.0,1.0,2.0,12.0,"Phường An Hải Đông, Quận Sơn Trà, Đà Nẵng",Đà Nẵng,Quận Sơn Trà,Giấy tờ hợp lệ,,4.2
1300,Nhà hẻm ngõ,5.95,66.0,m²,8.0,7.0,3.0,11.0,"Phường Bình Hiên, Quận Hải Châu, Đà Nẵng",Đà Nẵng,Quận Hải Châu,Giấy tờ hợp lệ,,6.0
1301,Nhà mặt tiền,15.0,120.0,m²,,,,,"Quận Hải Châu, Đà Nẵng",Đà Nẵng,Quận Hải Châu,Sổ hồng,,
1302,Nhà mặt tiền,4.8,105.0,m²,2.0,2.0,1.0,17.0,"Phường Hòa Minh, Quận Liên Chiểu, Đà Nẵng",Đà Nẵng,Quận Liên Chiểu,Giấy tờ hợp lệ,Đông Bắc,6.5
1303,Nhà hẻm ngõ,3.1,70.0,m²,2.0,2.0,1.0,14.0,"Phường Hải Châu II, Quận Hải Châu, Đà Nẵng",Đà Nẵng,Quận Hải Châu,Giấy tờ hợp lệ,,5.0
1304,Nhà mặt tiền,7.2,100.0,m²,3.0,4.0,,20.0,"Phường Hòa Minh, Quận Liên Chiểu, Đà Nẵng",Đà Nẵng,Quận Liên Chiểu,Giấy tờ hợp lệ,,5.0
1305,Nhà hẻm ngõ,4.75,63.0,m²,3.0,3.0,3.0,15.7,"Phường Hòa Khê, Quận Thanh Khê, Đà Nẵng",Đà Nẵng,Quận Thanh Khê,Giấy tờ hợp lệ,Tây Bắc,4.0
1306,Nhà mặt tiền,13.5,86.0,m²,3.0,4.0,,20.0,"Phường Phước Mỹ, Quận Sơn Trà, Đà Nẵng",Đà Nẵng,Quận Sơn Trà,Giấy tờ hợp lệ,Bắc,4.5
1307,Nhà mặt tiền,11.7,100.0,m²,10.0,,4.0,,"Phường Thọ Quang, Quận Sơn Trà, Đà Nẵng",Đà Nẵng,Quận Sơn Trà,Giấy tờ hợp lệ,,
1308,Nhà mặt tiền,4.75,54.0,m²,3.0,2.0,2.0,10.0,"Phường Mân Thái, Quận Sơn Trà, Đà Nẵng",Đà Nẵng,Quận Sơn Trà,Giấy tờ hợp lệ,Tây Bắc,54.0
1309,Nhà hẻm ngõ,2.7,192.0,m²,4.0,2.0,,24.0,"Xã Hòa Tiến, Huyện Hoà Vang, Đà Nẵng",Đà Nẵng,Huyện Hoà Vang,Giấy tờ hợp lệ,Đông,8.0
1310,Nhà mặt tiền,11.11,71.0,m²,4.0,3.0,3.0,14.0,"Phường Hòa Cường Bắc, Quận Hải Châu, Đà Nẵng",Đà Nẵng,Quận Hải Châu,Giấy tờ hợp lệ,Tây Nam,5.0
1311,Nhà mặt tiền,14.5,115.0,m²,11.0,7.0,5.0,23.0,"Phường Hòa Xuân, Quận Cẩm Lệ, Đà Nẵng",Đà Nẵng,Quận Cẩm Lệ,Giấy tờ hợp lệ,Đông Bắc,5.0
1312,Nhà mặt tiền,14.0,105.0,m²,6.0,7.0,3.0,15.0,"Phường Thanh Khê Đông, Quận Thanh Khê, Đà Nẵng",Đà Nẵng,Quận Thanh Khê,Giấy tờ hợp lệ,Đông Bắc,7.0
1313,Nhà mặt tiền,13.7,115.0,m²,2.0,2.0,1.0,23.0,"Phường Khuê Trung, Quận Cẩm Lệ, Đà Nẵng",Đà Nẵng,Quận Cẩm Lệ,Giấy tờ hợp lệ,,5.0
1314,Nhà mặt tiền,3.78,107.0,m²,3.0,3.0,1.0,21.5,"Phường Hòa Khánh Bắc, Quận Liên Chiểu, Đà Nẵng",Đà Nẵng,Quận Liên Chiểu,Giấy tờ hợp lệ,Đông,5.0
1315,Nhà mặt tiền,9.5,75.0,m²,3.0,3.0,,16.6,"Đường Hàn Thuyên, Phường Hòa Cường Bắc, Quận Hải Châu, Đà Nẵng",Đà Nẵng,Quận Hải Châu,Sổ hồng,Bắc,4.5
1316,Nhà hẻm ngõ,3.8,31.0,m²,3.0,3.0,3.0,11.0,"Phường Thạc Gián, Quận Thanh Khê, Đà Nẵng",Đà Nẵng,Quận Thanh Khê,Giấy tờ hợp lệ,,3.0
1317,Nhà mặt tiền,16.0,82.3,m²,3.0,,3.0,19.0,"Phường Thuận Phước, Quận Hải Châu, Đà Nẵng",Đà Nẵng,Quận Hải Châu,Giấy tờ hợp lệ,Đông Bắc,4.5
1318,Nhà hẻm ngõ,3.85,45.0,m²,3.0,2.0,,,"Đường Lê Duẩn, Phường Tân Chính, Quận Thanh Khê, Đà Nẵng",Đà Nẵng,Quận Thanh Khê,Sổ hồng,,
1319,Nhà mặt tiền,5.75,117.0,m²,3.0,3.0,3.0,20.0,"Phường Hòa Minh, Quận Liên Chiểu, Đà Nẵng",Đà Nẵng,Quận Liên Chiểu,Giấy tờ hợp lệ,Đông Nam,4.7
1320,Nhà hẻm ngõ,4.3,60.0,m²,3.0,3.0,3.0,13.0,"Phường Hòa Thọ Đông, Quận Cẩm Lệ, Đà Nẵng",Đà Nẵng,Quận Cẩm Lệ,Giấy tờ hợp lệ,Tây Nam,4.7
1321,Nhà hẻm ngõ,2.65,29.0,m²,2.0,2.0,2.0,,"Phường Chính Gián, Quận Thanh Khê, Đà Nẵng",Đà Nẵng,Quận Thanh Khê,Giấy tờ hợp lệ,,
1322,Nhà mặt tiền,6.6,150.0,m²,6.0,7.0,1.0,24.0,"Phường Hòa Khê, Quận Thanh Khê, Đà Nẵng",Đà Nẵng,Quận Thanh Khê,Giấy tờ hợp lệ,,6.0
1323,Nhà hẻm ngõ,3.95,70.0,m²,2.0,2.0,1.0,14.0,"Phường Mân Thái, Quận Sơn Trà, Đà Nẵng",Đà Nẵng,Quận Sơn Trà,Giấy tờ hợp lệ,Đông,5.0
1324,Nhà hẻm ngõ,3.95,62.0,m²,2.0,1.0,1.0,15.0,"Phường Thọ Quang, Quận Sơn Trà, Đà Nẵng",Đà Nẵng,Quận Sơn Trà,Giấy tờ hợp lệ,Tây,4.0
1325,Nhà hẻm ngõ,4.25,80.0,m²,3.0,2.0,2.0,16.0,"Phường Hòa An, Quận Cẩm Lệ, Đà Nẵng",Đà Nẵng,Quận Cẩm Lệ,Giấy tờ hợp lệ,Đông Nam,5.0
1326,Nhà mặt tiền,5.95,55.0,m²,3.0,3.0,,,"Đường Mai Lão Bạng, Phường Thuận Phước, Quận Hải Châu, Đà Nẵng",Đà Nẵng,Quận Hải Châu,Sổ hồng,Đông Nam,
1327,Nhà hẻm ngõ,2.52,45.0,m²,2.0,2.0,,9.6,"Phường Thanh Khê Đông, Quận Thanh Khê, Đà Nẵng",Đà Nẵng,Quận Thanh Khê,Giấy tờ hợp lệ,Tây Nam,4.6
1328,Nhà hẻm ngõ,3.8,43.0,m²,3.0,3.0,3.0,,"Phường Nam Dương, Quận Hải Châu, Đà Nẵng",Đà Nẵng,Quận Hải Châu,Giấy tờ hợp lệ,,
1329,Nhà hẻm ngõ,5.65,54.0,m²,3.0,4.0,3.0,,"Phường Chính Gián, Quận Thanh Khê, Đà Nẵng",Đà Nẵng,Quận Thanh Khê,Giấy tờ hợp lệ,,
1330,Nhà hẻm ngõ,2.75,28.7,m²,2.0,2.0,2.0,11.0,"Phường Tam Thuận, Quận Thanh Khê, Đà Nẵng",Đà Nẵng,Quận Thanh Khê,Giấy tờ hợp lệ,Tây Nam,2.8
1331,Biệt thự,23.5,300.0,m²,11.0,7.0,4.0,25.0,"Phường Hòa Xuân, Quận Cẩm Lệ, Đà Nẵng",Đà Nẵng,Quận Cẩm Lệ,Giấy tờ hợp lệ,Đông Nam,12.0
1332,Nhà mặt tiền,8.6,74.5,m²,2.0,2.0,,15.0,"Phường Thanh Khê Đông, Quận Thanh Khê, Đà Nẵng",Đà Nẵng,Quận Thanh Khê,Giấy tờ hợp lệ,,4.9
1333,Nhà mặt tiền,8.0,90.0,m²,7.0,7.0,3.0,14.0,"Phường Khuê Trung, Quận Cẩm Lệ, Đà Nẵng",Đà Nẵng,Quận Cẩm Lệ,Giấy tờ hợp lệ,Đông Bắc,6.5
1334,Nhà mặt tiền,12.2,64.0,m²,4.0,4.0,4.0,16.0,"Phường Phước Mỹ, Quận Sơn Trà, Đà Nẵng",Đà Nẵng,Quận Sơn Trà,Giấy tờ hợp lệ,Tây Bắc,4.0
1335,Nhà mặt tiền,3.65,120.0,m²,2.0,2.0,1.0,20.0,"Xã Hòa Tiến, Huyện Hoà Vang, Đà Nẵng",Đà Nẵng,Huyện Hoà Vang,Giấy tờ hợp lệ,Tây Bắc,6.2
1336,Nhà mặt tiền,6.45,72.0,m²,3.0,4.0,,16.0,"Phường Hòa Minh, Quận Liên Chiểu, Đà Nẵng",Đà Nẵng,Quận Liên Chiểu,Giấy tờ hợp lệ,,4.5
1337,Nhà mặt tiền,7.79,82.5,m²,3.0,3.0,3.0,16.5,"Phường Thanh Khê Tây, Quận Thanh Khê, Đà Nẵng",Đà Nẵng,Quận Thanh Khê,Giấy tờ hợp lệ,Đông Bắc,5.0
1338,Nhà mặt tiền,9.5,75.0,m²,3.0,3.0,3.0,16.4,"Phường Hòa Cường Bắc, Quận Hải Châu, Đà Nẵng",Đà Nẵng,Quận Hải Châu,Giấy tờ hợp lệ,Bắc,4.5
1339,Nhà mặt tiền,19.8,119.0,m²,3.0,3.0,1.0,17.2,"Phường An Hải Đông, Quận Sơn Trà, Đà Nẵng",Đà Nẵng,Quận Sơn Trà,Giấy tờ hợp lệ,,6.9
1340,Nhà hẻm ngõ,3.9,52.0,m²,2.0,,2.0,10.0,"Phường Thanh Khê Đông, Quận Thanh Khê, Đà Nẵng",Đà Nẵng,Quận Thanh Khê,Giấy tờ hợp lệ,Đông Bắc,5.5
1341,Nhà mặt tiền,41.0,90.0,m²,10.0,,6.0,18.0,"Phường Mỹ An, Quận Ngũ Hành Sơn, Đà Nẵng",Đà Nẵng,Quận Ngũ Hành Sơn,Giấy tờ hợp lệ,,5.0
1342,Nhà mặt tiền,7.48,100.0,m²,3.0,3.0,3.0,20.0,"Phường Hòa Xuân, Quận Cẩm Lệ, Đà Nẵng",Đà Nẵng,Quận Cẩm Lệ,Giấy tờ hợp lệ,Tây Bắc,5.0
1343,Nhà mặt tiền,8.8,85.0,m²,4.0,4.0,3.0,17.0,"Đường Mỹ Đa Tây 12, Phường Khuê Mỹ, Quận Ngũ Hành Sơn, Đà Nẵng",Đà Nẵng,Quận Ngũ Hành Sơn,Sổ hồng,,5.0
1344,Nhà mặt tiền,7.5,100.0,m²,3.0,2.0,3.0,20.0,"Đường Đông thạnh 2, Phường An Khê, Quận Thanh Khê, Đà Nẵng",Đà Nẵng,Quận Thanh Khê,Sổ hồng,Đông Bắc,5.0
1345,Nhà mặt tiền,9.0,73.0,m²,3.0,3.0,3.0,16.3,"Phường Khuê Mỹ, Quận Ngũ Hành Sơn, Đà Nẵng",Đà Nẵng,Quận Ngũ Hành Sơn,Giấy tờ hợp lệ,Tây Bắc,4.5
1346,Nhà hẻm ngõ,7.8,53.0,m²,3.0,3.0,3.0,8.5,"Phường An Hải Bắc, Quận Sơn Trà, Đà Nẵng",Đà Nẵng,Quận Sơn Trà,Giấy tờ hợp lệ,Bắc,6.2
1347,Nhà hẻm ngõ,6.6,50.0,m²,2.0,3.0,2.0,13.0,"Phường Phước Mỹ, Quận Sơn Trà, Đà Nẵng",Đà Nẵng,Quận Sơn Trà,Giấy tờ hợp lệ,Đông,4.0
1348,Nhà hẻm ngõ,4.25,64.2,m²,3.0,2.0,2.0,19.0,"Phường Bình Thuận, Quận Hải Châu, Đà Nẵng",Đà Nẵng,Quận Hải Châu,Giấy tờ hợp lệ,Nam,3.5
1349,Nhà hẻm ngõ,8.9,60.0,m²,2.0,2.0,,12.0,"Đường Mỹ Đa Đông 12, Phường Mỹ An, Quận Ngũ Hành Sơn, Đà Nẵng",Đà Nẵng,Quận Ngũ Hành Sơn,Sổ hồng,,5.0
1350,Nhà mặt tiền,30.0,130.0,m²,7.0,7.0,,,"Đường SDT chính chủ: 0935.932.277 , đường Nguyễn Du, Phường Thạch Thang, Quận Hải Châu, Đà Nẵng",Đà Nẵng,Quận Hải Châu,Sổ đỏ,Nam,
1351,Nhà mặt tiền,5.8,52.0,m²,2.0,1.0,1.0,13.0,"Phường Thuận Phước, Quận Hải Châu, Đà Nẵng",Đà Nẵng,Quận Hải Châu,Giấy tờ hợp lệ,Tây,4.0
1352,Nhà hẻm ngõ,4.35,83.0,m²,3.0,2.0,2.0,21.0,"Phường Hòa Thọ Đông, Quận Cẩm Lệ, Đà Nẵng",Đà Nẵng,Quận Cẩm Lệ,Giấy tờ hợp lệ,Đông Nam,4.0
1353,Nhà hẻm ngõ,4.3,77.0,m²,3.0,2.0,2.0,19.0,"Phường Hòa Thọ Đông, Quận Cẩm Lệ, Đà Nẵng",Đà Nẵng,Quận Cẩm Lệ,Giấy tờ hợp lệ,Đông Nam,4.0
1354,Nhà mặt tiền,7.95,53.0,m²,2.0,2.0,2.0,10.6,"Đường Hải Phòng, Phường Chính Gián, Quận Thanh Khê, Đà Nẵng",Đà Nẵng,Quận Thanh Khê,Sổ hồng,,5.0
1355,Nhà mặt tiền,7.95,53.0,m²,2.0,2.0,2.0,10.6,"Phường Chính Gián, Quận Thanh Khê, Đà Nẵng",Đà Nẵng,Quận Thanh Khê,Giấy tờ hợp lệ,,5.0
1356,Nhà mặt tiền,9.6,100.0,m²,10.0,7.0,4.0,20.0,"Phường Hòa Hải, Quận Ngũ Hành Sơn, Đà Nẵng",Đà Nẵng,Quận Ngũ Hành Sơn,Giấy tờ hợp lệ,Đông Nam,5.0
1357,Nhà mặt tiền,1.89,150.0,m²,3.0,2.0,2.0,22.0,"Xã Hòa Tiến, Huyện Hoà Vang, Đà Nẵng",Đà Nẵng,Huyện Hoà Vang,Giấy tờ hợp lệ,Tây Nam,7.0
1358,Nhà mặt tiền,18.0,112.0,m²,5.0,5.0,3.0,22.0,"Phường Tân Chính, Quận Thanh Khê, Đà Nẵng",Đà Nẵng,Quận Thanh Khê,Giấy tờ hợp lệ,,5.0
1359,Nhà hẻm ngõ,4.95,46.8,m²,3.0,3.0,33.0,,"Phường Chính Gián, Quận Thanh Khê, Đà Nẵng",Đà Nẵng,Quận Thanh Khê,Giấy tờ hợp lệ,,
1360,Nhà mặt tiền,3.55,100.0,m²,3.0,2.0,2.0,20.0,"Phường Hòa Xuân, Quận Cẩm Lệ, Đà Nẵng",Đà Nẵng,Quận Cẩm Lệ,Giấy tờ hợp lệ,Tây Bắc,5.0
1361,Nhà hẻm ngõ,4.79,52.0,m²,3.0,2.0,3.0,13.0,"Phường Hòa Khê, Quận Thanh Khê, Đà Nẵng",Đà Nẵng,Quận Thanh Khê,Giấy tờ hợp lệ,Đông Bắc,4.0
1362,Nhà mặt tiền,10.5,71.2,m²,3.0,3.0,3.0,11.5,"Phường Thanh Bình, Quận Hải Châu, Đà Nẵng",Đà Nẵng,Quận Hải Châu,Giấy tờ hợp lệ,Đông Nam,6.0
1363,Nhà mặt tiền,7.5,85.0,m²,2.0,2.0,1.0,22.0,"Phường An Khê, Quận Thanh Khê, Đà Nẵng",Đà Nẵng,Quận Thanh Khê,Giấy tờ hợp lệ,,4.0
1364,Nhà hẻm ngõ,3.25,42.0,m²,2.0,2.0,2.0,7.5,"Phường Hòa Cường Bắc, Quận Hải Châu, Đà Nẵng",Đà Nẵng,Quận Hải Châu,Giấy tờ hợp lệ,Bắc,4.1
1365,Nhà mặt tiền,12.5,81.0,m²,4.0,4.0,3.0,18.0,"Phường Hòa Minh, Quận Liên Chiểu, Đà Nẵng",Đà Nẵng,Quận Liên Chiểu,Giấy tờ hợp lệ,Tây Bắc,4.5
1366,Nhà mặt tiền,30.0,280.0,m²,2.0,2.0,2.0,,"Đường Nguyễn Tri Phương, Phường Thạc Gián, Quận Thanh Khê, Đà Nẵng",Đà Nẵng,Quận Thanh Khê,Sổ đỏ,Đông Bắc,
1367,Nhà mặt tiền,12.6,99.0,m²,4.0,4.0,3.0,18.0,"Đường Huỳnh Mẫn Đạt, Phường Hòa Cường Bắc, Quận Hải Châu, Đà Nẵng",Đà Nẵng,Quận Hải Châu,Sổ đỏ,Bắc,5.5
1368,Nhà mặt tiền,9.5,100.0,m²,9.0,7.0,2.0,,"Phường Hòa Xuân, Quận Cẩm Lệ, Đà Nẵng",Đà Nẵng,Quận Cẩm Lệ,Giấy tờ hợp lệ,Đông Bắc,
1369,Nhà mặt tiền,6.2,60.0,m²,3.0,2.0,1.0,15.0,"Nại Hiên Đông, Quận Sơn Trà, Đà Nẵng",Đà Nẵng,Quận Sơn Trà,Giấy tờ hợp lệ,Đông,4.0
1370,Nhà mặt tiền,3.0,123.0,m²,4.0,2.0,2.0,24.0,"Xã Hòa Tiến, Huyện Hoà Vang, Đà Nẵng",Đà Nẵng,Huyện Hoà Vang,Giấy tờ hợp lệ,,5.4
1371,Nhà hẻm ngõ,3.75,51.4,m²,3.0,2.0,2.0,,"Phường Hải Châu I, Quận Hải Châu, Đà Nẵng",Đà Nẵng,Quận Hải Châu,Giấy tờ hợp lệ,Đông,
1372,Nhà hẻm ngõ,14.8,71.0,m²,6.0,6.0,,4.0,"Phường An Hải Đông, Quận Sơn Trà, Đà Nẵng",Đà Nẵng,Quận Sơn Trà,Giấy tờ hợp lệ,Đông Bắc,18.0
1373,Nhà hẻm ngõ,26.5,170.0,m²,11.0,7.0,5.0,,"Phường Thạc Gián, Quận Thanh Khê, Đà Nẵng",Đà Nẵng,Quận Thanh Khê,Giấy tờ hợp lệ,,
1374,Nhà mặt tiền,15.0,195.0,m²,2.0,2.0,2.0,21.0,"Đường Bùi Thị Xuân, Phường An Hải Tây, Quận Sơn Trà, Đà Nẵng",Đà Nẵng,Quận Sơn Trà,Sổ hồng,Tây,5.0
1375,Nhà mặt tiền,12.5,100.0,m²,4.0,5.0,3.0,20.0,"Phường Mỹ An, Quận Ngũ Hành Sơn, Đà Nẵng",Đà Nẵng,Quận Ngũ Hành Sơn,Giấy tờ hợp lệ,Tây Bắc,5.0
1376,Nhà mặt tiền,13.5,66.0,m²,4.0,3.0,3.0,,"Phường Thạc Gián, Quận Thanh Khê, Đà Nẵng",Đà Nẵng,Quận Thanh Khê,Giấy tờ hợp lệ,,
1377,Nhà mặt tiền,14.5,115.0,m²,11.0,7.0,5.0,,"Phường Hòa Xuân, Quận Cẩm Lệ, Đà Nẵng",Đà Nẵng,Quận Cẩm Lệ,Giấy tờ hợp lệ,,
1378,Nhà mặt tiền,5.5,100.0,m²,3.0,2.0,2.0,20.0,"Phường Hòa Quý, Quận Ngũ Hành Sơn, Đà Nẵng",Đà Nẵng,Quận Ngũ Hành Sơn,Giấy tờ hợp lệ,Tây Nam,5.0
1379,Nhà mặt tiền,7.35,95.0,m²,5.0,,,19.0,"Phường Khuê Trung, Quận Cẩm Lệ, Đà Nẵng",Đà Nẵng,Quận Cẩm Lệ,Giấy tờ hợp lệ,,5.0
1380,Nhà mặt tiền,8.5,100.0,m²,3.0,3.0,3.0,20.0,"Phường Hòa Xuân, Quận Cẩm Lệ, Đà Nẵng",Đà Nẵng,Quận Cẩm Lệ,Giấy tờ hợp lệ,Tây Bắc,5.0
1381,Nhà mặt tiền,8.5,90.0,m²,2.0,2.0,1.0,18.0,"Phường Thọ Quang, Quận Sơn Trà, Đà Nẵng",Đà Nẵng,Quận Sơn Trà,Giấy tờ hợp lệ,Tây,5.0
1382,Nhà hẻm ngõ,4.28,64.0,m²,3.0,2.0,2.0,16.0,"Phường Hòa Minh, Quận Liên Chiểu, Đà Nẵng",Đà Nẵng,Quận Liên Chiểu,Giấy tờ hợp lệ,Nam,4.0
1383,Nhà hẻm ngõ,3.49,100.0,m²,4.0,2.0,2.0,20.0,"Phường Hòa Khánh Nam, Quận Liên Chiểu, Đà Nẵng",Đà Nẵng,Quận Liên Chiểu,Giấy tờ hợp lệ,,5.0
1384,Nhà mặt tiền,4.75,52.0,m²,,,,,"Đường Dũng Sĩ Thanh Khê, Phường Thanh Khê Tây, Quận Thanh Khê, Đà Nẵng",Đà Nẵng,Quận Thanh Khê,Sổ hồng,,
1385,Nhà hẻm ngõ,7.9,115.0,m²,4.0,4.0,,23.0,"Đường Nguyễn Hữu Thọ, Phường Hòa Thuận Tây, Quận Hải Châu, Đà Nẵng",Đà Nẵng,Quận Hải Châu,Sổ hồng,,5.0
1386,Nhà mặt tiền,11.5,77.0,m²,3.0,3.0,,17.0,"Đường Tân Thái 3, Phường Mân Thái, Quận Sơn Trà, Đà Nẵng",Đà Nẵng,Quận Sơn Trà,Sổ đỏ,,4.5
1387,Nhà hẻm ngõ,3.55,70.0,m²,2.0,2.0,2.0,20.0,"Phường Thanh Khê Tây, Quận Thanh Khê, Đà Nẵng",Đà Nẵng,Quận Thanh Khê,Giấy tờ hợp lệ,Đông,3.0
1388,Nhà mặt tiền,6.25,96.5,m²,4.0,2.0,1.0,19.3,"Phường Thuận Phước, Quận Hải Châu, Đà Nẵng",Đà Nẵng,Quận Hải Châu,Giấy tờ hợp lệ,Bắc,4.9
1389,Nhà mặt tiền,18.5,150.0,m²,7.0,5.0,3.0,14.5,"Phường An Hải Bắc, Quận Sơn Trà, Đà Nẵng",Đà Nẵng,Quận Sơn Trà,Giấy tờ hợp lệ,Đông Nam,8.4
1390,Nhà hẻm ngõ,3.75,43.0,m²,3.0,4.0,4.0,11.0,"Phường Nam Dương, Quận Hải Châu, Đà Nẵng",Đà Nẵng,Quận Hải Châu,Giấy tờ hợp lệ,Nam,4.0
1391,Nhà mặt tiền,14.5,115.0,m²,11.0,,5.0,23.0,"Phường Hòa Xuân, Quận Cẩm Lệ, Đà Nẵng",Đà Nẵng,Quận Cẩm Lệ,Giấy tờ hợp lệ,Đông Bắc,5.0
1392,Nhà hẻm ngõ,3.75,58.0,m²,3.0,2.0,2.0,16.0,"Phường Hòa Phát, Quận Cẩm Lệ, Đà Nẵng",Đà Nẵng,Quận Cẩm Lệ,Giấy tờ hợp lệ,Tây Nam,3.6
1393,Nhà hẻm ngõ,4.2,55.0,m²,3.0,3.0,3.0,,"Phường Hòa Thuận Đông, Quận Hải Châu, Đà Nẵng",Đà Nẵng,Quận Hải Châu,Giấy tờ hợp lệ,,
1394,Nhà mặt tiền,14.5,230.0,m²,3.0,3.0,2.0,16.0,"Phường Xuân Hà, Quận Thanh Khê, Đà Nẵng",Đà Nẵng,Quận Thanh Khê,Giấy tờ hợp lệ,Đông Bắc,7.5
1395,Nhà mặt tiền,5.9,60.0,m²,2.0,1.0,1.0,15.0,"Nại Hiên Đông, Quận Sơn Trà, Đà Nẵng",Đà Nẵng,Quận Sơn Trà,Giấy tờ hợp lệ,Tây,4.0
1396,Nhà hẻm ngõ,3.8,48.0,m²,3.0,2.0,2.0,,"Phường Nam Dương, Quận Hải Châu, Đà Nẵng",Đà Nẵng,Quận Hải Châu,Giấy tờ hợp lệ,,
1397,Nhà mặt tiền,5.1,105.0,m²,3.0,2.0,2.0,21.0,"Phường Hòa Minh, Quận Liên Chiểu, Đà Nẵng",Đà Nẵng,Quận Liên Chiểu,Giấy tờ hợp lệ,Tây Nam,5.0
1398,Nhà mặt tiền,4.85,90.0,m²,1.0,1.0,,18.0,"Phường An Khê, Quận Thanh Khê, Đà Nẵng",Đà Nẵng,Quận Thanh Khê,Giấy tờ hợp lệ,Tây Nam,5.0
1399,Nhà hẻm ngõ,4.35,68.0,m²,3.0,2.0,2.0,16.0,"Phường Thanh Khê Tây, Quận Thanh Khê, Đà Nẵng",Đà Nẵng,Quận Thanh Khê,Giấy tờ hợp lệ,Đông Nam,4.1
1400,Nhà hẻm ngõ,4.28,65.0,m²,3.0,,2.0,16.0,"Phường Hòa Minh, Quận Liên Chiểu, Đà Nẵng",Đà Nẵng,Quận Liên Chiểu,Giấy tờ hợp lệ,Đông Nam,4.1
1401,Nhà mặt tiền,8.8,73.0,m²,3.0,3.0,3.0,16.2,"Đường Nguyễn Cư Trinh, Phường Hòa Cường Bắc, Quận Hải Châu, Đà Nẵng",Đà Nẵng,Quận Hải Châu,Sổ hồng,Bắc,4.5
1402,Nhà mặt tiền,15.9,100.0,m²,4.0,4.0,3.0,20.0,"Phường An Hải Bắc, Quận Sơn Trà, Đà Nẵng",Đà Nẵng,Quận Sơn Trà,Giấy tờ hợp lệ,Nam,5.0
1403,Nhà mặt tiền,10.5,102.0,m²,3.0,3.0,3.0,20.0,"Đường Lương nhữ Hộc, Phường Hòa Cường Bắc, Quận Hải Châu, Đà Nẵng",Đà Nẵng,Quận Hải Châu,Sổ hồng,Đông Bắc,5.5
1404,Nhà mặt tiền,13.0,138.0,m²,,,,,"Đường Đỗ Bá, Phường Mỹ An, Quận Ngũ Hành Sơn, Đà Nẵng",Đà Nẵng,Quận Ngũ Hành Sơn,Sổ đỏ,Nam,
1405,Nhà hẻm ngõ,4.25,42.0,m²,3.0,3.0,3.0,10.5,"Phường Thanh Khê Đông, Quận Thanh Khê, Đà Nẵng",Đà Nẵng,Quận Thanh Khê,Giấy tờ hợp lệ,,4.0
1406,Nhà hẻm ngõ,2.45,36.0,m²,2.0,2.0,2.0,,"Phường Xuân Hà, Quận Thanh Khê, Đà Nẵng",Đà Nẵng,Quận Thanh Khê,Giấy tờ hợp lệ,,
1407,Nhà mặt tiền,9.6,124.0,m²,3.0,2.0,,31.0,"Phường An Hải Đông, Quận Sơn Trà, Đà Nẵng",Đà Nẵng,Quận Sơn Trà,Giấy tờ hợp lệ,,4.0
1408,Nhà mặt tiền,7.8,99.0,m²,3.0,3.0,4.0,,"Phường Khuê Trung, Quận Cẩm Lệ, Đà Nẵng",Đà Nẵng,Quận Cẩm Lệ,Giấy tờ hợp lệ,,
1409,Nhà mặt tiền,5.1,105.0,m²,3.0,3.0,2.0,21.0,"Phường Hòa Minh, Quận Liên Chiểu, Đà Nẵng",Đà Nẵng,Quận Liên Chiểu,Giấy tờ hợp lệ,Tây Nam,5.0
1410,Nhà mặt tiền,13.55,60.0,m²,4.0,4.0,4.0,12.0,"Đường Lê Hồng Phong, Phường Hải Châu, Quận Hải Châu, Đà Nẵng",Đà Nẵng,Quận Hải Châu,Sổ hồng,Đông Bắc,5.0
1411,Nhà mặt tiền,6.95,69.8,m²,4.0,4.0,,,"Phường Hòa Minh, Quận Liên Chiểu, Đà Nẵng",Đà Nẵng,Quận Liên Chiểu,Giấy tờ hợp lệ,,
1412,Nhà hẻm ngõ,1.79,60.0,m²,2.0,,,,"Phường Hòa Khánh Bắc, Quận Liên Chiểu, Đà Nẵng",Đà Nẵng,Quận Liên Chiểu,Giấy tờ hợp lệ,Đông Bắc,
1413,Nhà mặt tiền,18.7,150.0,m²,4.0,3.0,3.0,15.0,"Phường An Hải Bắc, Quận Sơn Trà, Đà Nẵng",Đà Nẵng,Quận Sơn Trà,Giấy tờ hợp lệ,Đông,10.0
1414,Nhà mặt tiền,8.7,54.0,m²,3.0,2.0,3.0,12.0,"Đường 2 Tháng 9, Phường Hòa Thuận Đông, Quận Hải Châu, Đà Nẵng",Đà Nẵng,Quận Hải Châu,Sổ hồng,Tây,4.5
1415,Nhà hẻm ngõ,1.55,15.0,m²,2.0,1.0,2.0,3.5,"Phường Chính Gián, Quận Thanh Khê, Đà Nẵng",Đà Nẵng,Quận Thanh Khê,Giấy tờ hợp lệ,Tây Nam,4.5
1416,Nhà mặt tiền,10.5,96.0,m²,11.0,7.0,6.0,16.0,"Phường Hòa Hải, Quận Ngũ Hành Sơn, Đà Nẵng",Đà Nẵng,Quận Ngũ Hành Sơn,Giấy tờ hợp lệ,,6.0
1417,Nhà hẻm ngõ,12.0,134.0,m²,3.0,4.0,2.0,18.3,"Phường Mỹ An, Quận Ngũ Hành Sơn, Đà Nẵng",Đà Nẵng,Quận Ngũ Hành Sơn,Giấy tờ hợp lệ,Đông Nam,7.3
1418,Nhà mặt tiền,4.5,100.0,m²,2.0,1.0,,20.0,"Phường Hòa Hiệp Nam, Quận Liên Chiểu, Đà Nẵng",Đà Nẵng,Quận Liên Chiểu,Giấy tờ hợp lệ,,5.0
1419,Nhà mặt tiền,27.0,88.0,m²,3.0,2.0,2.0,19.5,"Đường Trần Phú, Phường Phước Ninh, Quận Hải Châu, Đà Nẵng",Đà Nẵng,Quận Hải Châu,Sổ hồng,Tây,4.5
1420,Nhà mặt tiền,5.4,40.0,m²,2.0,2.0,2.0,9.0,"Phường Thanh Bình, Quận Hải Châu, Đà Nẵng",Đà Nẵng,Quận Hải Châu,Giấy tờ hợp lệ,,4.3
1421,Nhà mặt tiền,2.52,40.0,m²,2.0,1.0,2.0,10.0,"Phường Chính Gián, Quận Thanh Khê, Đà Nẵng",Đà Nẵng,Quận Thanh Khê,Giấy tờ hợp lệ,Đông,4.0
1422,Nhà hẻm ngõ,1.89,150.0,m²,5.0,2.0,2.0,22.0,"Xã Hòa Tiến, Huyện Hoà Vang, Đà Nẵng",Đà Nẵng,Huyện Hoà Vang,Giấy tờ hợp lệ,Tây Nam,7.0
1423,Nhà mặt tiền,7.5,100.0,m²,3.0,2.0,3.0,20.0,"Phường Hòa Xuân, Quận Cẩm Lệ, Đà Nẵng",Đà Nẵng,Quận Cẩm Lệ,Giấy tờ hợp lệ,Tây Bắc,5.0
1424,Biệt thự,5.15,64.7,m²,3.0,3.0,3.0,9.0,"Phường Hòa Minh, Quận Liên Chiểu, Đà Nẵng",Đà Nẵng,Quận Liên Chiểu,Giấy tờ hợp lệ,Tây Bắc,8.0
1425,Nhà hẻm ngõ,5.0,61.0,m²,5.0,3.0,3.0,12.5,"Phường Mân Thái, Quận Sơn Trà, Đà Nẵng",Đà Nẵng,Quận Sơn Trà,Giấy tờ hợp lệ,Đông Bắc,5.0
1426,Nhà mặt tiền,3.37,42.0,m²,3.0,3.0,2.0,12.0,"Phường Hòa An, Quận Cẩm Lệ, Đà Nẵng",Đà Nẵng,Quận Cẩm Lệ,Giấy tờ hợp lệ,Đông Bắc,3.8
1427,Nhà mặt tiền,11.8,88.0,m²,3.0,2.0,3.0,22.0,"Phường Hải Châu I, Quận Hải Châu, Đà Nẵng",Đà Nẵng,Quận Hải Châu,Giấy tờ hợp lệ,,4.0
1428,Nhà mặt tiền,4.85,70.0,m²,4.0,4.0,1.0,14.0,"Phường Hòa Minh, Quận Liên Chiểu, Đà Nẵng",Đà Nẵng,Quận Liên Chiểu,Giấy tờ hợp lệ,Đông Bắc,5.0
1429,Nhà mặt tiền,4.49,125.0,m²,3.0,2.0,2.0,25.0,"Phường Hòa Xuân, Quận Cẩm Lệ, Đà Nẵng",Đà Nẵng,Quận Cẩm Lệ,Giấy tờ hợp lệ,Tây Nam,5.0
1430,Nhà mặt tiền,6.35,72.0,m²,3.0,4.0,3.0,16.0,"Phường Hòa Minh, Quận Liên Chiểu, Đà Nẵng",Đà Nẵng,Quận Liên Chiểu,Giấy tờ hợp lệ,Tây Bắc,4.5
1431,Nhà hẻm ngõ,7.15,124.0,m²,4.0,2.0,1.0,24.8,"Phường Hòa Cường Bắc, Quận Hải Châu, Đà Nẵng",Đà Nẵng,Quận Hải Châu,Giấy tờ hợp lệ,,5.0
1432,Biệt thự,17.9,218.0,m²,5.0,5.0,,22.0,"Đường Ngô Thế Vinh, Phường Hòa Thuận Tây, Quận Hải Châu, Đà Nẵng",Đà Nẵng,Quận Hải Châu,Sổ hồng,,10.0
1433,Nhà mặt tiền,6.5,60.0,m²,3.0,3.0,3.0,15.0,"Phường An Hải Đông, Quận Sơn Trà, Đà Nẵng",Đà Nẵng,Quận Sơn Trà,Giấy tờ hợp lệ,Bắc,4.0
1434,Nhà mặt tiền,5.88,117.5,m²,3.0,3.0,,23.5,"Đường Phù Đổng, Phường Hòa Xuân, Quận Cẩm Lệ, Đà Nẵng",Đà Nẵng,Quận Cẩm Lệ,Giấy tờ hợp lệ,Đông,5.0
1435,Nhà mặt tiền,15.5,108.3,m²,4.0,3.0,3.0,12.7,"Phường Tân Chính, Quận Thanh Khê, Đà Nẵng",Đà Nẵng,Quận Thanh Khê,Giấy tờ hợp lệ,Đông Nam,8.6
1436,Nhà hẻm ngõ,2.52,39.0,m²,2.0,1.0,1.0,3.6,"Phường Chính Gián, Quận Thanh Khê, Đà Nẵng",Đà Nẵng,Quận Thanh Khê,Giấy tờ hợp lệ,Đông,11.0
1437,Nhà hẻm ngõ,7.15,124.0,m²,4.0,2.0,,24.8,"Đường Núi Thành, Phường Hòa Cường Bắc, Quận Hải Châu, Đà Nẵng",Đà Nẵng,Quận Hải Châu,Sổ đỏ,,5.0
1438,Nhà mặt tiền,17.5,120.0,m²,4.0,4.0,3.0,20.0,"Phường An Hải Đông, Quận Sơn Trà, Đà Nẵng",Đà Nẵng,Quận Sơn Trà,Giấy tờ hợp lệ,Tây Nam,6.0
1439,Nhà hẻm ngõ,3.49,54.0,m²,2.0,2.0,2.0,9.0,"390, Đường Lê Duẩn, Phường Tân Chính, Quận Thanh Khê, Đà Nẵng",Đà Nẵng,Quận Thanh Khê,Sổ hồng,Tây Nam,6.0
1440,Nhà hẻm ngõ,3.55,150.0,m²,1.0,1.0,,25.0,"Phường Hòa Quý, Quận Ngũ Hành Sơn, Đà Nẵng",Đà Nẵng,Quận Ngũ Hành Sơn,Giấy tờ hợp lệ,Bắc,6.1
1441,Nhà mặt tiền,12.5,100.0,m²,12.0,12.0,4.0,20.0,"Đường Hàn Thuyên, Phường Hòa Cường Nam, Quận Hải Châu, Đà Nẵng",Đà Nẵng,Quận Hải Châu,Sổ đỏ,Đông Bắc,5.0
1442,Nhà mặt tiền,4.55,53.0,m²,2.0,2.0,2.0,10.0,"Phường Hòa Cường Bắc, Quận Hải Châu, Đà Nẵng",Đà Nẵng,Quận Hải Châu,Giấy tờ hợp lệ,Tây,5.0
1443,Nhà mặt tiền,28.6,100.0,m²,,,,,"Đường Nguyễn Văn Linh, Phường Nam Dương, Quận Hải Châu, Đà Nẵng",Đà Nẵng,Quận Hải Châu,Sổ hồng,,
1444,Nhà mặt tiền,16.5,160.0,m²,4.0,4.0,3.0,26.0,"Phường Thanh Khê Đông, Quận Thanh Khê, Đà Nẵng",Đà Nẵng,Quận Thanh Khê,Giấy tờ hợp lệ,Đông,6.0
1445,Nhà hẻm ngõ,4.6,70.0,m²,3.0,3.0,3.0,14.4,"Phường An Khê, Quận Thanh Khê, Đà Nẵng",Đà Nẵng,Quận Thanh Khê,Giấy tờ hợp lệ,Nam,4.8
1446,Nhà mặt tiền,17.5,98.0,m²,3.0,3.0,3.0,,"Phường Thạch Thang, Quận Hải Châu, Đà Nẵng",Đà Nẵng,Quận Hải Châu,Giấy tờ hợp lệ,,
1447,Nhà hẻm ngõ,3.9,51.0,m²,3.0,3.0,2.0,12.0,"Phường Phước Mỹ, Quận Sơn Trà, Đà Nẵng",Đà Nẵng,Quận Sơn Trà,Giấy tờ hợp lệ,,4.2
1448,Nhà mặt tiền,6.7,80.0,m²,3.0,3.0,3.0,,"Phường Hòa Minh, Quận Liên Chiểu, Đà Nẵng",Đà Nẵng,Quận Liên Chiểu,Giấy tờ hợp lệ,Đông Nam,
1449,Nhà hẻm ngõ,5.9,53.0,m²,3.0,3.0,3.0,10.5,"Phường Hòa Cường Bắc, Quận Hải Châu, Đà Nẵng",Đà Nẵng,Quận Hải Châu,Giấy tờ hợp lệ,,5.0
1450,Nhà mặt tiền,4.5,60.0,m²,3.0,2.0,3.0,12.0,"Phường Thọ Quang, Quận Sơn Trà, Đà Nẵng",Đà Nẵng,Quận Sơn Trà,Giấy tờ hợp lệ,Tây,5.0
1451,Nhà mặt tiền,6.4,110.0,m²,3.0,2.0,2.0,22.0,"Phường Hòa Quý, Quận Ngũ Hành Sơn, Đà Nẵng",Đà Nẵng,Quận Ngũ Hành Sơn,Giấy tờ hợp lệ,Đông Nam,5.0
1452,Nhà hẻm ngõ,3.5,53.0,m²,2.0,2.0,2.0,7.6,"Phường An Hải Bắc, Quận Sơn Trà, Đà Nẵng",Đà Nẵng,Quận Sơn Trà,Giấy tờ hợp lệ,Bắc,7.0
1453,Nhà hẻm ngõ,4.0,40.0,m²,4.0,1.0,2.0,,"Phường Thạch Thang, Quận Hải Châu, Đà Nẵng",Đà Nẵng,Quận Hải Châu,Giấy tờ hợp lệ,Bắc,
1454,Nhà mặt tiền,4.55,54.0,m²,2.0,2.0,2.0,14.0,"Phường Hòa Cường Bắc, Quận Hải Châu, Đà Nẵng",Đà Nẵng,Quận Hải Châu,Giấy tờ hợp lệ,Tây Nam,4.0
1455,Nhà mặt tiền,11.9,110.0,m²,3.0,,2.0,,"Phường Thọ Quang, Quận Sơn Trà, Đà Nẵng",Đà Nẵng,Quận Sơn Trà,Giấy tờ hợp lệ,Bắc,
1456,Nhà mặt tiền,5.4,40.0,m²,2.0,2.0,2.0,9.0,"Đường Hải Hồ, Phường Thanh Bình, Quận Hải Châu, Đà Nẵng",Đà Nẵng,Quận Hải Châu,Sổ hồng,,4.3
1457,Nhà mặt tiền,11.9,100.0,m²,8.0,4.0,3.0,20.0,"Nại Hiên Đông, Quận Sơn Trà, Đà Nẵng",Đà Nẵng,Quận Sơn Trà,Giấy tờ hợp lệ,Đông Nam,5.0
1458,Nhà hẻm ngõ,5.4,60.0,m²,3.0,3.0,3.0,11.0,"Phường Phước Mỹ, Quận Sơn Trà, Đà Nẵng",Đà Nẵng,Quận Sơn Trà,Giấy tờ hợp lệ,,5.6
1459,Nhà mặt tiền,5.45,100.0,m²,3.0,2.0,2.0,,"Phường Hòa Quý, Quận Ngũ Hành Sơn, Đà Nẵng",Đà Nẵng,Quận Ngũ Hành Sơn,Giấy tờ hợp lệ,Tây Nam,
1460,Nhà hẻm ngõ,2.5,110.0,m²,2.0,1.0,1.0,22.0,"Phường Hòa Minh, Quận Liên Chiểu, Đà Nẵng",Đà Nẵng,Quận Liên Chiểu,Giấy tờ hợp lệ,Tây Nam,5.0
1461,Nhà hẻm ngõ,5.5,76.0,m²,3.0,3.0,2.0,14.0,"Phường Tân Chính, Quận Thanh Khê, Đà Nẵng",Đà Nẵng,Quận Thanh Khê,Giấy tờ hợp lệ,Đông Nam,5.5
1462,Nhà mặt tiền,10.0,90.0,m²,4.0,4.0,,18.0,"Phường Hòa Hải, Quận Ngũ Hành Sơn, Đà Nẵng",Đà Nẵng,Quận Ngũ Hành Sơn,Giấy tờ hợp lệ,,5.0
1463,Nhà mặt tiền,4.0,100.0,m²,3.0,2.0,2.0,,"Phường Hòa Hiệp Nam, Quận Liên Chiểu, Đà Nẵng",Đà Nẵng,Quận Liên Chiểu,Giấy tờ hợp lệ,Đông Bắc,
1464,Nhà hẻm ngõ,7.2,76.1,m²,3.0,3.0,2.0,,"Phường Thanh Bình, Quận Hải Châu, Đà Nẵng",Đà Nẵng,Quận Hải Châu,Giấy tờ hợp lệ,Đông Bắc,
1465,Nhà hẻm ngõ,6.2,279.0,m²,5.0,5.0,2.0,,"135/30, Đường vũ lăng, Phường Hòa Phát, Quận Cẩm Lệ, Đà Nẵng",Đà Nẵng,Quận Cẩm Lệ,Sổ hồng,Đông Bắc,
1466,Nhà hẻm ngõ,5.5,107.0,m²,1.0,1.0,1.0,20.0,"Phường Mân Thái, Quận Sơn Trà, Đà Nẵng",Đà Nẵng,Quận Sơn Trà,Giấy tờ hợp lệ,,5.0
1467,Nhà mặt tiền,8.2,112.0,m²,3.0,3.0,3.0,22.4,"Phường Hòa Xuân, Quận Cẩm Lệ, Đà Nẵng",Đà Nẵng,Quận Cẩm Lệ,Giấy tờ hợp lệ,Tây Nam,5.0
1468,Nhà mặt tiền,5.2,55.2,m²,3.0,2.0,1.0,13.8,"Phường Thọ Quang, Quận Sơn Trà, Đà Nẵng",Đà Nẵng,Quận Sơn Trà,Giấy tờ hợp lệ,Đông Nam,4.0
1469,Nhà mặt tiền,7.5,75.0,m²,3.0,4.0,3.0,14.0,"Phường Hòa Minh, Quận Liên Chiểu, Đà Nẵng",Đà Nẵng,Quận Liên Chiểu,Giấy tờ hợp lệ,Tây Bắc,5.0
1470,Nhà mặt tiền,6.0,103.0,m²,6.0,6.0,2.0,20.6,"Phường Hòa Hải, Quận Ngũ Hành Sơn, Đà Nẵng",Đà Nẵng,Quận Ngũ Hành Sơn,Giấy tờ hợp lệ,Tây Bắc,5.0
1471,Nhà mặt tiền,7.5,100.0,m²,3.0,3.0,3.0,18.0,"Phường Khuê Trung, Quận Cẩm Lệ, Đà Nẵng",Đà Nẵng,Quận Cẩm Lệ,Giấy tờ hợp lệ,Tây Bắc,5.5
1472,Nhà mặt tiền,13.0,73.0,m²,2.0,3.0,3.0,16.2,"Phường An Hải Tây, Quận Sơn Trà, Đà Nẵng",Đà Nẵng,Quận Sơn Trà,Giấy tờ hợp lệ,,4.5
1473,Nhà mặt tiền,6.5,60.0,m²,3.0,2.0,2.0,15.0,"Phường Hòa Cường Nam, Quận Hải Châu, Đà Nẵng",Đà Nẵng,Quận Hải Châu,Giấy tờ hợp lệ,Tây,4.0
1474,Nhà mặt tiền,5.9,125.0,m²,4.0,4.0,3.0,25.0,"Quận Liên Chiểu, Đà Nẵng",Đà Nẵng,Quận Liên Chiểu,Giấy tờ hợp lệ,Tây Nam,5.0
1475,Nhà mặt tiền,7.3,100.0,m²,3.0,3.0,3.0,20.0,"Phường Hòa Quý, Quận Ngũ Hành Sơn, Đà Nẵng",Đà Nẵng,Quận Ngũ Hành Sơn,Giấy tờ hợp lệ,Tây Nam,5.0
1476,Nhà mặt tiền,6.6,80.0,m²,4.0,4.0,4.0,17.0,"Phường Hòa Minh, Quận Liên Chiểu, Đà Nẵng",Đà Nẵng,Quận Liên Chiểu,Giấy tờ hợp lệ,,5.5
1477,Nhà mặt tiền,5.2,54.0,m²,3.0,3.0,2.0,13.0,"Phường Bình Thuận, Quận Hải Châu, Đà Nẵng",Đà Nẵng,Quận Hải Châu,Giấy tờ hợp lệ,,4.5
1478,Nhà mặt tiền,4.1,100.0,m²,2.0,1.0,,20.0,"Phường Hòa Quý, Quận Ngũ Hành Sơn, Đà Nẵng",Đà Nẵng,Quận Ngũ Hành Sơn,Giấy tờ hợp lệ,,5.0
1479,Nhà mặt tiền,15.0,120.0,m²,3.0,3.0,22.0,22.0,"Phường An Hải Bắc, Quận Sơn Trà, Đà Nẵng",Đà Nẵng,Quận Sơn Trà,Giấy tờ hợp lệ,,5.3
1480,Nhà mặt tiền,4.1,100.0,m²,2.0,1.0,,20.0,"Phường Hòa Quý, Quận Ngũ Hành Sơn, Đà Nẵng",Đà Nẵng,Quận Ngũ Hành Sơn,Giấy tờ hợp lệ,,5.0
1481,Nhà mặt tiền,12.5,75.0,m²,3.0,4.0,3.0,15.0,"Phường Phước Mỹ, Quận Sơn Trà, Đà Nẵng",Đà Nẵng,Quận Sơn Trà,Giấy tờ hợp lệ,Đông,5.0
1482,Nhà hẻm ngõ,3.55,60.0,m²,3.0,2.0,2.0,15.0,"Phường Chính Gián, Quận Thanh Khê, Đà Nẵng",Đà Nẵng,Quận Thanh Khê,Giấy tờ hợp lệ,Bắc,4.5
1483,Nhà mặt tiền,10.5,135.0,m²,4.0,4.0,4.0,15.5,"Phường Hòa Xuân, Quận Cẩm Lệ, Đà Nẵng",Đà Nẵng,Quận Cẩm Lệ,Giấy tờ hợp lệ,Đông,8.7
1484,Nhà hẻm ngõ,3.9,50.0,m²,3.0,2.0,,,"Phường Chính Gián, Quận Thanh Khê, Đà Nẵng",Đà Nẵng,Quận Thanh Khê,Giấy tờ hợp lệ,,
1485,Nhà hẻm ngõ,2.99,60.0,m²,3.0,2.0,2.0,15.0,"Phường Thanh Khê Đông, Quận Thanh Khê, Đà Nẵng",Đà Nẵng,Quận Thanh Khê,Giấy tờ hợp lệ,,4.0
1486,Nhà mặt tiền,4.7,52.0,m²,1.0,1.0,1.0,13.0,"Nại Hiên Đông, Quận Sơn Trà, Đà Nẵng",Đà Nẵng,Quận Sơn Trà,Giấy tờ hợp lệ,Đông Nam,4.0
1487,Nhà mặt tiền,8.2,108.0,m²,4.0,4.0,3.0,20.0,"Phường Hòa Thuận Tây, Quận Hải Châu, Đà Nẵng",Đà Nẵng,Quận Hải Châu,Giấy tờ hợp lệ,,5.4
1488,Nhà hẻm ngõ,8.0,90.0,m²,4.0,4.0,3.0,22.0,"Phường An Hải Đông, Quận Sơn Trà, Đà Nẵng",Đà Nẵng,Quận Sơn Trà,Giấy tờ hợp lệ,,4.0
1489,Nhà mặt tiền,18.2,200.0,m²,4.0,5.0,3.0,20.0,"Phường Hòa Xuân, Quận Cẩm Lệ, Đà Nẵng",Đà Nẵng,Quận Cẩm Lệ,Giấy tờ hợp lệ,Tây Nam,10.0
1490,Nhà mặt tiền,6.1,80.0,m²,3.0,2.0,2.0,17.0,"Phường An Khê, Quận Thanh Khê, Đà Nẵng",Đà Nẵng,Quận Thanh Khê,Giấy tờ hợp lệ,,4.6
1491,Nhà mặt tiền,7.5,94.5,m²,3.0,3.0,3.0,21.0,"Đường Trần Nguyên Đán, Phường Hòa Minh, Quận Liên Chiểu, Đà Nẵng",Đà Nẵng,Quận Liên Chiểu,Sổ hồng,,4.5
1492,Nhà mặt tiền,10.0,46.0,m²,3.0,2.0,3.0,10.0,"Phường Bình Thuận, Quận Hải Châu, Đà Nẵng",Đà Nẵng,Quận Hải Châu,Giấy tờ hợp lệ,Tây,4.2
1493,Nhà mặt tiền,23.0,122.0,m²,11.0,7.0,6.0,24.0,"Phường Thuận Phước, Quận Hải Châu, Đà Nẵng",Đà Nẵng,Quận Hải Châu,Giấy tờ hợp lệ,Tây Nam,5.0
1494,Nhà mặt tiền,7.85,100.0,m²,3.0,3.0,3.0,20.0,"Phường Hòa Xuân, Quận Cẩm Lệ, Đà Nẵng",Đà Nẵng,Quận Cẩm Lệ,Giấy tờ hợp lệ,Đông Nam,5.0
1495,Nhà hẻm ngõ,4.9,81.0,m²,3.0,3.0,2.0,12.0,"Phường Hải Châu I, Quận Hải Châu, Đà Nẵng",Đà Nẵng,Quận Hải Châu,Giấy tờ hợp lệ,,8.0
1496,Nhà mặt tiền,7.7,100.0,m²,3.0,3.0,3.0,20.0,"Phường Hòa Xuân, Quận Cẩm Lệ, Đà Nẵng",Đà Nẵng,Quận Cẩm Lệ,Giấy tờ hợp lệ,Đông Nam,5.0
1497,Nhà mặt tiền,7.35,100.0,m²,4.0,4.0,3.0,20.0,"Phường Thanh Khê Tây, Quận Thanh Khê, Đà Nẵng",Đà Nẵng,Quận Thanh Khê,Giấy tờ hợp lệ,Tây Nam,5.0
1498,Nhà hẻm ngõ,3.7,58.0,m²,3.0,2.0,2.0,18.0,"Phường An Khê, Quận Thanh Khê, Đà Nẵng",Đà Nẵng,Quận Thanh Khê,Giấy tờ hợp lệ,Tây Nam,3.5
1499,Nhà mặt tiền,3.65,45.0,m²,2.0,2.0,,10.0,"Phường Hòa Khê, Quận Thanh Khê, Đà Nẵng",Đà Nẵng,Quận Thanh Khê,Giấy tờ hợp lệ,Đông Bắc,4.0
1500,Nhà mặt tiền,18.8,110.0,m²,11.0,7.0,7.0,18.0,"Phường An Hải Bắc, Quận Sơn Trà, Đà Nẵng",Đà Nẵng,Quận Sơn Trà,Giấy tờ hợp lệ,,6.0
1501,Nhà mặt tiền,18.5,127.8,m²,4.0,,,20.0,"Phường Mỹ An, Quận Ngũ Hành Sơn, Đà Nẵng",Đà Nẵng,Quận Ngũ Hành Sơn,Giấy tờ hợp lệ,,6.9
1502,Nhà mặt tiền,6.9,90.0,m²,3.0,3.0,4.0,,"Phường Hòa An, Quận Cẩm Lệ, Đà Nẵng",Đà Nẵng,Quận Cẩm Lệ,Giấy tờ hợp lệ,Tây Nam,
1503,Nhà mặt tiền,5.95,78.0,m²,3.0,2.0,2.0,13.0,"Nại Hiên Đông, Quận Sơn Trà, Đà Nẵng",Đà Nẵng,Quận Sơn Trà,Giấy tờ hợp lệ,Đông Nam,6.0
1504,Nhà mặt tiền,12.8,82.0,m²,3.0,3.0,3.0,9.0,"Phường Chính Gián, Quận Thanh Khê, Đà Nẵng",Đà Nẵng,Quận Thanh Khê,Giấy tờ hợp lệ,,9.5
1505,Nhà mặt tiền,13.45,112.2,m²,5.0,6.0,3.0,14.0,"Phường An Hải Bắc, Quận Sơn Trà, Đà Nẵng",Đà Nẵng,Quận Sơn Trà,Giấy tờ hợp lệ,Đông Bắc,8.0
1506,Nhà hẻm ngõ,3.89,95.0,m²,3.0,2.0,2.0,,"Phường An Khê, Quận Thanh Khê, Đà Nẵng",Đà Nẵng,Quận Thanh Khê,Giấy tờ hợp lệ,Tây Bắc,
1507,Nhà hẻm ngõ,3.1,38.4,m²,2.0,2.0,2.0,11.0,"Phường Xuân Hà, Quận Thanh Khê, Đà Nẵng",Đà Nẵng,Quận Thanh Khê,Giấy tờ hợp lệ,Đông Bắc,3.5
1508,Nhà hẻm ngõ,3.75,50.0,m²,3.0,3.0,2.0,12.0,"Phường Hòa Phát, Quận Cẩm Lệ, Đà Nẵng",Đà Nẵng,Quận Cẩm Lệ,Giấy tờ hợp lệ,Tây,4.1
1509,Nhà mặt tiền,4.8,119.0,m²,3.0,3.0,1.0,23.8,"Phường Hòa Xuân, Quận Cẩm Lệ, Đà Nẵng",Đà Nẵng,Quận Cẩm Lệ,Giấy tờ hợp lệ,Tây Nam,5.0
1510,Nhà hẻm ngõ,4.2,53.0,m²,3.0,3.0,3.0,11.0,"Phường Bình Thuận, Quận Hải Châu, Đà Nẵng",Đà Nẵng,Quận Hải Châu,Giấy tờ hợp lệ,Tây,5.0
1511,Nhà mặt tiền,5.94,100.0,m²,3.0,3.0,3.0,20.0,"Phường Hòa Xuân, Quận Cẩm Lệ, Đà Nẵng",Đà Nẵng,Quận Cẩm Lệ,Giấy tờ hợp lệ,,5.0
1512,Nhà mặt tiền,3.25,51.0,m²,2.0,,,7.5,"Phường An Khê, Quận Thanh Khê, Đà Nẵng",Đà Nẵng,Quận Thanh Khê,Giấy tờ hợp lệ,,7.0
1513,Nhà hẻm ngõ,4.8,45.0,m²,5.0,3.0,3.0,10.0,"Phường Thạch Thang, Quận Hải Châu, Đà Nẵng",Đà Nẵng,Quận Hải Châu,Giấy tờ hợp lệ,,4.5
1514,Nhà mặt tiền,8.5,120.0,m²,4.0,3.0,2.0,24.0,"Phường Hòa Minh, Quận Liên Chiểu, Đà Nẵng",Đà Nẵng,Quận Liên Chiểu,Giấy tờ hợp lệ,Tây Bắc,5.0
1515,Nhà hẻm ngõ,3.2,43.0,m²,3.0,2.0,2.0,8.0,"Phường Hải Châu I, Quận Hải Châu, Đà Nẵng",Đà Nẵng,Quận Hải Châu,Giấy tờ hợp lệ,,5.0
1516,Nhà hẻm ngõ,3.68,95.0,m²,3.0,2.0,1.0,21.0,"Phường Hòa Minh, Quận Liên Chiểu, Đà Nẵng",Đà Nẵng,Quận Liên Chiểu,Giấy tờ hợp lệ,Đông,4.5
1517,Nhà mặt tiền,6.5,81.0,m²,4.0,2.0,1.0,18.0,"Phường Khuê Trung, Quận Cẩm Lệ, Đà Nẵng",Đà Nẵng,Quận Cẩm Lệ,Giấy tờ hợp lệ,Đông Bắc,4.5
1518,Nhà hẻm ngõ,2.65,185.0,m²,1.0,1.0,1.0,37.0,"Xã Hòa Liên, Huyện Hoà Vang, Đà Nẵng",Đà Nẵng,Huyện Hoà Vang,Giấy tờ hợp lệ,Bắc,5.0
1519,Nhà mặt tiền,7.5,100.0,m²,3.0,3.0,3.0,,"Phường Hòa Xuân, Quận Cẩm Lệ, Đà Nẵng",Đà Nẵng,Quận Cẩm Lệ,Giấy tờ hợp lệ,Đông Bắc,
1520,Nhà hẻm ngõ,5.8,66.0,m²,3.0,4.0,3.0,12.0,"Phường Hải Châu I, Quận Hải Châu, Đà Nẵng",Đà Nẵng,Quận Hải Châu,Giấy tờ hợp lệ,,6.0
1521,Nhà hẻm ngõ,3.88,53.0,m²,3.0,2.0,2.0,15.0,"Phường Thuận Phước, Quận Hải Châu, Đà Nẵng",Đà Nẵng,Quận Hải Châu,Giấy tờ hợp lệ,Đông Nam,3.7
1522,Nhà hẻm ngõ,3.39,100.0,m²,5.0,1.0,1.0,19.0,"Phường Hòa Khánh Bắc, Quận Liên Chiểu, Đà Nẵng",Đà Nẵng,Quận Liên Chiểu,Giấy tờ hợp lệ,Tây Nam,5.5
1523,Nhà hẻm ngõ,4.79,61.0,m²,3.0,2.0,3.0,14.0,"Phường Chính Gián, Quận Thanh Khê, Đà Nẵng",Đà Nẵng,Quận Thanh Khê,Giấy tờ hợp lệ,Tây Bắc,4.5
1524,Nhà mặt tiền,26.0,180.0,m²,4.0,4.0,2.0,18.0,"Phường Thọ Quang, Quận Sơn Trà, Đà Nẵng",Đà Nẵng,Quận Sơn Trà,Giấy tờ hợp lệ,Đông Nam,10.0
1525,Nhà mặt tiền,7.6,87.5,m²,3.0,3.0,3.0,17.5,"Phường Hòa Minh, Quận Liên Chiểu, Đà Nẵng",Đà Nẵng,Quận Liên Chiểu,Giấy tờ hợp lệ,Đông Nam,5.0
1526,Nhà hẻm ngõ,3.65,41.0,m²,3.0,3.0,2.0,11.0,"Phường Thạch Thang, Quận Hải Châu, Đà Nẵng",Đà Nẵng,Quận Hải Châu,Giấy tờ hợp lệ,Đông Nam,4.2
1527,Nhà hẻm ngõ,3.59,100.0,m²,3.0,2.0,2.0,25.0,"Phường Hòa Phát, Quận Cẩm Lệ, Đà Nẵng",Đà Nẵng,Quận Cẩm Lệ,Giấy tờ hợp lệ,Đông,4.0
1528,Nhà hẻm ngõ,4.2,53.0,m²,3.0,3.0,3.0,11.0,"Phường Bình Thuận, Quận Hải Châu, Đà Nẵng",Đà Nẵng,Quận Hải Châu,Giấy tờ hợp lệ,Tây Nam,5.0
1529,Nhà hẻm ngõ,3.85,70.0,m²,2.0,,1.0,12.0,"Phường An Hải Bắc, Quận Sơn Trà, Đà Nẵng",Đà Nẵng,Quận Sơn Trà,Giấy tờ hợp lệ,Nam,5.0
1530,Nhà hẻm ngõ,2.58,80.0,m²,1.0,1.0,1.0,17.0,"Phường Hòa Khánh Bắc, Quận Liên Chiểu, Đà Nẵng",Đà Nẵng,Quận Liên Chiểu,Giấy tờ hợp lệ,Tây Bắc,5.0
1531,Nhà hẻm ngõ,3.95,95.0,m²,3.0,3.0,,18.6,"Phường An Khê, Quận Thanh Khê, Đà Nẵng",Đà Nẵng,Quận Thanh Khê,Giấy tờ hợp lệ,,5.1
1532,Nhà hẻm ngõ,3.68,81.0,m²,3.0,2.0,2.0,,"Phường Hòa Minh, Quận Liên Chiểu, Đà Nẵng",Đà Nẵng,Quận Liên Chiểu,Giấy tờ hợp lệ,,
1533,Nhà hẻm ngõ,5.1,72.0,m²,3.0,3.0,3.0,15.8,"Phường Hòa Khê, Quận Thanh Khê, Đà Nẵng",Đà Nẵng,Quận Thanh Khê,Giấy tờ hợp lệ,Tây Nam,4.5
1534,Nhà hẻm ngõ,4.1,90.0,m²,3.0,2.0,2.0,18.0,"Phường Hòa Phát, Quận Cẩm Lệ, Đà Nẵng",Đà Nẵng,Quận Cẩm Lệ,Giấy tờ hợp lệ,Đông,5.0
1535,Nhà mặt tiền,14.0,101.0,m²,3.0,2.0,3.0,,"Phường Hòa Cường Nam, Quận Hải Châu, Đà Nẵng",Đà Nẵng,Quận Hải Châu,Giấy tờ hợp lệ,Tây,
1536,Nhà mặt tiền,8.9,100.0,m²,3.0,3.0,3.0,20.0,"Phường Hòa Xuân, Quận Cẩm Lệ, Đà Nẵng",Đà Nẵng,Quận Cẩm Lệ,Giấy tờ hợp lệ,Tây Nam,5.0
1537,Nhà hẻm ngõ,3.88,53.0,m²,3.0,2.0,2.0,,"Phường Thuận Phước, Quận Hải Châu, Đà Nẵng",Đà Nẵng,Quận Hải Châu,Giấy tờ hợp lệ,,
1538,Nhà mặt tiền,5.49,95.0,m²,3.0,2.0,2.0,,"Phường Thanh Khê Tây, Quận Thanh Khê, Đà Nẵng",Đà Nẵng,Quận Thanh Khê,Giấy tờ hợp lệ,Đông Nam,
1539,Nhà mặt tiền,4.45,84.0,m²,1.0,1.0,,,"Phường Hòa An, Quận Cẩm Lệ, Đà Nẵng",Đà Nẵng,Quận Cẩm Lệ,Giấy tờ hợp lệ,,
1540,Nhà hẻm ngõ,7.75,41.1,m²,4.0,3.0,3.0,10.7,"Phường Mỹ An, Quận Ngũ Hành Sơn, Đà Nẵng",Đà Nẵng,Quận Ngũ Hành Sơn,Giấy tờ hợp lệ,Đông Bắc,4.1
1541,Nhà hẻm ngõ,2.35,36.0,m²,3.0,2.0,2.0,10.0,"Phường Vĩnh Trung, Quận Thanh Khê, Đà Nẵng",Đà Nẵng,Quận Thanh Khê,Giấy tờ hợp lệ,,3.6
1542,Nhà hẻm ngõ,4.95,64.7,m²,3.0,3.0,3.0,8.0,"Phường Hòa Minh, Quận Liên Chiểu, Đà Nẵng",Đà Nẵng,Quận Liên Chiểu,Giấy tờ hợp lệ,Tây,8.0
1543,Nhà mặt tiền,7.8,150.0,m²,4.0,5.0,3.0,20.0,"Phường Hòa Khánh Bắc, Quận Liên Chiểu, Đà Nẵng",Đà Nẵng,Quận Liên Chiểu,Giấy tờ hợp lệ,,7.5
1544,Nhà mặt tiền,3.75,54.0,m²,3.0,2.0,1.0,9.0,"Phường Thọ Quang, Quận Sơn Trà, Đà Nẵng",Đà Nẵng,Quận Sơn Trà,Giấy tờ hợp lệ,Tây Bắc,6.0
1545,Nhà mặt tiền,9.5,76.0,m²,3.0,4.0,3.0,15.2,"Phường Thanh Khê Đông, Quận Thanh Khê, Đà Nẵng",Đà Nẵng,Quận Thanh Khê,Giấy tờ hợp lệ,Nam,5.0
1546,Nhà hẻm ngõ,4.4,42.0,m²,3.0,3.0,3.0,7.0,"Phường Hòa Cường Bắc, Quận Hải Châu, Đà Nẵng",Đà Nẵng,Quận Hải Châu,Giấy tờ hợp lệ,,6.0
1547,Nhà mặt tiền,7.9,130.0,m²,3.0,3.0,3.0,25.0,"Phường Hòa An, Quận Cẩm Lệ, Đà Nẵng",Đà Nẵng,Quận Cẩm Lệ,Giấy tờ hợp lệ,,5.0
1548,Nhà hẻm ngõ,2.69,96.0,m²,2.0,2.0,,,"Phường Hòa Thọ Tây, Quận Cẩm Lệ, Đà Nẵng",Đà Nẵng,Quận Cẩm Lệ,Giấy tờ hợp lệ,Đông Nam,
1549,Nhà hẻm ngõ,4.7,82.0,m²,4.0,4.0,2.0,,"Phường Mỹ An, Quận Ngũ Hành Sơn, Đà Nẵng",Đà Nẵng,Quận Ngũ Hành Sơn,Giấy tờ hợp lệ,,
1550,Nhà hẻm ngõ,2.75,75.0,m²,1.0,1.0,1.0,15.0,"Phường Hòa Khánh Nam, Quận Liên Chiểu, Đà Nẵng",Đà Nẵng,Quận Liên Chiểu,Giấy tờ hợp lệ,Đông Nam,5.0
1551,Nhà hẻm ngõ,7.9,113.0,m²,5.0,4.0,3.0,22.0,"Phường Hòa Cường Bắc, Quận Hải Châu, Đà Nẵng",Đà Nẵng,Quận Hải Châu,Giấy tờ hợp lệ,Nam,5.0
1552,Nhà hẻm ngõ,3.75,81.0,m²,3.0,3.0,1.0,12.0,"Phường An Hải Đông, Quận Sơn Trà, Đà Nẵng",Đà Nẵng,Quận Sơn Trà,Giấy tờ hợp lệ,,6.3
1553,Nhà mặt tiền,11.5,110.0,m²,2.0,2.0,,19.0,"Phường An Hải Bắc, Quận Sơn Trà, Đà Nẵng",Đà Nẵng,Quận Sơn Trà,Giấy tờ hợp lệ,Tây,6.0
1554,Nhà hẻm ngõ,3.62,52.0,m²,3.0,2.0,2.0,15.0,"Phường Thanh Khê Đông, Quận Thanh Khê, Đà Nẵng",Đà Nẵng,Quận Thanh Khê,Giấy tờ hợp lệ,Đông Bắc,3.6
1555,Nhà mặt tiền,6.35,100.0,m²,3.0,3.0,3.0,20.0,"Phường Hòa Xuân, Quận Cẩm Lệ, Đà Nẵng",Đà Nẵng,Quận Cẩm Lệ,Giấy tờ hợp lệ,Tây Bắc,5.0
1556,Nhà mặt tiền,9.6,84.0,m²,3.0,3.0,3.0,14.0,"Phường Hòa Cường Nam, Quận Hải Châu, Đà Nẵng",Đà Nẵng,Quận Hải Châu,Giấy tờ hợp lệ,Nam,6.0
1557,Nhà mặt tiền,6.1,68.0,m²,3.0,2.0,2.0,14.0,"Phường Thọ Quang, Quận Sơn Trà, Đà Nẵng",Đà Nẵng,Quận Sơn Trà,Giấy tờ hợp lệ,Tây Bắc,5.0
1558,Nhà mặt tiền,5.9,70.0,m²,3.0,2.0,3.0,14.0,"Phường Hòa Minh, Quận Liên Chiểu, Đà Nẵng",Đà Nẵng,Quận Liên Chiểu,Giấy tờ hợp lệ,Tây Nam,5.0
1559,Nhà hẻm ngõ,2.69,100.0,m²,4.0,3.0,1.0,25.0,"Phường Hòa Thọ Tây, Quận Cẩm Lệ, Đà Nẵng",Đà Nẵng,Quận Cẩm Lệ,Giấy tờ hợp lệ,Đông Nam,4.0
1560,Nhà mặt tiền,8.4,94.0,m²,3.0,3.0,3.0,,"Phường Hòa Cường Bắc, Quận Hải Châu, Đà Nẵng",Đà Nẵng,Quận Hải Châu,Giấy tờ hợp lệ,Tây Nam,
1561,Nhà mặt tiền,9.95,85.0,m²,4.0,4.0,2.0,18.0,"Phường Khuê Trung, Quận Cẩm Lệ, Đà Nẵng",Đà Nẵng,Quận Cẩm Lệ,Giấy tờ hợp lệ,Bắc,5.0
1562,Nhà mặt tiền,25.0,90.0,m²,4.0,5.0,3.0,20.0,"Phường Mỹ An, Quận Ngũ Hành Sơn, Đà Nẵng",Đà Nẵng,Quận Ngũ Hành Sơn,Giấy tờ hợp lệ,Đông Nam,4.5
1563,Nhà mặt tiền,5.0,61.0,m²,5.0,3.0,3.0,12.0,"Phường Mân Thái, Quận Sơn Trà, Đà Nẵng",Đà Nẵng,Quận Sơn Trà,Giấy tờ hợp lệ,Đông Bắc,5.0
1564,Nhà mặt tiền,4.0,100.0,m²,3.0,2.0,,20.0,"Phường Hòa Quý, Quận Ngũ Hành Sơn, Đà Nẵng",Đà Nẵng,Quận Ngũ Hành Sơn,Giấy tờ hợp lệ,,5.0
1565,Nhà mặt tiền,6.0,72.0,m²,3.0,2.0,2.0,18.0,"Nại Hiên Đông, Quận Sơn Trà, Đà Nẵng",Đà Nẵng,Quận Sơn Trà,Giấy tờ hợp lệ,,4.0
1566,Nhà hẻm ngõ,3.2,115.0,m²,2.0,2.0,,16.8,"Phường Thanh Khê Tây, Quận Thanh Khê, Đà Nẵng",Đà Nẵng,Quận Thanh Khê,Giấy tờ hợp lệ,Đông Nam,6.8
1567,Nhà mặt tiền,7.89,116.0,m²,4.0,,3.0,17.0,"Phường An Khê, Quận Thanh Khê, Đà Nẵng",Đà Nẵng,Quận Thanh Khê,Giấy tờ hợp lệ,Đông Bắc,6.8
1568,Nhà hẻm ngõ,3.55,57.0,m²,4.0,2.0,2.0,14.0,"Phường Thạc Gián, Quận Thanh Khê, Đà Nẵng",Đà Nẵng,Quận Thanh Khê,Giấy tờ hợp lệ,Đông,4.0
1569,Nhà mặt tiền,5.45,90.0,m²,3.0,3.0,3.0,20.0,"Phường Hòa Khánh Nam, Quận Liên Chiểu, Đà Nẵng",Đà Nẵng,Quận Liên Chiểu,Giấy tờ hợp lệ,Đông Nam,4.5
1570,Nhà hẻm ngõ,4.5,37.0,m²,3.0,3.0,3.0,9.1,"Phường Thuận Phước, Quận Hải Châu, Đà Nẵng",Đà Nẵng,Quận Hải Châu,Giấy tờ hợp lệ,Tây Bắc,4.0
1571,Nhà hẻm ngõ,5.5,101.5,m²,3.0,3.0,2.0,25.4,"Phường Khuê Mỹ, Quận Ngũ Hành Sơn, Đà Nẵng",Đà Nẵng,Quận Ngũ Hành Sơn,Giấy tờ hợp lệ,Đông Nam,4.0
1572,Nhà hẻm ngõ,3.69,60.0,m²,3.0,2.0,2.0,10.0,"Phường Chính Gián, Quận Thanh Khê, Đà Nẵng",Đà Nẵng,Quận Thanh Khê,Giấy tờ hợp lệ,Nam,6.0
1573,Nhà mặt tiền,5.55,90.0,m²,3.0,3.0,3.0,18.0,"Phường Hòa An, Quận Cẩm Lệ, Đà Nẵng",Đà Nẵng,Quận Cẩm Lệ,Giấy tờ hợp lệ,Đông,5.0
1574,Nhà hẻm ngõ,3.8,57.0,m²,4.0,4.0,2.0,,"Phường Thạc Gián, Quận Thanh Khê, Đà Nẵng",Đà Nẵng,Quận Thanh Khê,Giấy tờ hợp lệ,,
1575,Nhà mặt tiền,4.75,100.0,m²,1.0,1.0,1.0,20.0,"Quận Cẩm Lệ, Đà Nẵng",Đà Nẵng,Quận Cẩm Lệ,Giấy tờ hợp lệ,Tây Bắc,5.0
1576,Nhà hẻm ngõ,5.2,61.0,m²,2.0,2.0,2.0,15.0,"Phường An Hải Đông, Quận Sơn Trà, Đà Nẵng",Đà Nẵng,Quận Sơn Trà,Giấy tờ hợp lệ,,4.1
1577,Nhà mặt tiền,16.8,104.3,m²,3.0,3.0,,17.0,"Phường Hòa Minh, Quận Liên Chiểu, Đà Nẵng",Đà Nẵng,Quận Liên Chiểu,Giấy tờ hợp lệ,Tây Nam,6.0
1578,Nhà hẻm ngõ,3.85,80.0,m²,3.0,2.0,3.0,16.0,"Phường Hòa Thọ Tây, Quận Cẩm Lệ, Đà Nẵng",Đà Nẵng,Quận Cẩm Lệ,Giấy tờ hợp lệ,Tây Nam,4.9
1579,Nhà mặt tiền,5.85,76.3,m²,5.0,3.0,3.0,19.0,"Phường Thanh Khê Tây, Quận Thanh Khê, Đà Nẵng",Đà Nẵng,Quận Thanh Khê,Giấy tờ hợp lệ,Tây Nam,4.0
1580,Nhà mặt tiền,3.89,36.0,m²,2.0,1.0,2.0,,"Phường Hải Châu I, Quận Hải Châu, Đà Nẵng",Đà Nẵng,Quận Hải Châu,Giấy tờ hợp lệ,Đông,
1581,Nhà hẻm ngõ,2.3,25.2,m²,2.0,2.0,2.0,9.7,"Phường Tam Thuận, Quận Thanh Khê, Đà Nẵng",Đà Nẵng,Quận Thanh Khê,Giấy tờ hợp lệ,Đông,2.6
1582,Nhà mặt tiền,8.4,93.0,m²,3.0,2.0,2.0,18.6,"Phường Hòa Xuân, Quận Cẩm Lệ, Đà Nẵng",Đà Nẵng,Quận Cẩm Lệ,Giấy tờ hợp lệ,Đông Bắc,5.0
1583,Nhà hẻm ngõ,8.9,60.0,m²,2.0,1.0,,11.9,"Phường Mỹ An, Quận Ngũ Hành Sơn, Đà Nẵng",Đà Nẵng,Quận Ngũ Hành Sơn,Giấy tờ hợp lệ,Bắc,5.1
1584,Nhà mặt tiền,12.9,200.0,m²,5.0,5.0,,20.0,"Phường Hòa Xuân, Quận Cẩm Lệ, Đà Nẵng",Đà Nẵng,Quận Cẩm Lệ,Giấy tờ hợp lệ,,10.0
1585,Nhà hẻm ngõ,2.75,35.0,m²,2.0,2.0,2.0,,"Phường Hòa Thuận Đông, Quận Hải Châu, Đà Nẵng",Đà Nẵng,Quận Hải Châu,Giấy tờ hợp lệ,,
1586,Nhà hẻm ngõ,3.15,31.0,m²,3.0,2.0,2.0,7.0,"Phường Thuận Phước, Quận Hải Châu, Đà Nẵng",Đà Nẵng,Quận Hải Châu,Giấy tờ hợp lệ,Tây Bắc,5.0
1587,Nhà hẻm ngõ,3.1,51.0,m²,4.0,3.0,3.0,,"Phường Hòa An, Quận Cẩm Lệ, Đà Nẵng",Đà Nẵng,Quận Cẩm Lệ,Giấy tờ hợp lệ,,
1588,Nhà hẻm ngõ,7.9,44.0,m²,4.0,1.0,3.0,10.0,"Phường Phước Mỹ, Quận Sơn Trà, Đà Nẵng",Đà Nẵng,Quận Sơn Trà,Giấy tờ hợp lệ,,4.4
1589,Nhà mặt tiền,6.8,74.0,m²,3.0,4.0,3.0,13.0,"Phường Thuận Phước, Quận Hải Châu, Đà Nẵng",Đà Nẵng,Quận Hải Châu,Giấy tờ hợp lệ,Đông Bắc,5.3
1590,Nhà mặt tiền,12.7,100.0,m²,4.0,5.0,3.0,20.0,"Phường Hòa Cường Bắc, Quận Hải Châu, Đà Nẵng",Đà Nẵng,Quận Hải Châu,Giấy tờ hợp lệ,Đông,5.0
1591,Nhà hẻm ngõ,2.69,150.0,m²,4.0,2.0,2.0,30.0,"Xã Hòa Phước, Huyện Hoà Vang, Đà Nẵng",Đà Nẵng,Huyện Hoà Vang,Giấy tờ hợp lệ,Đông,5.0
1592,Nhà mặt tiền,8.2,72.0,m²,3.0,3.0,3.0,18.0,"Phường Thanh Bình, Quận Hải Châu, Đà Nẵng",Đà Nẵng,Quận Hải Châu,Giấy tờ hợp lệ,Đông Nam,4.0
1593,Nhà mặt tiền,6.49,100.0,m²,3.0,3.0,3.0,20.0,"Đường KIỀU SƠN ĐEN, Phường Hòa Xuân, Quận Cẩm Lệ, Đà Nẵng",Đà Nẵng,Quận Cẩm Lệ,Sổ hồng,Tây Nam,5.0
1594,Nhà hẻm ngõ,3.75,72.0,m²,3.0,3.0,2.0,16.0,"Đường phạm ngũ lão, Phường Hải Châu, Quận Hải Châu, Đà Nẵng",Đà Nẵng,Quận Hải Châu,Sổ đỏ,,3.9
1595,Nhà hẻm ngõ,3.75,81.0,m²,3.0,1.0,1.0,12.0,"Đường Nguyễn Công Trứ, Phường An Hải Bắc, Quận Sơn Trà, Đà Nẵng",Đà Nẵng,Quận Sơn Trà,Sổ đỏ,Đông Nam,6.0
1596,Nhà hẻm ngõ,3.39,60.0,m²,3.0,3.0,3.0,10.5,"Đường Hoàng Văn Thái, Phường Hòa Khánh Nam, Quận Liên Chiểu, Đà Nẵng",Đà Nẵng,Quận Liên Chiểu,Sổ hồng,Đông Bắc,5.7
1597,Nhà hẻm ngõ,3.85,50.0,m²,3.0,3.0,,,"Đường Hải Phòng, Phường Chính Gián, Quận Thanh Khê, Đà Nẵng",Đà Nẵng,Quận Thanh Khê,Sổ hồng,Tây,
1598,Nhà hẻm ngõ,4.68,65.0,m²,3.0,2.0,1.0,13.0,"Đường Nguyễn Tri Phương, Phường Chính Gián, Quận Thanh Khê, Đà Nẵng",Đà Nẵng,Quận Thanh Khê,Sổ hồng,Đông Nam,5.0
1599,Nhà mặt tiền,9.4,100.0,m²,3.0,2.0,2.0,20.0,"Đường Khúc Hạo, Nại Hiên Đông, Quận Sơn Trà, Đà Nẵng",Đà Nẵng,Quận Sơn Trà,Sổ hồng,,5.0
1600,Nhà mặt tiền,9.4,100.0,m²,3.0,2.0,2.0,20.0,"Đường Khúc Hạo, Nại Hiên Đông, Quận Sơn Trà, Đà Nẵng",Đà Nẵng,Quận Sơn Trà,Sổ hồng,,5.0
1601,Nhà mặt tiền,33.0,200.0,m²,22.0,,5.0,,"Đường Trưng Nữ Vương, Phường Phước Ninh, Quận Hải Châu, Đà Nẵng",Đà Nẵng,Quận Hải Châu,Sổ đỏ,Nam,
1602,Nhà mặt tiền,14.99,102.0,m²,12.0,10.0,4.0,20.2,"Đường Nguyễn Hữu Dật, Phường Hòa Cường Nam, Quận Hải Châu, Đà Nẵng",Đà Nẵng,Quận Hải Châu,Sổ hồng,Đông Nam,5.0
1603,Nhà mặt tiền,33.0,200.0,m²,22.0,,,,"Đường Trưng Nữ Vương, Phường Hải Châu, Quận Hải Châu, Đà Nẵng",Đà Nẵng,Quận Hải Châu,Sổ đỏ,Nam,
1604,Nhà mặt tiền,5.6,81.0,m²,3.0,3.0,3.0,18.0,"Phường Hòa Minh, Quận Liên Chiểu, Đà Nẵng",Đà Nẵng,Quận Liên Chiểu,Giấy tờ hợp lệ,Tây Bắc,4.5
1605,Nhà mặt tiền,5.0,90.0,m²,3.0,4.0,2.0,20.0,"Phường Hòa An, Quận Cẩm Lệ, Đà Nẵng",Đà Nẵng,Quận Cẩm Lệ,Giấy tờ hợp lệ,,4.5
1606,Nhà mặt tiền,4.95,105.0,m²,3.0,3.0,,,"Phường Hòa Xuân, Quận Cẩm Lệ, Đà Nẵng",Đà Nẵng,Quận Cẩm Lệ,Giấy tờ hợp lệ,Bắc,
1607,Nhà mặt tiền,6.35,90.0,m²,3.0,3.0,2.0,16.5,"Phường Khuê Trung, Quận Cẩm Lệ, Đà Nẵng",Đà Nẵng,Quận Cẩm Lệ,Giấy tờ hợp lệ,Đông,6.0
1608,Nhà hẻm ngõ,2.11,19.0,m²,1.0,1.0,2.0,6.0,"Phường Chính Gián, Quận Thanh Khê, Đà Nẵng",Đà Nẵng,Quận Thanh Khê,Giấy tờ hợp lệ,,3.5
1609,Nhà hẻm ngõ,3.45,109.0,m²,2.0,1.0,,17.0,"Phường Hòa Minh, Quận Liên Chiểu, Đà Nẵng",Đà Nẵng,Quận Liên Chiểu,Giấy tờ hợp lệ,Nam,5.7
1610,Nhà hẻm ngõ,2.69,150.0,m²,4.0,2.0,2.0,30.0,"Xã Hòa Phước, Huyện Hoà Vang, Đà Nẵng",Đà Nẵng,Huyện Hoà Vang,Giấy tờ hợp lệ,Bắc,5.0
1611,Biệt thự,2.5,196.0,m²,2.0,1.0,,25.0,"Phường Hòa Xuân, Quận Cẩm Lệ, Đà Nẵng",Đà Nẵng,Quận Cẩm Lệ,Giấy tờ hợp lệ,Đông,6.1
1612,Nhà hẻm ngõ,3.85,46.0,m²,3.0,,,,"Phường Chính Gián, Quận Thanh Khê, Đà Nẵng",Đà Nẵng,Quận Thanh Khê,Giấy tờ hợp lệ,,
1613,Nhà hẻm ngõ,5.15,80.0,m²,4.0,3.0,3.0,10.0,"Phường Hòa An, Quận Cẩm Lệ, Đà Nẵng",Đà Nẵng,Quận Cẩm Lệ,Giấy tờ hợp lệ,Đông Nam,8.0
1614,Nhà mặt tiền,8.4,100.0,m²,3.0,4.0,3.0,,"Phường Hòa Xuân, Quận Cẩm Lệ, Đà Nẵng",Đà Nẵng,Quận Cẩm Lệ,Giấy tờ hợp lệ,Đông Nam,
1615,Nhà mặt tiền,8.9,100.0,m²,4.0,4.0,3.0,,"Phường Hòa Xuân, Quận Cẩm Lệ, Đà Nẵng",Đà Nẵng,Quận Cẩm Lệ,Giấy tờ hợp lệ,Tây Nam,
1616,Nhà mặt tiền,4.45,42.0,m²,3.0,2.0,3.0,6.0,"Phường Hòa Cường Nam, Quận Hải Châu, Đà Nẵng",Đà Nẵng,Quận Hải Châu,Giấy tờ hợp lệ,Tây Nam,7.0
1617,Nhà mặt tiền,8.8,100.0,m²,2.0,2.0,2.0,20.0,"Đường Hoàng Văn Hòe, Phường Khuê Mỹ, Quận Ngũ Hành Sơn, Đà Nẵng",Đà Nẵng,Quận Ngũ Hành Sơn,Sổ hồng,,5.0
1618,Nhà mặt tiền,21.5,88.0,m²,9.0,,6.0,,"Đường Chế Lan Viên, Phường Mỹ An, Quận Ngũ Hành Sơn, Đà Nẵng",Đà Nẵng,Quận Ngũ Hành Sơn,Sổ đỏ,Đông,
1619,Nhà hẻm ngõ,7.9,114.0,m²,4.0,4.0,,23.0,"Đường Duy Tân, Phường Hòa Thuận Tây, Quận Hải Châu, Đà Nẵng",Đà Nẵng,Quận Hải Châu,Sổ hồng,,5.0
1620,Nhà mặt tiền,3.5,40.0,m²,4.0,3.0,3.0,14.0,"Phường Cát Dài, Quận Lê Chân, Hải Phòng",Hải Phòng,Quận Lê Chân,Giấy tờ hợp lệ,,3.0
1621,Nhà hẻm ngõ,2.15,70.0,m²,3.0,2.0,2.0,10.8,"Xã Đồng Thái, Huyện An Dương, Hải Phòng",Hải Phòng,Huyện An Dương,Giấy tờ hợp lệ,Tây Bắc,6.5
1622,Nhà hẻm ngõ,1.9,60.0,m²,2.0,2.0,2.0,12.5,"Phường Đồng Hòa, Quận Kiến An, Hải Phòng",Hải Phòng,Quận Kiến An,Giấy tờ hợp lệ,Đông Nam,4.0
1623,Nhà hẻm ngõ,2.0,50.0,m²,3.0,2.0,3.0,,"Phường Nghĩa Xá, Quận Lê Chân, Hải Phòng",Hải Phòng,Quận Lê Chân,Đang chờ sổ,,
1624,Nhà mặt tiền,2.65,45.0,m²,3.0,3.0,3.0,9.0,"Xã Nam Sơn, Huyện An Dương, Hải Phòng",Hải Phòng,Huyện An Dương,Giấy tờ hợp lệ,Nam,5.0
1625,Nhà hẻm ngõ,2.45,45.0,m²,4.0,2.0,4.0,,"Đường Miếu Hai Xã, Phường Dư Hàng Kênh, Quận Lê Chân, Hải Phòng",Hải Phòng,Quận Lê Chân,Sổ hồng,,
1626,Nhà hẻm ngõ,2.65,40.0,m²,3.0,3.0,3.0,10.0,"Phường Kênh Dương, Quận Lê Chân, Hải Phòng",Hải Phòng,Quận Lê Chân,Giấy tờ hợp lệ,Đông Nam,4.0
1627,Nhà hẻm ngõ,3.65,60.0,m²,3.0,3.0,3.0,,"Đường quỳnh hoàng, Xã Nam Sơn, Huyện An Dương, Hải Phòng",Hải Phòng,Huyện An Dương,Sổ đỏ,Đông,
1628,Nhà mặt tiền,5.8,67.5,m²,4.0,5.0,4.0,15.0,"Đường Bùi Viện, Phường Đồng Hòa, Quận Kiến An, Hải Phòng",Hải Phòng,Quận Kiến An,Sổ đỏ,Đông Nam,4.5
1629,Biệt thự,8.9,77.0,m²,6.0,6.0,5.0,14.0,"Huyện Thủy Nguyên, Hải Phòng",Hải Phòng,Huyện Thủy Nguyên,Sổ đỏ,Nam,5.5
1630,Biệt thự,9.5,68.0,m²,4.0,4.0,,13.0,"Quận Lê Chân, Hải Phòng",Hải Phòng,Quận Lê Chân,Sổ đỏ,Tây Nam,6.0
1631,Nhà hẻm ngõ,3.05,51.0,m²,3.0,3.0,3.0,,"Đường quỳnh hoàng, Xã Nam Sơn, Huyện An Dương, Hải Phòng",Hải Phòng,Huyện An Dương,Sổ đỏ,Tây,
1632,Biệt thự,3.0,60.0,m²,4.0,4.0,4.0,12.0,"Đường Nguyễn Hồng Quân, Phường Quán Toan, Quận Hồng Bàng, Hải Phòng",Hải Phòng,Quận Hồng Bàng,Hợp đồng mua bán,Đông Nam,5.0
1633,Nhà mặt tiền,7.79,100.0,m²,1.0,1.0,1.0,20.0,"Xã An Đồng, Huyện An Dương, Hải Phòng",Hải Phòng,Huyện An Dương,Giấy tờ hợp lệ,Tây Nam,5.0
1634,Nhà hẻm ngõ,3.58,44.0,m²,3.0,2.0,3.0,11.0,"Phường Đằng Lâm, Quận Hải An, Hải Phòng",Hải Phòng,Quận Hải An,Giấy tờ hợp lệ,Đông Nam,4.0
1635,Nhà hẻm ngõ,2.0,167.0,m²,2.0,1.0,,20.9,"Xã Minh Tân, Huyện Kiến Thuỵ, Hải Phòng",Hải Phòng,Huyện Kiến Thuỵ,Giấy tờ hợp lệ,Bắc,8.0
1636,Nhà mặt tiền,1.1,58.6,m²,2.0,2.0,7.0,,"Phường Tràng Cát, Quận Hải An, Hải Phòng",Hải Phòng,Quận Hải An,Đang chờ sổ,Đông Bắc,
1637,Nhà mặt tiền,3.25,55.0,m²,3.0,3.0,,,"Xã Nam Sơn, Huyện An Dương, Hải Phòng",Hải Phòng,Huyện An Dương,Sổ đỏ,,
1638,Nhà hẻm ngõ,2.45,45.0,m²,3.0,2.0,4.0,,"Phường Dư Hàng Kênh, Quận Lê Chân, Hải Phòng",Hải Phòng,Quận Lê Chân,Giấy tờ hợp lệ,,
1639,Mặt tiền,4.3,49.6,m²,1.0,1.0,1.0,12.0,"Phường Thượng Lý, Quận Hồng Bàng, Hải Phòng",Hải Phòng,Quận Hồng Bàng,Giấy tờ hợp lệ,Tây Bắc,4.5
1640,Nhà mặt tiền,4.8,40.0,m²,3.0,3.0,3.0,10.0,"Phường Sở Dầu, Quận Hồng Bàng, Hải Phòng",Hải Phòng,Quận Hồng Bàng,Giấy tờ hợp lệ,Tây Bắc,4.0
1641,Nhà hẻm ngõ,4.0,52.0,m²,4.0,3.0,4.0,13.0,"Phường Dư Hàng Kênh, Quận Lê Chân, Hải Phòng",Hải Phòng,Quận Lê Chân,Giấy tờ hợp lệ,Tây Bắc,4.4
1642,Nhà mặt tiền,5.2,57.0,m²,4.0,4.0,4.0,14.0,"Phường Thượng Lý, Quận Hồng Bàng, Hải Phòng",Hải Phòng,Quận Hồng Bàng,Giấy tờ hợp lệ,Đông Nam,4.3
1643,Nhà mặt tiền,20.5,144.0,m²,4.0,4.0,4.0,12.0,"Phường Thượng Lý, Quận Hồng Bàng, Hải Phòng",Hải Phòng,Quận Hồng Bàng,Giấy tờ hợp lệ,Tây Bắc,12.0
1644,Nhà mặt tiền,3.5,32.8,m²,4.0,4.0,4.0,10.0,"Phường Trại Chuối, Quận Hồng Bàng, Hải Phòng",Hải Phòng,Quận Hồng Bàng,Giấy tờ hợp lệ,Tây Bắc,3.3
1645,Nhà mặt tiền,9.1,60.0,m²,3.0,3.0,3.0,14.0,"Phường Thượng Lý, Quận Hồng Bàng, Hải Phòng",Hải Phòng,Quận Hồng Bàng,Giấy tờ hợp lệ,Đông Nam,4.8
1646,Mặt tiền,6.8,124.0,m²,3.0,2.0,2.0,17.0,"Thị Trấn An Dương, Huyện An Dương, Hải Phòng",Hải Phòng,Huyện An Dương,Giấy tờ hợp lệ,Bắc,7.2
1647,Biệt thự,14.62,180.0,m²,4.0,4.0,,,"Huyện Thủy Nguyên, Hải Phòng",Hải Phòng,Huyện Thủy Nguyên,Sổ hồng,Tây Nam,
1648,Biệt thự,1.23,226.0,m²,5.0,5.0,,,"Quận Lê Chân, Hải Phòng",Hải Phòng,Quận Lê Chân,Sổ hồng,Tây Nam,
1649,Nhà hẻm ngõ,0.65,50.0,m²,2.0,,,,"Phường Đằng Lâm, Quận Hải An, Hải Phòng",Hải Phòng,Quận Hải An,Sổ hồng,,
1650,Nhà hẻm ngõ,2.8,76.0,m²,2.0,2.0,3.0,15.0,"Phường Văn Đẩu, Quận Kiến An, Hải Phòng",Hải Phòng,Quận Kiến An,Giấy tờ hợp lệ,Đông Nam,5.0
1651,Nhà hẻm ngõ,8.0,180.0,m²,3.0,3.0,2.0,24.0,"Phường Đằng Lâm, Quận Hải An, Hải Phòng",Hải Phòng,Quận Hải An,Giấy tờ hợp lệ,,7.6
1652,Nhà hẻm ngõ,3.9,100.0,m²,2.0,,1.0,18.4,"Phường Vĩnh Niệm, Quận Lê Chân, Hải Phòng",Hải Phòng,Quận Lê Chân,Giấy tờ hợp lệ,Đông Nam,5.6
1653,Mặt tiền,6.8,110.0,m²,4.0,,,,"Thị trấn Núi Đèo, Huyện Thủy Nguyên, Hải Phòng",Hải Phòng,Huyện Thủy Nguyên,Đang chờ sổ,,
1654,Nhà hẻm ngõ,2.95,89.3,m²,3.0,2.0,1.0,17.9,"Phường Long Tuyền, Quận Bình Thuỷ, Cần Thơ",Cần Thơ,Quận Bình Thuỷ,Giấy tờ hợp lệ,Đông Nam,5.0
1655,Nhà mặt tiền,5.5,72.0,m²,3.0,3.0,2.0,16.0,"Phường Hưng Thạnh, Quận Cái Răng, Cần Thơ",Cần Thơ,Quận Cái Răng,Giấy tờ hợp lệ,Đông Nam,4.5
1656,Nhà mặt tiền,2.6,80.0,m²,3.0,2.0,2.0,20.0,"Phường Phú Thứ, Quận Cái Răng, Cần Thơ",Cần Thơ,Quận Cái Răng,Giấy tờ hợp lệ,Đông Nam,4.0
1657,Nhà mặt tiền,12.7,90.0,m²,4.0,4.0,4.0,18.0,"Phường Hưng Phú, Quận Cái Răng, Cần Thơ",Cần Thơ,Quận Cái Răng,Giấy tờ hợp lệ,Tây Bắc,5.0
1658,Nhà hẻm ngõ,1.85,39.0,m²,2.0,2.0,2.0,13.0,"Phường An Thới, Quận Bình Thuỷ, Cần Thơ",Cần Thơ,Quận Bình Thuỷ,Giấy tờ hợp lệ,Đông Bắc,3.0
1659,Nhà hẻm ngõ,2.69,44.2,m²,3.0,2.0,1.0,5.0,"Phường An Hòa, Quận Ninh Kiều, Cần Thơ",Cần Thơ,Quận Ninh Kiều,Giấy tờ hợp lệ,Đông Bắc,13.0
1660,Nhà hẻm ngõ,2.05,40.0,m²,2.0,2.0,2.0,9.6,"Phường Bình Thủy, Quận Bình Thuỷ, Cần Thơ",Cần Thơ,Quận Bình Thuỷ,Giấy tờ hợp lệ,Đông Nam,4.2
1661,Nhà mặt tiền,8.3,77.6,m²,5.0,5.0,2.0,17.3,"Phường An Khánh, Quận Ninh Kiều, Cần Thơ",Cần Thơ,Quận Ninh Kiều,Giấy tờ hợp lệ,Đông Bắc,4.5
1662,Nhà mặt tiền,3.19,42.5,m²,4.0,,,8.5,"Phường An Khánh, Quận Ninh Kiều, Cần Thơ",Cần Thơ,Quận Ninh Kiều,Giấy tờ hợp lệ,,5.0
1663,Nhà mặt tiền,2.5,70.0,m²,2.0,2.0,,14.0,"Phường Hưng Phú, Quận Cái Răng, Cần Thơ",Cần Thơ,Quận Cái Răng,Giấy tờ hợp lệ,,5.0
1664,Nhà hẻm ngõ,2.99,48.2,m²,3.0,2.0,1.0,10.4,"Phường Hưng Lợi, Quận Ninh Kiều, Cần Thơ",Cần Thơ,Quận Ninh Kiều,Giấy tờ hợp lệ,Đông Nam,4.6
1665,Nhà hẻm ngõ,2.75,40.0,m²,2.0,2.0,2.0,8.0,"Phường An Bình, Quận Ninh Kiều, Cần Thơ",Cần Thơ,Quận Ninh Kiều,Giấy tờ hợp lệ,Tây Nam,5.0
1666,Nhà mặt tiền,3.99,120.0,m²,4.0,3.0,3.0,24.0,"Phường Phú Thứ, Quận Cái Răng, Cần Thơ",Cần Thơ,Quận Cái Răng,Giấy tờ hợp lệ,Đông Nam,5.0
1667,Nhà hẻm ngõ,3.09,70.6,m²,3.0,2.0,1.0,15.0,"Phường Thới Bình, Quận Ninh Kiều, Cần Thơ",Cần Thơ,Quận Ninh Kiều,Giấy tờ hợp lệ,Tây Nam,4.3
1668,Nhà hẻm ngõ,2.45,42.0,m²,2.0,2.0,1.0,5.0,"Phường An Hòa, Quận Ninh Kiều, Cần Thơ",Cần Thơ,Quận Ninh Kiều,Giấy tờ hợp lệ,Tây Nam,8.5
1669,Nhà mặt tiền,3.09,64.0,m²,3.0,2.0,,16.0,"Phường An Hòa, Quận Ninh Kiều, Cần Thơ",Cần Thơ,Quận Ninh Kiều,Giấy tờ hợp lệ,,4.0
1670,Nhà mặt tiền,5.3,83.0,m²,4.0,5.0,3.0,14.5,"Phường Hưng Thạnh, Quận Cái Răng, Cần Thơ",Cần Thơ,Quận Cái Răng,Giấy tờ hợp lệ,Tây Nam,5.7
1671,Nhà mặt tiền,5.8,80.0,m²,3.0,4.0,3.0,16.0,"Phường Hưng Thạnh, Quận Cái Răng, Cần Thơ",Cần Thơ,Quận Cái Răng,Giấy tờ hợp lệ,Tây Nam,5.0
1672,Nhà mặt tiền,3.38,63.7,m²,4.0,3.0,,14.0,"Phường Tân An, Quận Ninh Kiều, Cần Thơ",Cần Thơ,Quận Ninh Kiều,Giấy tờ hợp lệ,Đông,4.5
1673,Nhà mặt tiền,7.9,80.0,m²,3.0,3.0,2.0,20.0,"Phường An Phú, Quận Ninh Kiều, Cần Thơ",Cần Thơ,Quận Ninh Kiều,Giấy tờ hợp lệ,Tây Nam,4.0
1674,Nhà hẻm ngõ,3.0,105.0,m²,2.0,1.0,1.0,21.0,"Phường An Khánh, Quận Ninh Kiều, Cần Thơ",Cần Thơ,Quận Ninh Kiều,Giấy tờ hợp lệ,Nam,5.0
1675,Nhà mặt tiền,4.09,67.5,m²,2.0,,1.0,15.0,"Phường Hưng Phú, Quận Cái Răng, Cần Thơ",Cần Thơ,Quận Cái Răng,Giấy tờ hợp lệ,Đông Nam,4.5
1676,Nhà mặt tiền,6.7,74.0,m²,5.0,5.0,3.0,16.5,"Phường An Khánh, Quận Ninh Kiều, Cần Thơ",Cần Thơ,Quận Ninh Kiều,Giấy tờ hợp lệ,Tây Bắc,4.5
1677,Nhà mặt tiền,3.29,40.0,m²,3.0,3.0,3.0,10.0,"Phường An Thới, Quận Bình Thuỷ, Cần Thơ",Cần Thơ,Quận Bình Thuỷ,Giấy tờ hợp lệ,Đông Bắc,4.0
1678,Nhà mặt tiền,2.65,42.5,m²,2.0,2.0,2.0,9.4,"Phường An Thới, Quận Bình Thuỷ, Cần Thơ",Cần Thơ,Quận Bình Thuỷ,Giấy tờ hợp lệ,Tây Nam,4.5
1679,Nhà mặt tiền,2.89,56.0,m²,3.0,2.0,,9.2,"Phường An Hòa, Quận Ninh Kiều, Cần Thơ",Cần Thơ,Quận Ninh Kiều,Giấy tờ hợp lệ,,6.1
1680,Nhà hẻm ngõ,2.1,42.0,m²,2.0,2.0,2.0,5.5,"Phường Trà An, Quận Bình Thuỷ, Cần Thơ",Cần Thơ,Quận Bình Thuỷ,Giấy tờ hợp lệ,Đông Bắc,7.0
1681,Nhà hẻm ngõ,4.6,120.0,m²,5.0,5.0,1.0,24.0,"Phường An Khánh, Quận Ninh Kiều, Cần Thơ",Cần Thơ,Quận Ninh Kiều,Giấy tờ hợp lệ,Đông Bắc,5.0
1682,Nhà mặt tiền,4.0,114.0,m²,4.0,2.0,2.0,23.0,"Phường Lê Bình, Quận Cái Răng, Cần Thơ",Cần Thơ,Quận Cái Răng,Giấy tờ hợp lệ,Tây Nam,5.0
1683,Nhà hẻm ngõ,2.99,67.5,m²,6.0,6.0,,13.5,"Phường An Khánh, Quận Ninh Kiều, Cần Thơ",Cần Thơ,Quận Ninh Kiều,Giấy tờ hợp lệ,,5.0
1684,Nhà mặt tiền,4.69,63.2,m²,5.0,3.0,3.0,15.8,"Phường Hưng Phú, Quận Cái Răng, Cần Thơ",Cần Thơ,Quận Cái Răng,Giấy tờ hợp lệ,Đông Nam,4.0
1685,Nhà mặt tiền,2.45,55.0,m²,2.0,2.0,2.0,11.0,"Phường Trà An, Quận Bình Thuỷ, Cần Thơ",Cần Thơ,Quận Bình Thuỷ,Giấy tờ hợp lệ,Đông Bắc,5.0
1686,Biệt thự,35.0,1173.0,m²,11.0,7.0,2.0,76.0,"Phường Ba Láng, Quận Cái Răng, Cần Thơ",Cần Thơ,Quận Cái Răng,Giấy tờ hợp lệ,Đông Bắc,15.5
1687,Nhà mặt tiền,4.19,80.0,m²,2.0,1.0,1.0,20.0,"Phường An Khánh, Quận Ninh Kiều, Cần Thơ",Cần Thơ,Quận Ninh Kiều,Giấy tờ hợp lệ,Đông Bắc,4.0
1688,Nhà mặt tiền,1.69,80.0,m²,3.0,2.0,1.0,11.0,"Phường Long Tuyền, Quận Bình Thuỷ, Cần Thơ",Cần Thơ,Quận Bình Thuỷ,Giấy tờ hợp lệ,Đông Nam,7.0
1689,Nhà mặt tiền,2.3,75.0,m²,2.0,2.0,,15.0,"Phường Hưng Phú, Quận Cái Răng, Cần Thơ",Cần Thơ,Quận Cái Răng,Giấy tờ hợp lệ,,5.0
1690,Nhà hẻm ngõ,2.55,40.0,m²,2.0,2.0,2.0,10.0,"Phường An Hòa, Quận Ninh Kiều, Cần Thơ",Cần Thơ,Quận Ninh Kiều,Giấy tờ hợp lệ,Tây Bắc,4.0
1691,Nhà mặt tiền,2.5,70.0,m²,2.0,2.0,,14.0,"Phường Hưng Phú, Quận Cái Răng, Cần Thơ",Cần Thơ,Quận Cái Răng,Giấy tờ hợp lệ,,5.0
1692,Nhà mặt tiền,2.3,70.0,m²,2.0,2.0,,14.0,"Phường Hưng Phú, Quận Cái Răng, Cần Thơ",Cần Thơ,Quận Cái Răng,Giấy tờ hợp lệ,,5.0
1693,Nhà hẻm ngõ,2.45,53.0,m²,3.0,2.0,3.0,8.0,"Phường An Phú, Quận Ninh Kiều, Cần Thơ",Cần Thơ,Quận Ninh Kiều,Giấy tờ hợp lệ,Đông,7.0
1694,Nhà hẻm ngõ,3.1,64.0,m²,3.0,3.0,2.0,16.0,"Phường An Hòa, Quận Ninh Kiều, Cần Thơ",Cần Thơ,Quận Ninh Kiều,Giấy tờ hợp lệ,Đông Nam,4.0
1695,Nhà mặt tiền,3.65,56.0,m²,3.0,2.0,2.0,14.0,"Phường Long Hòa, Quận Bình Thuỷ, Cần Thơ",Cần Thơ,Quận Bình Thuỷ,Giấy tờ hợp lệ,Tây Bắc,4.0
1696,Nhà mặt tiền,3.6,64.0,m²,4.0,4.0,2.0,16.0,"Phường Hưng Phú, Quận Cái Răng, Cần Thơ",Cần Thơ,Quận Cái Răng,Đang chờ sổ,Tây Bắc,4.0
1697,Nhà hẻm ngõ,3.85,82.8,m²,5.0,4.0,,18.4,"Phường Thới Bình, Quận Ninh Kiều, Cần Thơ",Cần Thơ,Quận Ninh Kiều,Giấy tờ hợp lệ,,4.5
1698,Nhà mặt tiền,3.8,40.0,m²,4.0,3.0,3.0,10.0,"Phường Lê Bình, Quận Cái Răng, Cần Thơ",Cần Thơ,Quận Cái Răng,Giấy tờ hợp lệ,Tây Bắc,4.0
1699,Nhà hẻm ngõ,2.59,83.0,m²,4.0,3.0,1.0,13.5,"Phường An Cư, Quận Ninh Kiều, Cần Thơ",Cần Thơ,Quận Ninh Kiều,Giấy tờ hợp lệ,Đông Nam,6.1
1700,Biệt thự,10.0,204.6,m²,6.0,5.0,4.0,,"Đường số 26, Phường Hưng Phú, Quận Cái Răng, Cần Thơ",Cần Thơ,Quận Cái Răng,Sổ hồng,Tây Nam,
1701,Nhà hẻm ngõ,2.59,82.7,m²,4.0,3.0,1.0,13.5,"Phường An Cư, Quận Ninh Kiều, Cần Thơ",Cần Thơ,Quận Ninh Kiều,Giấy tờ hợp lệ,Đông Nam,6.1
1702,Nhà hẻm ngõ,5.8,95.0,m²,3.0,3.0,2.0,19.0,"Phường An Khánh, Quận Ninh Kiều, Cần Thơ",Cần Thơ,Quận Ninh Kiều,Giấy tờ hợp lệ,Tây Nam,5.0
1703,Nhà mặt tiền,3.35,40.0,m²,2.0,2.0,2.0,10.0,"Phường An Khánh, Quận Ninh Kiều, Cần Thơ",Cần Thơ,Quận Ninh Kiều,Giấy tờ hợp lệ,Đông Bắc,4.0
1704,Nhà hẻm ngõ,6.15,85.5,m²,2.0,3.0,,19.0,"Phường An Khánh, Quận Ninh Kiều, Cần Thơ",Cần Thơ,Quận Ninh Kiều,Giấy tờ hợp lệ,Đông Nam,4.5
1705,Nhà hẻm ngõ,3.49,51.4,m²,4.0,4.0,,11.9,"Phường An Khánh, Quận Ninh Kiều, Cần Thơ",Cần Thơ,Quận Ninh Kiều,Giấy tờ hợp lệ,Đông Bắc,4.4
1706,Nhà mặt tiền,13.9,160.0,m²,4.0,3.0,1.0,16.0,"Phường Hưng Phú, Quận Cái Răng, Cần Thơ",Cần Thơ,Quận Cái Răng,Giấy tờ hợp lệ,Tây Nam,10.0
1707,Nhà mặt tiền,3.8,100.0,m²,3.0,2.0,2.0,20.0,"Phường Lê Bình, Quận Cái Răng, Cần Thơ",Cần Thơ,Quận Cái Răng,Giấy tờ hợp lệ,Đông Nam,5.0
1708,Nhà hẻm ngõ,3.38,63.7,m²,4.0,3.0,2.0,14.0,"Phường Tân An, Quận Ninh Kiều, Cần Thơ",Cần Thơ,Quận Ninh Kiều,Giấy tờ hợp lệ,Đông,4.5
1709,Nhà mặt tiền,5.8,80.0,m²,3.0,4.0,2.0,16.0,"Phường Hưng Thạnh, Quận Cái Răng, Cần Thơ",Cần Thơ,Quận Cái Răng,Giấy tờ hợp lệ,Tây Nam,5.0
1710,Nhà hẻm ngõ,3.5,50.0,m²,5.0,3.0,3.0,14.5,"Phường Tân An, Quận Ninh Kiều, Cần Thơ",Cần Thơ,Quận Ninh Kiều,Giấy tờ hợp lệ,Tây Nam,3.5
1711,Nhà mặt tiền,7.5,80.0,m²,4.0,5.0,3.0,16.0,"Phường Hưng Thạnh, Quận Cái Răng, Cần Thơ",Cần Thơ,Quận Cái Răng,Giấy tờ hợp lệ,Tây Nam,5.0
1712,Nhà mặt tiền,6.5,125.0,m²,5.0,5.0,,25.0,"Phường Phú Thứ, Quận Cái Răng, Cần Thơ",Cần Thơ,Quận Cái Răng,Giấy tờ hợp lệ,Tây Bắc,5.0
1713,Nhà mặt tiền,3.99,64.0,m²,3.0,3.0,2.0,16.0,"Phường Long Tuyền, Quận Bình Thuỷ, Cần Thơ",Cần Thơ,Quận Bình Thuỷ,Giấy tờ hợp lệ,Đông Nam,4.0
1714,Nhà hẻm ngõ,4.29,83.0,m²,3.0,2.0,2.0,15.2,"Phường An Khánh, Quận Ninh Kiều, Cần Thơ",Cần Thơ,Quận Ninh Kiều,Giấy tờ hợp lệ,Tây Nam,5.0
1715,Nhà mặt tiền,2.85,87.0,m²,2.0,2.0,2.0,24.0,"Phường Lê Bình, Quận Cái Răng, Cần Thơ",Cần Thơ,Quận Cái Răng,Giấy tờ hợp lệ,Đông Bắc,3.6
1716,Nhà mặt tiền,2.6,50.0,m²,3.0,2.0,2.0,12.5,"Phường An Bình, Quận Ninh Kiều, Cần Thơ",Cần Thơ,Quận Ninh Kiều,Giấy tờ hợp lệ,Tây Bắc,4.0
1717,Nhà mặt tiền,23.5,198.0,m²,4.0,5.0,1.0,19.8,"Phường An Hòa, Quận Ninh Kiều, Cần Thơ",Cần Thơ,Quận Ninh Kiều,Giấy tờ hợp lệ,Đông Nam,10.0
1718,Nhà mặt tiền,4.7,63.0,m²,5.0,3.0,3.0,16.0,"Phường Hưng Thạnh, Quận Cái Răng, Cần Thơ",Cần Thơ,Quận Cái Răng,Giấy tờ hợp lệ,Đông Nam,4.0
1719,Nhà mặt tiền,5.85,80.0,m²,4.0,5.0,3.0,14.0,"Phường Hưng Thạnh, Quận Cái Răng, Cần Thơ",Cần Thơ,Quận Cái Răng,Giấy tờ hợp lệ,Tây Bắc,5.7
1720,Nhà mặt tiền,3.69,40.0,m²,4.0,3.0,2.0,10.0,"Phường An Khánh, Quận Ninh Kiều, Cần Thơ",Cần Thơ,Quận Ninh Kiều,Giấy tờ hợp lệ,Đông Nam,4.0
1721,Nhà hẻm ngõ,2.49,40.0,m²,2.0,2.0,2.0,10.0,"Phường Lê Bình, Quận Cái Răng, Cần Thơ",Cần Thơ,Quận Cái Răng,Giấy tờ hợp lệ,Đông Bắc,4.0
1722,Nhà mặt tiền,5.29,80.0,m²,3.0,4.0,3.0,16.0,"Phường Hưng Thạnh, Quận Cái Răng, Cần Thơ",Cần Thơ,Quận Cái Răng,Giấy tờ hợp lệ,Tây Bắc,5.0
1723,Nhà mặt tiền,2.3,70.0,m²,2.0,2.0,,14.0,"Phường Hưng Phú, Quận Cái Răng, Cần Thơ",Cần Thơ,Quận Cái Răng,Giấy tờ hợp lệ,,5.0
1724,Nhà mặt tiền,1.7,70.0,m²,2.0,2.0,,14.0,"Phường Hưng Phú, Quận Cái Răng, Cần Thơ",Cần Thơ,Quận Cái Răng,Giấy tờ hợp lệ,,5.0
1725,Nhà hẻm ngõ,3.19,45.0,m²,2.0,2.0,,9.0,"Phường An Khánh, Quận Ninh Kiều, Cần Thơ",Cần Thơ,Quận Ninh Kiều,Giấy tờ hợp lệ,Đông Nam,5.0
1726,Nhà mặt tiền,4.5,250.0,m²,9.0,7.0,,25.0,"Phường Long Hòa, Quận Bình Thuỷ, Cần Thơ",Cần Thơ,Quận Bình Thuỷ,Giấy tờ hợp lệ,,10.0
1727,Nhà mặt tiền,8.3,77.6,m²,5.0,7.0,4.0,17.3,"Phường An Khánh, Quận Ninh Kiều, Cần Thơ",Cần Thơ,Quận Ninh Kiều,Giấy tờ hợp lệ,Tây Bắc,4.5
1728,Nhà hẻm ngõ,2.05,32.2,m²,2.0,1.0,2.0,7.5,"Phường An Cư, Quận Ninh Kiều, Cần Thơ",Cần Thơ,Quận Ninh Kiều,Giấy tờ hợp lệ,Tây Bắc,4.2
1729,Nhà hẻm ngõ,3.19,45.0,m²,2.0,2.0,1.0,9.0,"Phường An Khánh, Quận Ninh Kiều, Cần Thơ",Cần Thơ,Quận Ninh Kiều,Giấy tờ hợp lệ,Đông Nam,5.0
1730,Nhà hẻm ngõ,2.05,50.0,m²,3.0,2.0,2.0,9.6,"Phường Bình Thủy, Quận Bình Thuỷ, Cần Thơ",Cần Thơ,Quận Bình Thuỷ,Giấy tờ hợp lệ,Đông Nam,5.4
1731,Nhà mặt tiền,2.59,50.0,m²,4.0,2.0,,13.0,"Phường An Hòa, Quận Ninh Kiều, Cần Thơ",Cần Thơ,Quận Ninh Kiều,Giấy tờ hợp lệ,,4.0
1732,Nhà mặt tiền,2.59,45.0,m²,2.0,2.0,,10.0,"Phường An Khánh, Quận Ninh Kiều, Cần Thơ",Cần Thơ,Quận Ninh Kiều,Giấy tờ hợp lệ,Tây Nam,4.5
1733,Biệt thự,18.5,210.0,m²,8.0,7.0,3.0,20.0,"Phường Hưng Phú, Quận Cái Răng, Cần Thơ",Cần Thơ,Quận Cái Răng,Giấy tờ hợp lệ,Đông Nam,10.5
1734,Nhà mặt tiền,5.0,486.0,m²,3.0,2.0,,91.0,"Phường Bình Thủy, Quận Bình Thuỷ, Cần Thơ",Cần Thơ,Quận Bình Thuỷ,Giấy tờ hợp lệ,Đông Bắc,6.0
1735,Nhà mặt tiền,5.75,90.0,m²,3.0,4.0,3.0,18.0,"Phường Hưng Thạnh, Quận Cái Răng, Cần Thơ",Cần Thơ,Quận Cái Răng,Giấy tờ hợp lệ,Đông Nam,5.0
1736,Nhà mặt tiền,6.1,80.0,m²,4.0,4.0,3.0,16.0,"Phường Hưng Thạnh, Quận Cái Răng, Cần Thơ",Cần Thơ,Quận Cái Răng,Giấy tờ hợp lệ,Đông Nam,5.0
1737,Nhà hẻm ngõ,3.55,64.1,m²,3.0,2.0,2.0,13.2,"Phường An Khánh, Quận Ninh Kiều, Cần Thơ",Cần Thơ,Quận Ninh Kiều,Giấy tờ hợp lệ,Đông Bắc,4.5
1738,Nhà mặt tiền,17.0,180.0,m²,5.0,4.0,4.0,18.0,"Phường Hưng Phú, Quận Cái Răng, Cần Thơ",Cần Thơ,Quận Cái Răng,Giấy tờ hợp lệ,Tây Nam,10.3
1739,Nhà hẻm ngõ,2.65,42.5,m²,2.0,2.0,2.0,9.4,"Phường An Thới, Quận Bình Thuỷ, Cần Thơ",Cần Thơ,Quận Bình Thuỷ,Giấy tờ hợp lệ,Tây Nam,4.5
1740,Nhà hẻm ngõ,1.37,56.0,m²,2.0,1.0,,12.5,"Phường Long Tuyền, Quận Bình Thuỷ, Cần Thơ",Cần Thơ,Quận Bình Thuỷ,Giấy tờ hợp lệ,Đông Bắc,4.5
1741,Nhà hẻm ngõ,2.99,54.8,m²,4.0,2.0,2.0,16.0,"Phường An Nghiệp, Quận Ninh Kiều, Cần Thơ",Cần Thơ,Quận Ninh Kiều,Giấy tờ hợp lệ,Tây Nam,3.4
1742,Nhà mặt tiền,2.1,84.0,m²,3.0,2.0,,7.0,"Phường Long Hòa, Quận Bình Thuỷ, Cần Thơ",Cần Thơ,Quận Bình Thuỷ,Giấy tờ hợp lệ,,12.0
1743,Nhà mặt tiền,13.2,120.0,m²,6.0,5.0,4.0,24.0,"Phường Hưng Phú, Quận Cái Răng, Cần Thơ",Cần Thơ,Quận Cái Răng,Giấy tờ hợp lệ,Tây Bắc,5.0
1744,Nhà mặt tiền,7.2,65.0,m²,3.0,3.0,1.0,15.0,"Phường An Cư, Quận Ninh Kiều, Cần Thơ",Cần Thơ,Quận Ninh Kiều,Giấy tờ hợp lệ,Tây Nam,4.2
1745,Nhà hẻm ngõ,2.59,51.0,m²,4.0,2.0,2.0,13.5,"Phường An Hòa, Quận Ninh Kiều, Cần Thơ",Cần Thơ,Quận Ninh Kiều,Giấy tờ hợp lệ,Tây Bắc,3.5
1746,Nhà mặt tiền,35.0,309.0,m²,3.0,4.0,1.0,32.0,"Phường Hưng Lợi, Quận Ninh Kiều, Cần Thơ",Cần Thơ,Quận Ninh Kiều,Giấy tờ hợp lệ,Đông Nam,8.7
1747,Nhà mặt tiền,3.99,64.0,m²,3.0,3.0,2.0,16.0,"Phường An Bình, Quận Ninh Kiều, Cần Thơ",Cần Thơ,Quận Ninh Kiều,Giấy tờ hợp lệ,Đông Nam,4.0
1748,Nhà mặt tiền,2.39,41.8,m²,2.0,2.0,,8.4,"Phường An Hòa, Quận Ninh Kiều, Cần Thơ",Cần Thơ,Quận Ninh Kiều,Giấy tờ hợp lệ,,5.0
1749,Nhà mặt tiền,2.99,86.0,m²,2.0,2.0,2.0,15.0,"Phường Trà An, Quận Bình Thuỷ, Cần Thơ",Cần Thơ,Quận Bình Thuỷ,Giấy tờ hợp lệ,Đông Nam,6.0
1750,Nhà hẻm ngõ,2.18,87.5,m²,2.0,1.0,1.0,17.5,"Phường Tân An, Quận Ninh Kiều, Cần Thơ",Cần Thơ,Quận Ninh Kiều,Giấy tờ hợp lệ,,5.0
1751,Nhà mặt tiền,3.09,70.0,m²,3.0,2.0,,15.0,"Phường Thới Bình, Quận Ninh Kiều, Cần Thơ",Cần Thơ,Quận Ninh Kiều,Giấy tờ hợp lệ,,4.3
1752,Nhà mặt tiền,13.0,63.0,m²,3.0,3.0,2.0,16.0,"Phường An Lạc, Quận Ninh Kiều, Cần Thơ",Cần Thơ,Quận Ninh Kiều,Giấy tờ hợp lệ,Đông Bắc,3.9
1753,Nhà mặt tiền,14.0,81.0,m²,3.0,3.0,1.0,15.0,"Phường An Cư, Quận Ninh Kiều, Cần Thơ",Cần Thơ,Quận Ninh Kiều,Giấy tờ hợp lệ,Đông Bắc,5.4
1754,Nhà hẻm ngõ,3.7,80.0,m²,3.0,3.0,2.0,16.0,"Phường An Khánh, Quận Ninh Kiều, Cần Thơ",Cần Thơ,Quận Ninh Kiều,Giấy tờ hợp lệ,Tây Bắc,5.0
1755,Nhà mặt tiền,14.5,133.0,m²,7.0,3.0,,25.0,"Phường Hưng Phú, Quận Cái Răng, Cần Thơ",Cần Thơ,Quận Cái Răng,Giấy tờ hợp lệ,,5.3
1756,Nhà mặt tiền,2.5,70.0,m²,2.0,2.0,,17.0,"Phường An Hòa, Quận Ninh Kiều, Cần Thơ",Cần Thơ,Quận Ninh Kiều,Giấy tờ hợp lệ,,4.1
1757,Nhà mặt tiền,3.75,56.0,m²,4.0,3.0,2.0,14.0,"Phường Long Hòa, Quận Bình Thuỷ, Cần Thơ",Cần Thơ,Quận Bình Thuỷ,Giấy tờ hợp lệ,Tây Bắc,4.0
1758,Nhà mặt tiền,8.3,77.6,m²,5.0,5.0,4.0,17.3,"Phường An Khánh, Quận Ninh Kiều, Cần Thơ",Cần Thơ,Quận Ninh Kiều,Giấy tờ hợp lệ,Đông Bắc,4.5
1759,Nhà mặt tiền,4.45,83.2,m²,3.0,3.0,1.0,20.8,"Phường An Khánh, Quận Ninh Kiều, Cần Thơ",Cần Thơ,Quận Ninh Kiều,Giấy tờ hợp lệ,Nam,4.0
1760,Nhà mặt tiền,8.3,77.6,m²,5.0,5.0,3.0,17.3,"Phường An Khánh, Quận Ninh Kiều, Cần Thơ",Cần Thơ,Quận Ninh Kiều,Giấy tờ hợp lệ,Tây Bắc,4.5
1761,Nhà mặt tiền,5.3,77.5,m²,4.0,4.0,2.0,22.0,"Phường An Bình, Quận Ninh Kiều, Cần Thơ",Cần Thơ,Quận Ninh Kiều,Giấy tờ hợp lệ,Đông,3.4
1762,Nhà hẻm ngõ,1.95,40.0,m²,2.0,2.0,2.0,8.0,"Phường Hưng Lợi, Quận Ninh Kiều, Cần Thơ",Cần Thơ,Quận Ninh Kiều,Giấy tờ hợp lệ,Tây Bắc,5.0
1763,Nhà hẻm ngõ,3.79,63.0,m²,3.0,3.0,1.0,12.0,"Phường An Khánh, Quận Ninh Kiều, Cần Thơ",Cần Thơ,Quận Ninh Kiều,Giấy tờ hợp lệ,,5.2
1764,Nhà hẻm ngõ,2.55,40.0,m²,3.0,2.0,2.0,7.0,"Phường An Bình, Quận Ninh Kiều, Cần Thơ",Cần Thơ,Quận Ninh Kiều,Giấy tờ hợp lệ,Đông Nam,5.5
1765,Nhà mặt tiền,5.65,90.0,m²,3.0,2.0,2.0,20.0,"Phường An Bình, Quận Ninh Kiều, Cần Thơ",Cần Thơ,Quận Ninh Kiều,Giấy tờ hợp lệ,Đông Bắc,4.5
1766,Nhà mặt tiền,8.3,77.6,m²,5.0,7.0,3.0,17.3,"Phường An Khánh, Quận Ninh Kiều, Cần Thơ",Cần Thơ,Quận Ninh Kiều,Giấy tờ hợp lệ,Tây Bắc,4.5
1767,Nhà hẻm ngõ,2.59,45.0,m²,2.0,2.0,2.0,10.0,"Phường An Khánh, Quận Ninh Kiều, Cần Thơ",Cần Thơ,Quận Ninh Kiều,Giấy tờ hợp lệ,Tây Nam,4.5
1768,Nhà mặt tiền,8.3,77.6,m²,5.0,7.0,4.0,17.3,"Phường An Khánh, Quận Ninh Kiều, Cần Thơ",Cần Thơ,Quận Ninh Kiều,Giấy tờ hợp lệ,,4.5
1769,Nhà mặt tiền,5.2,110.0,m²,4.0,4.0,2.0,22.0,"Phường Hưng Phú, Quận Cái Răng, Cần Thơ",Cần Thơ,Quận Cái Răng,Giấy tờ hợp lệ,Đông Bắc,5.0
1770,Nhà hẻm ngõ,2.8,72.0,m²,2.0,2.0,1.0,16.0,"Phường An Bình, Quận Ninh Kiều, Cần Thơ",Cần Thơ,Quận Ninh Kiều,Giấy tờ hợp lệ,Tây Bắc,4.5
1771,Nhà hẻm ngõ,1.7,34.5,m²,2.0,2.0,2.0,7.5,"Phường An Hòa, Quận Ninh Kiều, Cần Thơ",Cần Thơ,Quận Ninh Kiều,Giấy tờ hợp lệ,Đông Bắc,4.6
1772,Nhà hẻm ngõ,2.85,48.0,m²,2.0,2.0,2.0,12.0,"Phường An Bình, Quận Ninh Kiều, Cần Thơ",Cần Thơ,Quận Ninh Kiều,Giấy tờ hợp lệ,Đông Nam,4.0
1773,Nhà mặt tiền,2.0,70.0,m²,2.0,2.0,,14.0,"Phường Hưng Phú, Quận Cái Răng, Cần Thơ",Cần Thơ,Quận Cái Răng,Giấy tờ hợp lệ,,5.0
1774,Nhà hẻm ngõ,3.09,70.6,m²,3.0,2.0,2.0,15.0,"Phường Thới Bình, Quận Ninh Kiều, Cần Thơ",Cần Thơ,Quận Ninh Kiều,Giấy tờ hợp lệ,Tây Nam,4.3
1775,Nhà mặt tiền,5.95,80.0,m²,4.0,4.0,2.0,16.0,"Phường Hưng Thạnh, Quận Cái Răng, Cần Thơ",Cần Thơ,Quận Cái Răng,Giấy tờ hợp lệ,Tây Nam,5.0
1776,Nhà hẻm ngõ,1.88,60.8,m²,2.0,1.0,1.0,15.0,"Phường An Bình, Quận Ninh Kiều, Cần Thơ",Cần Thơ,Quận Ninh Kiều,Giấy tờ hợp lệ,,4.1
1777,Nhà mặt tiền,5.3,80.0,m²,4.0,5.0,2.0,14.0,"Phường Hưng Thạnh, Quận Cái Răng, Cần Thơ",Cần Thơ,Quận Cái Răng,Giấy tờ hợp lệ,Tây Nam,5.7
1778,Nhà mặt tiền,5.89,85.0,m²,5.0,4.0,3.0,17.0,"Phường Hưng Thạnh, Quận Cái Răng, Cần Thơ",Cần Thơ,Quận Cái Răng,Giấy tờ hợp lệ,Đông Bắc,5.0
1779,Nhà hẻm ngõ,2.79,45.0,m²,2.0,2.0,1.0,9.0,"Phường Tân An, Quận Ninh Kiều, Cần Thơ",Cần Thơ,Quận Ninh Kiều,Giấy tờ hợp lệ,Tây Nam,5.0
1780,Nhà mặt tiền,8.3,77.6,m²,4.0,5.0,3.0,17.3,"Phường An Khánh, Quận Ninh Kiều, Cần Thơ",Cần Thơ,Quận Ninh Kiều,Giấy tờ hợp lệ,Tây Bắc,4.5
1781,Nhà mặt tiền,5.29,80.0,m²,4.0,4.0,3.0,16.0,"Phường Hưng Thạnh, Quận Cái Răng, Cần Thơ",Cần Thơ,Quận Cái Răng,Giấy tờ hợp lệ,Tây Bắc,5.0
1782,Nhà mặt tiền,4.15,40.0,m²,4.0,3.0,3.0,10.0,"Phường An Khánh, Quận Ninh Kiều, Cần Thơ",Cần Thơ,Quận Ninh Kiều,Giấy tờ hợp lệ,Đông Bắc,4.0
1783,Nhà hẻm ngõ,3.89,42.0,m²,4.0,4.0,4.0,7.2,"Phường An Khánh, Quận Ninh Kiều, Cần Thơ",Cần Thơ,Quận Ninh Kiều,Giấy tờ hợp lệ,Đông Bắc,6.0
1784,Nhà hẻm ngõ,3.79,62.4,m²,3.0,,2.0,12.0,"Phường An Khánh, Quận Ninh Kiều, Cần Thơ",Cần Thơ,Quận Ninh Kiều,Giấy tờ hợp lệ,Đông Bắc,5.2
1785,Nhà mặt tiền,2.78,70.0,m²,3.0,,2.0,17.5,"Phường Phú Thứ, Quận Cái Răng, Cần Thơ",Cần Thơ,Quận Cái Răng,Giấy tờ hợp lệ,Đông Bắc,4.0
1786,Nhà mặt tiền,3.75,65.0,m²,3.0,,2.0,13.0,"Phường Hưng Thạnh, Quận Cái Răng, Cần Thơ",Cần Thơ,Quận Cái Răng,Giấy tờ hợp lệ,Tây Nam,5.0
1787,Nhà hẻm ngõ,5.58,62.0,m²,3.0,4.0,3.0,15.2,"Phường An Hòa, Quận Ninh Kiều, Cần Thơ",Cần Thơ,Quận Ninh Kiều,Giấy tờ hợp lệ,Đông Nam,4.0
1788,Nhà hẻm ngõ,2.49,42.0,m²,2.0,2.0,2.0,7.0,"Phường An Khánh, Quận Ninh Kiều, Cần Thơ",Cần Thơ,Quận Ninh Kiều,Giấy tờ hợp lệ,Tây Bắc,6.3
1789,Nhà mặt tiền,5.29,80.0,m²,3.0,4.0,3.0,16.0,"Phường Hưng Thạnh, Quận Cái Răng, Cần Thơ",Cần Thơ,Quận Cái Răng,Giấy tờ hợp lệ,Tây Bắc,5.0
1790,Nhà mặt tiền,5.8,85.0,m²,4.0,,2.0,17.0,"Phường Hưng Thạnh, Quận Cái Răng, Cần Thơ",Cần Thơ,Quận Cái Răng,Giấy tờ hợp lệ,Đông Bắc,5.0
1791,Nhà hẻm ngõ,2.85,43.3,m²,3.0,2.0,1.0,13.7,"Phường Thới Bình, Quận Ninh Kiều, Cần Thơ",Cần Thơ,Quận Ninh Kiều,Giấy tờ hợp lệ,Tây Nam,3.2
1792,Nhà mặt tiền,5.8,80.0,m²,5.0,4.0,3.0,16.0,"Phường Hưng Thạnh, Quận Cái Răng, Cần Thơ",Cần Thơ,Quận Cái Răng,Giấy tờ hợp lệ,Đông Nam,5.0
1793,Nhà hẻm ngõ,1.25,43.0,m²,2.0,,,,"Phường Bình Thủy, Quận Bình Thuỷ, Cần Thơ",Cần Thơ,Quận Bình Thuỷ,Giấy tờ hợp lệ,,
1794,Nhà hẻm ngõ,2.29,40.0,m²,2.0,2.0,1.0,10.0,"Phường An Hòa, Quận Ninh Kiều, Cần Thơ",Cần Thơ,Quận Ninh Kiều,Giấy tờ hợp lệ,Tây Bắc,4.0
1795,Nhà mặt tiền,5.8,500.0,m²,1.0,,,50.0,"Xã Long Hưng, Quận Ô Môn, Cần Thơ",Cần Thơ,Quận Ô Môn,Giấy tờ hợp lệ,,10.0
1796,Nhà hẻm ngõ,2.09,36.0,m²,2.0,2.0,1.0,9.0,"Phường Thới Bình, Quận Ninh Kiều, Cần Thơ",Cần Thơ,Quận Ninh Kiều,Giấy tờ hợp lệ,Đông Bắc,4.0
1797,Nhà mặt tiền,13.6,428.0,m²,6.0,4.0,,33.0,"Phường Thường Thạnh, Quận Cái Răng, Cần Thơ",Cần Thơ,Quận Cái Răng,Giấy tờ hợp lệ,,13.0
1798,Nhà mặt tiền,2.65,40.0,m²,2.0,2.0,,10.0,"Phường An Hòa, Quận Ninh Kiều, Cần Thơ",Cần Thơ,Quận Ninh Kiều,Giấy tờ hợp lệ,Tây Bắc,4.0
1799,Nhà mặt tiền,15.0,240.0,m²,5.0,6.0,4.0,24.0,"Phường Hưng Thạnh, Quận Cái Răng, Cần Thơ",Cần Thơ,Quận Cái Răng,Giấy tờ hợp lệ,Đông Bắc,10.0
1800,Nhà mặt tiền,5.95,80.0,m²,4.0,4.0,3.0,16.0,"Phường Hưng Thạnh, Quận Cái Răng, Cần Thơ",Cần Thơ,Quận Cái Răng,Giấy tờ hợp lệ,Đông Nam,5.0
1801,Nhà hẻm ngõ,3.65,67.0,m²,3.0,2.0,2.0,16.0,"Phường An Khánh, Quận Ninh Kiều, Cần Thơ",Cần Thơ,Quận Ninh Kiều,Giấy tờ hợp lệ,Tây Bắc,4.3
1802,Nhà hẻm ngõ,1.58,28.1,m²,2.0,2.0,3.0,7.5,"Phường An Hòa, Quận Ninh Kiều, Cần Thơ",Cần Thơ,Quận Ninh Kiều,Giấy tờ hợp lệ,Đông Nam,3.8
1803,Nhà mặt tiền,2.9,56.9,m²,2.0,2.0,,12.8,"Phường Cái Khế, Quận Ninh Kiều, Cần Thơ",Cần Thơ,Quận Ninh Kiều,Giấy tờ hợp lệ,,4.3
1804,Nhà hẻm ngõ,3.85,82.8,m²,5.0,3.0,1.0,18.4,"Phường Tân An, Quận Ninh Kiều, Cần Thơ",Cần Thơ,Quận Ninh Kiều,Giấy tờ hợp lệ,Đông Bắc,4.5
1805,Nhà mặt tiền,15.0,110.8,m²,3.0,,,26.0,"Phường Tân An, Quận Ninh Kiều, Cần Thơ",Cần Thơ,Quận Ninh Kiều,Giấy tờ hợp lệ,Nam,4.2
1806,Nhà mặt tiền,2.65,80.0,m²,3.0,2.0,1.0,20.0,"Phường Phú Thứ, Quận Cái Răng, Cần Thơ",Cần Thơ,Quận Cái Răng,Giấy tờ hợp lệ,Đông Bắc,4.0
1807,Nhà mặt tiền,5.58,60.0,m²,3.0,,,15.0,"Phường An Hòa, Quận Ninh Kiều, Cần Thơ",Cần Thơ,Quận Ninh Kiều,Giấy tờ hợp lệ,,4.0
1808,Nhà mặt tiền,8.5,114.0,m²,4.0,4.0,,19.0,"Phường Hưng Thạnh, Quận Cái Răng, Cần Thơ",Cần Thơ,Quận Cái Răng,Giấy tờ hợp lệ,Tây Nam,6.0
1809,Nhà mặt tiền,2.65,70.0,m²,2.0,2.0,1.0,15.5,"Phường Thường Thạnh, Quận Cái Răng, Cần Thơ",Cần Thơ,Quận Cái Răng,Giấy tờ hợp lệ,Tây Bắc,4.5
1810,Nhà mặt tiền,5.58,61.0,m²,4.0,5.0,2.0,15.0,"Phường An Hòa, Quận Ninh Kiều, Cần Thơ",Cần Thơ,Quận Ninh Kiều,Giấy tờ hợp lệ,Đông Nam,4.0
1811,Nhà hẻm ngõ,3.39,88.7,m²,3.0,3.0,1.0,18.1,"Phường Lê Bình, Quận Cái Răng, Cần Thơ",Cần Thơ,Quận Cái Răng,Giấy tờ hợp lệ,Đông Bắc,5.0
1812,Nhà mặt tiền,5.95,80.0,m²,5.0,4.0,3.0,16.0,"Phường Hưng Thạnh, Quận Cái Răng, Cần Thơ",Cần Thơ,Quận Cái Răng,Giấy tờ hợp lệ,Tây Nam,5.0
1813,Nhà mặt tiền,4.9,94.0,m²,2.0,2.0,2.0,19.0,"Phường Thới Bình, Quận Ninh Kiều, Cần Thơ",Cần Thơ,Quận Ninh Kiều,Giấy tờ hợp lệ,Tây,4.9
1814,Nhà hẻm ngõ,3.09,48.2,m²,3.0,2.0,1.0,10.4,"Phường Hưng Lợi, Quận Ninh Kiều, Cần Thơ",Cần Thơ,Quận Ninh Kiều,Giấy tờ hợp lệ,Đông Nam,4.6
1815,Nhà mặt tiền,0.37,52.0,m²,1.0,1.0,,13.0,"Phường Phước Thới, Quận Ô Môn, Cần Thơ",Cần Thơ,Quận Ô Môn,Hợp đồng mua bán,Đông,4.0
1816,Biệt thự,13.6,438.0,m²,4.0,4.0,2.0,33.0,"Phường Phú Thứ, Quận Cái Răng, Cần Thơ",Cần Thơ,Quận Cái Răng,Giấy tờ hợp lệ,Đông Nam,13.0
1817,Nhà hẻm ngõ,1.5,66.0,m²,4.0,4.0,2.0,11.0,"Phường Trà Nóc, Quận Bình Thuỷ, Cần Thơ",Cần Thơ,Quận Bình Thuỷ,Giấy tờ hợp lệ,Đông Nam,6.0
1818,Nhà mặt tiền,5.95,80.0,m²,5.0,4.0,3.0,16.0,"Phường Hưng Thạnh, Quận Cái Răng, Cần Thơ",Cần Thơ,Quận Cái Răng,Giấy tờ hợp lệ,Đông Nam,5.0
1819,Biệt thự,9.0,300.0,m²,4.0,4.0,2.0,35.0,"Phường An Thới, Quận Bình Thuỷ, Cần Thơ",Cần Thơ,Quận Bình Thuỷ,Giấy tờ hợp lệ,Đông Nam,8.5
1820,Nhà mặt tiền,5.75,90.0,m²,4.0,4.0,4.0,18.0,"Phường Hưng Thạnh, Quận Cái Răng, Cần Thơ",Cần Thơ,Quận Cái Răng,Giấy tờ hợp lệ,Đông Nam,5.0
1821,Nhà mặt tiền,5.99,100.0,m²,4.0,4.0,3.0,20.0,"Phường Hưng Thạnh, Quận Cái Răng, Cần Thơ",Cần Thơ,Quận Cái Răng,Giấy tờ hợp lệ,Đông Bắc,5.0
1822,Nhà mặt tiền,2.5,70.0,m²,3.0,2.0,1.0,17.5,"Phường Phú Thứ, Quận Cái Răng, Cần Thơ",Cần Thơ,Quận Cái Răng,Giấy tờ hợp lệ,Tây Nam,4.0
1823,Nhà hẻm ngõ,4.1,250.0,m²,2.0,1.0,1.0,50.0,"54/10, Đường Hồ Trung Thành, Phường Trà An, Quận Bình Thuỷ, Cần Thơ",Cần Thơ,Quận Bình Thuỷ,Sổ đỏ,Tây Nam,5.0
1824,Nhà mặt tiền,13.0,73.9,m²,2.0,2.0,,,"Phường Xuân Khánh, Quận Ninh Kiều, Cần Thơ",Cần Thơ,Quận Ninh Kiều,Giấy tờ hợp lệ,,
1825,Nhà hẻm ngõ,2.78,48.4,m²,2.0,2.0,2.0,11.0,"Phường An Cư, Quận Ninh Kiều, Cần Thơ",Cần Thơ,Quận Ninh Kiều,Giấy tờ hợp lệ,,4.5
1826,Nhà hẻm ngõ,2.59,43.6,m²,2.0,2.0,1.0,6.3,"Phường Thới Bình, Quận Ninh Kiều, Cần Thơ",Cần Thơ,Quận Ninh Kiều,Giấy tờ hợp lệ,Tây Nam,6.8
1827,Nhà hẻm ngõ,2.48,74.0,m²,2.0,1.0,1.0,19.0,"Phường An Khánh, Quận Ninh Kiều, Cần Thơ",Cần Thơ,Quận Ninh Kiều,Giấy tờ hợp lệ,Tây Nam,4.0
1828,Nhà mặt tiền,5.5,80.0,m²,4.0,4.0,3.0,14.0,"Phường Hưng Thạnh, Quận Cái Răng, Cần Thơ",Cần Thơ,Quận Cái Răng,Giấy tờ hợp lệ,Tây Nam,5.7
1829,Nhà mặt tiền,8.3,77.0,m²,5.0,5.0,3.0,17.3,"Phường An Khánh, Quận Ninh Kiều, Cần Thơ",Cần Thơ,Quận Ninh Kiều,Giấy tờ hợp lệ,Tây Bắc,4.5
1830,Nhà hẻm ngõ,3.65,44.5,m²,3.0,3.0,3.0,4.5,"Phường An Khánh, Quận Ninh Kiều, Cần Thơ",Cần Thơ,Quận Ninh Kiều,Giấy tờ hợp lệ,Tây Nam,9.8
1831,Nhà hẻm ngõ,4.2,100.0,m²,4.0,4.0,3.0,20.0,"Phường Hưng Thạnh, Quận Cái Răng, Cần Thơ",Cần Thơ,Quận Cái Răng,Giấy tờ hợp lệ,,5.0
1832,Nhà mặt tiền,6.8,100.0,m²,4.0,4.0,4.0,20.0,"Phường Hưng Thạnh, Quận Cái Răng, Cần Thơ",Cần Thơ,Quận Cái Răng,Giấy tờ hợp lệ,Tây Nam,5.0
1833,Nhà mặt tiền,4.99,46.0,m²,5.0,5.0,3.0,11.6,"Phường Xuân Khánh, Quận Ninh Kiều, Cần Thơ",Cần Thơ,Quận Ninh Kiều,Giấy tờ hợp lệ,,4.0
1834,Nhà mặt tiền,3.45,50.0,m²,3.0,3.0,1.0,10.0,"Phường Hưng Lợi, Quận Ninh Kiều, Cần Thơ",Cần Thơ,Quận Ninh Kiều,Giấy tờ hợp lệ,Tây Bắc,5.0
1835,Nhà hẻm ngõ,3.99,66.0,m²,3.0,4.0,2.0,17.0,"Phường Hưng Thạnh, Quận Cái Răng, Cần Thơ",Cần Thơ,Quận Cái Răng,Giấy tờ hợp lệ,,4.5
1836,Nhà mặt tiền,7.9,100.0,m²,4.0,5.0,4.0,20.0,"Phường Hưng Thạnh, Quận Cái Răng, Cần Thơ",Cần Thơ,Quận Cái Răng,Giấy tờ hợp lệ,Tây Nam,5.0
1837,Nhà mặt tiền,5.79,80.0,m²,4.0,4.0,3.0,16.0,"Phường Hưng Thạnh, Quận Cái Răng, Cần Thơ",Cần Thơ,Quận Cái Răng,Giấy tờ hợp lệ,Đông Nam,5.0
1838,Nhà mặt tiền,5.89,85.0,m²,4.0,5.0,3.0,17.0,"Đường Khu dân cư Hồng Loan, Phường Hưng Thạnh, Quận Cái Răng, Cần Thơ",Cần Thơ,Quận Cái Răng,Sổ hồng,Đông Bắc,5.0
1839,Nhà hẻm ngõ,3.09,70.0,m²,3.0,2.0,2.0,15.0,"Phường Thới Bình, Quận Ninh Kiều, Cần Thơ",Cần Thơ,Quận Ninh Kiều,Giấy tờ hợp lệ,,4.3
1840,Nhà mặt tiền,16.5,108.0,m²,5.0,6.0,4.0,24.0,"Phường An Bình, Quận Ninh Kiều, Cần Thơ",Cần Thơ,Quận Ninh Kiều,Giấy tờ hợp lệ,Tây Bắc,4.5
1841,Nhà hẻm ngõ,3.09,70.0,m²,3.0,2.0,1.0,15.1,"Phường Thới Bình, Quận Ninh Kiều, Cần Thơ",Cần Thơ,Quận Ninh Kiều,Giấy tờ hợp lệ,Tây Nam,4.3
1842,Nhà hẻm ngõ,2.29,84.0,m²,2.0,2.0,1.0,17.0,"Phường An Lạc, Quận Ninh Kiều, Cần Thơ",Cần Thơ,Quận Ninh Kiều,Giấy tờ hợp lệ,,4.5
1843,Nhà hẻm ngõ,2.55,40.0,m²,3.0,2.0,2.0,7.2,"Phường An Bình, Quận Ninh Kiều, Cần Thơ",Cần Thơ,Quận Ninh Kiều,Giấy tờ hợp lệ,Đông Nam,5.5
1844,Nhà hẻm ngõ,5.09,53.6,m²,3.0,3.0,3.0,9.8,"Phường Hưng Lợi, Quận Ninh Kiều, Cần Thơ",Cần Thơ,Quận Ninh Kiều,Giấy tờ hợp lệ,,5.5
1845,Nhà mặt tiền,8.2,90.0,m²,4.0,3.0,3.0,15.0,"Phường Hưng Thạnh, Quận Cái Răng, Cần Thơ",Cần Thơ,Quận Cái Răng,Giấy tờ hợp lệ,Đông Bắc,6.0
1846,Nhà mặt tiền,6.09,80.0,m²,4.0,4.0,3.0,16.0,"Phường Hưng Thạnh, Quận Cái Răng, Cần Thơ",Cần Thơ,Quận Cái Răng,Giấy tờ hợp lệ,,5.0
1847,Nhà hẻm ngõ,5.58,62.0,m²,3.0,4.0,2.0,15.3,"Phường An Hòa, Quận Ninh Kiều, Cần Thơ",Cần Thơ,Quận Ninh Kiều,Giấy tờ hợp lệ,Đông Nam,4.0
1848,Nhà mặt tiền,5.59,85.0,m²,4.0,5.0,3.0,17.0,"Phường Hưng Thạnh, Quận Cái Răng, Cần Thơ",Cần Thơ,Quận Cái Răng,Giấy tờ hợp lệ,Đông Bắc,5.0
1849,Nhà mặt tiền,5.89,85.0,m²,4.0,5.0,3.0,15.0,"Phường Hưng Thạnh, Quận Cái Răng, Cần Thơ",Cần Thơ,Quận Cái Răng,Đang chờ sổ,Đông Bắc,5.0
1850,Nhà mặt tiền,4.3,80.0,m²,3.0,3.0,2.0,16.0,"Phường Hưng Thạnh, Quận Cái Răng, Cần Thơ",Cần Thơ,Quận Cái Răng,Giấy tờ hợp lệ,Đông Bắc,5.0
1851,Nhà hẻm ngõ,2.2,87.0,m²,3.0,2.0,1.0,18.5,"Phường Ba Láng, Quận Cái Răng, Cần Thơ",Cần Thơ,Quận Cái Răng,Giấy tờ hợp lệ,Đông Bắc,4.5
1852,Nhà mặt tiền,6.9,98.0,m²,2.0,3.0,2.0,22.0,"148/94, Đường 3 Tháng 2, Phường Hưng Lợi, Quận Ninh Kiều, Cần Thơ",Cần Thơ,Quận Ninh Kiều,Sổ đỏ,Đông Nam,4.0
1853,Nhà mặt tiền,2.2,87.0,m²,3.0,2.0,2.0,19.0,"Phường Lê Bình, Quận Cái Răng, Cần Thơ",Cần Thơ,Quận Cái Răng,Giấy tờ hợp lệ,,4.6
1854,Nhà hẻm ngõ,3.45,51.4,m²,3.0,3.0,2.0,10.5,"Phường Hưng Lợi, Quận Ninh Kiều, Cần Thơ",Cần Thơ,Quận Ninh Kiều,Giấy tờ hợp lệ,Tây Bắc,5.0
1855,Nhà mặt tiền,2.3,11.5,m²,2.0,1.0,1.0,3.4,"Phường An Hòa, Quận Ninh Kiều, Cần Thơ",Cần Thơ,Quận Ninh Kiều,Giấy tờ hợp lệ,Tây Bắc,3.3
1856,Nhà mặt tiền,6.1,80.0,m²,5.0,4.0,3.0,16.0,"Phường Hưng Thạnh, Quận Cái Răng, Cần Thơ",Cần Thơ,Quận Cái Răng,Đang chờ sổ,Đông Nam,5.0
1857,Nhà hẻm ngõ,3.65,63.0,m²,3.0,2.0,2.0,15.0,"Phường An Khánh, Quận Ninh Kiều, Cần Thơ",Cần Thơ,Quận Ninh Kiều,Giấy tờ hợp lệ,,4.3
1858,Nhà mặt tiền,8.8,90.0,m²,3.0,4.0,2.0,20.0,"Phường An Bình, Quận Ninh Kiều, Cần Thơ",Cần Thơ,Quận Ninh Kiều,Giấy tờ hợp lệ,,4.5
1859,Nhà mặt tiền,6.1,80.0,m²,4.0,,2.0,16.0,"Phường Hưng Thạnh, Quận Cái Răng, Cần Thơ",Cần Thơ,Quận Cái Răng,Giấy tờ hợp lệ,,5.0
1860,Nhà mặt tiền,2.29,40.0,m²,2.0,2.0,2.0,10.0,"Phường An Hòa, Quận Ninh Kiều, Cần Thơ",Cần Thơ,Quận Ninh Kiều,Giấy tờ hợp lệ,Tây Bắc,4.0
1861,Nhà mặt tiền,3.09,63.9,m²,3.0,2.0,2.0,16.0,"Phường An Hòa, Quận Ninh Kiều, Cần Thơ",Cần Thơ,Quận Ninh Kiều,Giấy tờ hợp lệ,Đông Nam,4.0
1862,Nhà mặt tiền,5.9,85.0,m²,4.0,,2.0,17.0,"Phường Hưng Thạnh, Quận Cái Răng, Cần Thơ",Cần Thơ,Quận Cái Răng,Giấy tờ hợp lệ,Đông Nam,5.0
1863,Nhà hẻm ngõ,0.87,31.0,m²,2.0,2.0,1.0,7.0,"Phường Bình Thủy, Quận Bình Thuỷ, Cần Thơ",Cần Thơ,Quận Bình Thuỷ,Giấy tờ hợp lệ,Tây Nam,4.3
1864,Nhà mặt tiền,8.29,50.8,m²,4.0,4.0,3.0,15.6,"Phường An Cư, Quận Ninh Kiều, Cần Thơ",Cần Thơ,Quận Ninh Kiều,Giấy tờ hợp lệ,,3.3
1865,Nhà mặt tiền,3.25,74.0,m²,3.0,3.0,,16.0,"Phường An Khánh, Quận Ninh Kiều, Cần Thơ",Cần Thơ,Quận Ninh Kiều,Giấy tờ hợp lệ,,4.5
1866,Nhà mặt tiền,7.39,104.0,m²,3.0,3.0,2.0,24.0,"Phường An Bình, Quận Ninh Kiều, Cần Thơ",Cần Thơ,Quận Ninh Kiều,Giấy tờ hợp lệ,Đông Nam,4.5
1867,Nhà hẻm ngõ,2.65,81.6,m²,2.0,2.0,,17.0,"Phường Hưng Lợi, Quận Ninh Kiều, Cần Thơ",Cần Thơ,Quận Ninh Kiều,Giấy tờ hợp lệ,Đông Bắc,4.8
1868,Nhà hẻm ngõ,4.35,137.0,m²,7.0,7.0,2.0,27.5,"Phường An Khánh, Quận Ninh Kiều, Cần Thơ",Cần Thơ,Quận Ninh Kiều,Giấy tờ hợp lệ,Tây Nam,5.0
1869,Nhà mặt tiền,6.2,65.4,m²,3.0,4.0,3.0,16.4,"Phường Tân An, Quận Ninh Kiều, Cần Thơ",Cần Thơ,Quận Ninh Kiều,Giấy tờ hợp lệ,Tây Nam,4.0
1870,Nhà mặt tiền,3.19,42.5,m²,4.0,3.0,,8.5,"Phường An Khánh, Quận Ninh Kiều, Cần Thơ",Cần Thơ,Quận Ninh Kiều,Giấy tờ hợp lệ,,5.0
1871,Nhà mặt tiền,3.65,67.0,m²,3.0,2.0,,16.0,"Phường An Khánh, Quận Ninh Kiều, Cần Thơ",Cần Thơ,Quận Ninh Kiều,Giấy tờ hợp lệ,,4.3
1872,Nhà hẻm ngõ,2.09,42.0,m²,3.0,2.0,2.0,6.8,"Phường Hưng Lợi, Quận Ninh Kiều, Cần Thơ",Cần Thơ,Quận Ninh Kiều,Giấy tờ hợp lệ,Đông Nam,6.3
1873,Nhà mặt tiền,2.95,89.3,m²,3.0,3.0,2.0,17.9,"Phường Long Hòa, Quận Bình Thuỷ, Cần Thơ",Cần Thơ,Quận Bình Thuỷ,Giấy tờ hợp lệ,Đông Nam,5.0
1874,Nhà hẻm ngõ,2.99,68.0,m²,4.0,2.0,2.0,17.0,"Phường An Bình, Quận Ninh Kiều, Cần Thơ",Cần Thơ,Quận Ninh Kiều,Giấy tờ hợp lệ,,4.0
1875,Nhà mặt tiền,3.75,56.0,m²,3.0,3.0,3.0,14.0,"Phường Long Tuyền, Quận Bình Thuỷ, Cần Thơ",Cần Thơ,Quận Bình Thuỷ,Giấy tờ hợp lệ,Tây Bắc,4.0
1876,Biệt thự,27.0,150.0,m²,11.0,7.0,5.0,20.0,"Phường An Bình, Quận Ninh Kiều, Cần Thơ",Cần Thơ,Quận Ninh Kiều,Giấy tờ hợp lệ,Tây Bắc,7.5
1877,Nhà mặt tiền,3.75,56.0,m²,3.0,3.0,1.0,14.0,"Phường Long Tuyền, Quận Bình Thuỷ, Cần Thơ",Cần Thơ,Quận Bình Thuỷ,Giấy tờ hợp lệ,Tây Bắc,4.0
1878,Nhà mặt tiền,2.55,40.0,m²,3.0,2.0,2.0,10.0,"Phường An Bình, Quận Ninh Kiều, Cần Thơ",Cần Thơ,Quận Ninh Kiều,Giấy tờ hợp lệ,Đông Nam,4.0
1879,Nhà mặt tiền,2.9,80.0,m²,2.0,2.0,2.0,16.0,"Phường Hưng Thạnh, Quận Cái Răng, Cần Thơ",Cần Thơ,Quận Cái Răng,Giấy tờ hợp lệ,Đông Bắc,5.0
1880,Nhà hẻm ngõ,3.09,41.0,m²,2.0,2.0,2.0,9.6,"Phường Hưng Lợi, Quận Ninh Kiều, Cần Thơ",Cần Thơ,Quận Ninh Kiều,Giấy tờ hợp lệ,,4.2
1881,Nhà hẻm ngõ,2.95,89.3,m²,3.0,3.0,2.0,17.9,"Phường Long Tuyền, Quận Bình Thuỷ, Cần Thơ",Cần Thơ,Quận Bình Thuỷ,Giấy tờ hợp lệ,Đông Nam,5.0
1882,Nhà hẻm ngõ,1.19,40.0,m²,2.0,2.0,1.0,9.6,"Phường Cái Khế, Quận Ninh Kiều, Cần Thơ",Cần Thơ,Quận Ninh Kiều,Giấy tờ hợp lệ,Tây Bắc,4.3
1883,Nhà mặt tiền,4.1,67.0,m²,2.0,2.0,,15.0,"Phường Hưng Phú, Quận Cái Răng, Cần Thơ",Cần Thơ,Quận Cái Răng,Giấy tờ hợp lệ,Đông Nam,4.5
1884,Nhà mặt tiền,7.39,104.0,m²,4.0,3.0,2.0,24.0,"Phường An Bình, Quận Ninh Kiều, Cần Thơ",Cần Thơ,Quận Ninh Kiều,Giấy tờ hợp lệ,Đông Nam,4.5
1885,Nhà mặt tiền,2.9,80.0,m²,2.0,2.0,1.0,16.0,"Phường Hưng Thạnh, Quận Cái Răng, Cần Thơ",Cần Thơ,Quận Cái Răng,Giấy tờ hợp lệ,Đông Bắc,5.0
1886,Nhà mặt tiền,4.5,80.0,m²,3.0,3.0,2.0,14.0,"Phường Hưng Thạnh, Quận Cái Răng, Cần Thơ",Cần Thơ,Quận Cái Răng,Giấy tờ hợp lệ,Đông Nam,5.7
1887,Nhà hẻm ngõ,1.77,38.0,m²,3.0,2.0,1.0,10.0,"Phường An Hòa, Quận Ninh Kiều, Cần Thơ",Cần Thơ,Quận Ninh Kiều,Giấy tờ hợp lệ,Đông Nam,3.8
1888,Nhà mặt tiền,2.95,89.3,m²,3.0,3.0,2.0,17.9,"Phường Long Hòa, Quận Bình Thuỷ, Cần Thơ",Cần Thơ,Quận Bình Thuỷ,Giấy tờ hợp lệ,Đông Nam,5.0
1889,Nhà hẻm ngõ,3.45,50.0,m²,3.0,3.0,2.0,10.0,"Phường Hưng Lợi, Quận Ninh Kiều, Cần Thơ",Cần Thơ,Quận Ninh Kiều,Giấy tờ hợp lệ,,5.0
1890,Nhà mặt tiền,4.3,80.0,m²,2.0,2.0,,16.0,"Phường Hưng Thạnh, Quận Cái Răng, Cần Thơ",Cần Thơ,Quận Cái Răng,Giấy tờ hợp lệ,,5.0
1891,Nhà mặt tiền,8.8,90.0,m²,4.0,4.0,2.0,20.0,"Phường An Bình, Quận Ninh Kiều, Cần Thơ",Cần Thơ,Quận Ninh Kiều,Giấy tờ hợp lệ,Tây Bắc,4.5
1892,Nhà mặt tiền,2.95,89.3,m²,3.0,3.0,2.0,17.9,"Phường Long Tuyền, Quận Bình Thuỷ, Cần Thơ",Cần Thơ,Quận Bình Thuỷ,Giấy tờ hợp lệ,Đông Nam,5.0
1893,Nhà hẻm ngõ,3.49,60.0,m²,3.0,3.0,2.0,15.0,"Phường An Khánh, Quận Ninh Kiều, Cần Thơ",Cần Thơ,Quận Ninh Kiều,Giấy tờ hợp lệ,Đông Bắc,4.0
1894,Nhà hẻm ngõ,3.9,120.7,m²,3.0,3.0,1.0,22.4,"Phường An Cư, Quận Ninh Kiều, Cần Thơ",Cần Thơ,Quận Ninh Kiều,Giấy tờ hợp lệ,Tây Bắc,5.4
1895,Nhà hẻm ngõ,1.69,51.5,m²,2.0,1.0,1.0,12.8,"Phường An Khánh, Quận Ninh Kiều, Cần Thơ",Cần Thơ,Quận Ninh Kiều,Giấy tờ hợp lệ,Đông Bắc,4.0
1896,Nhà mặt tiền,3.75,56.0,m²,3.0,3.0,2.0,14.0,"Phường Long Hòa, Quận Bình Thuỷ, Cần Thơ",Cần Thơ,Quận Bình Thuỷ,Giấy tờ hợp lệ,Tây Bắc,4.0
1897,Nhà hẻm ngõ,3.33,47.5,m²,3.0,3.0,2.0,9.5,"Phường An Thới, Quận Bình Thuỷ, Cần Thơ",Cần Thơ,Quận Bình Thuỷ,Giấy tờ hợp lệ,Tây Bắc,5.0
1898,Nhà hẻm ngõ,1.35,103.0,m²,3.0,2.0,1.0,20.0,"Phường Long Hòa, Quận Bình Thuỷ, Cần Thơ",Cần Thơ,Quận Bình Thuỷ,Giấy tờ hợp lệ,Bắc,5.0
1899,Nhà hẻm ngõ,3.89,50.0,m²,3.0,3.0,2.0,10.0,"Phường Hưng Lợi, Quận Ninh Kiều, Cần Thơ",Cần Thơ,Quận Ninh Kiều,Giấy tờ hợp lệ,Tây Nam,5.0
1900,Nhà mặt tiền,2.37,42.0,m²,2.0,2.0,2.0,6.0,"Phường An Thới, Quận Bình Thuỷ, Cần Thơ",Cần Thơ,Quận Bình Thuỷ,Giấy tờ hợp lệ,Đông Nam,7.0
1901,Nhà hẻm ngõ,3.89,41.8,m²,3.0,4.0,4.0,7.2,"Phường An Khánh, Quận Ninh Kiều, Cần Thơ",Cần Thơ,Quận Ninh Kiều,Giấy tờ hợp lệ,Đông Bắc,6.0
1902,Nhà hẻm ngõ,2.85,38.2,m²,3.0,3.0,2.0,12.9,"Phường An Nghiệp, Quận Ninh Kiều, Cần Thơ",Cần Thơ,Quận Ninh Kiều,Giấy tờ hợp lệ,Tây Nam,3.0
1903,Nhà hẻm ngõ,2.65,40.0,m²,2.0,2.0,2.0,10.0,"Phường An Hòa, Quận Ninh Kiều, Cần Thơ",Cần Thơ,Quận Ninh Kiều,Giấy tờ hợp lệ,Tây Nam,4.0
1904,Nhà hẻm ngõ,3.85,82.8,m²,5.0,3.0,1.0,18.4,"Phường Tân An, Quận Ninh Kiều, Cần Thơ",Cần Thơ,Quận Ninh Kiều,Giấy tờ hợp lệ,Đông Bắc,4.5
1905,Nhà hẻm ngõ,3.09,63.9,m²,3.0,3.0,2.0,16.0,"Phường An Hòa, Quận Ninh Kiều, Cần Thơ",Cần Thơ,Quận Ninh Kiều,Giấy tờ hợp lệ,Đông Nam,4.0
1906,Nhà mặt tiền,3.29,40.0,m²,3.0,3.0,2.0,4.0,"Phường An Thới, Quận Bình Thuỷ, Cần Thơ",Cần Thơ,Quận Bình Thuỷ,Giấy tờ hợp lệ,,10.0
1907,Nhà mặt tiền,4.99,48.0,m²,4.0,5.0,4.0,12.0,"Phường An Phú, Quận Ninh Kiều, Cần Thơ",Cần Thơ,Quận Ninh Kiều,Giấy tờ hợp lệ,Đông Bắc,4.0
1908,Nhà mặt tiền,4.99,46.0,m²,4.0,3.0,3.0,11.6,"Phường Xuân Khánh, Quận Ninh Kiều, Cần Thơ",Cần Thơ,Quận Ninh Kiều,Giấy tờ hợp lệ,Đông Bắc,4.0
1909,Nhà mặt tiền,3.39,88.7,m²,3.0,3.0,1.0,18.0,"Phường Thường Thạnh, Quận Cái Răng, Cần Thơ",Cần Thơ,Quận Cái Răng,Giấy tờ hợp lệ,Đông Bắc,5.0
1910,Nhà mặt tiền,3.49,60.0,m²,3.0,2.0,1.0,15.0,"Phường An Khánh, Quận Ninh Kiều, Cần Thơ",Cần Thơ,Quận Ninh Kiều,Giấy tờ hợp lệ,,4.0
1911,Nhà hẻm ngõ,19.5,210.0,m²,8.0,7.0,2.0,20.0,"Phường Tân An, Quận Ninh Kiều, Cần Thơ",Cần Thơ,Quận Ninh Kiều,Giấy tờ hợp lệ,Đông Nam,10.5
1912,Nhà mặt tiền,3.75,56.0,m²,3.0,3.0,,14.0,"Phường Long Tuyền, Quận Bình Thuỷ, Cần Thơ",Cần Thơ,Quận Bình Thuỷ,Giấy tờ hợp lệ,Tây Bắc,4.0
1913,Nhà mặt tiền,3.75,56.0,m²,3.0,3.0,1.0,14.0,"Phường Long Hòa, Quận Bình Thuỷ, Cần Thơ",Cần Thơ,Quận Bình Thuỷ,Giấy tờ hợp lệ,Tây Bắc,4.0
1914,Nhà mặt tiền,2.2,70.0,m²,2.0,2.0,,10.6,"Phường Long Tuyền, Quận Bình Thuỷ, Cần Thơ",Cần Thơ,Quận Bình Thuỷ,Giấy tờ hợp lệ,Tây Bắc,4.5
1915,Nhà hẻm ngõ,1.4,75.0,m²,2.0,1.0,1.0,16.8,"Phường Thường Thạnh, Quận Cái Răng, Cần Thơ",Cần Thơ,Quận Cái Răng,Giấy tờ hợp lệ,Tây Bắc,4.5
1916,Nhà hẻm ngõ,1.4,75.0,m²,2.0,2.0,,15.0,"Phường Hưng Thạnh, Quận Cái Răng, Cần Thơ",Cần Thơ,Quận Cái Răng,Giấy tờ hợp lệ,,5.0
1917,Mặt tiền,2.65,40.0,m²,2.0,2.0,2.0,10.0,"Phường An Hòa, Quận Ninh Kiều, Cần Thơ",Cần Thơ,Quận Ninh Kiều,Giấy tờ hợp lệ,Tây Bắc,4.0
1918,Mặt tiền,5.2,86.0,m²,2.0,2.0,,7.0,"Phường Cái Khế, Quận Ninh Kiều, Cần Thơ",Cần Thơ,Quận Ninh Kiều,Giấy tờ hợp lệ,Tây Nam,13.0
1919,Nhà hẻm ngõ,2.09,27.1,m²,2.0,2.0,3.0,8.0,"Phường Tân An, Quận Ninh Kiều, Cần Thơ",Cần Thơ,Quận Ninh Kiều,Giấy tờ hợp lệ,Đông,3.4
1920,Nhà hẻm ngõ,1.35,100.0,m²,2.0,1.0,,20.0,"Phường Long Tuyền, Quận Bình Thuỷ, Cần Thơ",Cần Thơ,Quận Bình Thuỷ,Giấy tờ hợp lệ,Tây Bắc,5.0
1921,Mặt tiền,4.0,99.0,m²,4.0,3.0,3.0,22.0,"Phường Long Hòa, Quận Bình Thuỷ, Cần Thơ",Cần Thơ,Quận Bình Thuỷ,Giấy tờ hợp lệ,Tây Bắc,4.5
1922,Nhà hẻm ngõ,5.7,70.0,m²,3.0,4.0,2.0,16.0,"Phường Hưng Phú, Quận Cái Răng, Cần Thơ",Cần Thơ,Quận Cái Răng,Giấy tờ hợp lệ,Tây Bắc,4.5
1923,Nhà hẻm ngõ,2.2,60.0,m²,1.0,1.0,1.0,15.0,"Phường An Khánh, Quận Ninh Kiều, Cần Thơ",Cần Thơ,Quận Ninh Kiều,Giấy tờ hợp lệ,Tây Nam,4.0
1924,Mặt tiền,5.89,80.0,m²,4.0,5.0,3.0,16.0,"Phường Hưng Thạnh, Quận Cái Răng, Cần Thơ",Cần Thơ,Quận Cái Răng,Giấy tờ hợp lệ,Đông Bắc,5.0
1925,Nhà hẻm ngõ,2.65,41.5,m²,2.0,2.0,2.0,10.4,"Phường Hưng Lợi, Quận Ninh Kiều, Cần Thơ",Cần Thơ,Quận Ninh Kiều,Giấy tờ hợp lệ,Đông Bắc,4.3
1926,Biệt thự,19.5,210.0,m²,5.0,4.0,3.0,20.0,"Phường Hưng Phú, Quận Cái Răng, Cần Thơ",Cần Thơ,Quận Cái Răng,Giấy tờ hợp lệ,Đông Nam,10.5
1927,Nhà mặt tiền,2.15,100.0,m²,2.0,2.0,,20.0,"Phường Long Hòa, Quận Bình Thuỷ, Cần Thơ",Cần Thơ,Quận Bình Thuỷ,Giấy tờ hợp lệ,Tây Bắc,5.0
1928,Nhà mặt tiền,13.9,62.0,m²,2.0,2.0,2.0,11.5,"Phường Xuân Khánh, Quận Ninh Kiều, Cần Thơ",Cần Thơ,Quận Ninh Kiều,Giấy tờ hợp lệ,Đông Bắc,5.4
1929,Nhà hẻm ngõ,3.49,51.4,m²,4.0,4.0,2.0,11.8,"Phường An Khánh, Quận Ninh Kiều, Cần Thơ",Cần Thơ,Quận Ninh Kiều,Giấy tờ hợp lệ,Đông Nam,4.4
1930,Nhà mặt tiền,5.8,88.8,m²,4.0,4.0,,17.8,"Phường Hưng Thạnh, Quận Cái Răng, Cần Thơ",Cần Thơ,Quận Cái Răng,Giấy tờ hợp lệ,Tây Nam,5.0
1931,Mặt tiền,3.25,54.0,m²,3.0,2.0,2.0,12.0,"Phường Long Tuyền, Quận Bình Thuỷ, Cần Thơ",Cần Thơ,Quận Bình Thuỷ,Giấy tờ hợp lệ,Tây Nam,4.5
1932,Mặt tiền,0.8,40.0,m²,2.0,2.0,2.0,10.0,"Phường Long Hòa, Quận Bình Thuỷ, Cần Thơ",Cần Thơ,Quận Bình Thuỷ,Giấy tờ hợp lệ,Tây Nam,4.0
1933,Mặt tiền,2.2,80.0,m²,3.0,2.0,2.0,16.0,"Phường An Thới, Quận Bình Thuỷ, Cần Thơ",Cần Thơ,Quận Bình Thuỷ,Giấy tờ hợp lệ,Đông Nam,5.0
1934,Nhà mặt tiền,4.5,81.0,m²,4.0,2.0,2.0,18.0,"Phường Hưng Phú, Quận Cái Răng, Cần Thơ",Cần Thơ,Quận Cái Răng,Giấy tờ hợp lệ,,4.5
1935,Nhà hẻm ngõ,2.7,64.0,m²,2.0,,,16.0,"Phường Hưng Lợi, Quận Ninh Kiều, Cần Thơ",Cần Thơ,Quận Ninh Kiều,Giấy tờ hợp lệ,,4.0
1936,Nhà hẻm ngõ,3.09,43.8,m²,2.0,2.0,2.0,11.0,"Phường Hưng Lợi, Quận Ninh Kiều, Cần Thơ",Cần Thơ,Quận Ninh Kiều,Giấy tờ hợp lệ,Tây Bắc,4.0
1937,Nhà hẻm ngõ,2.4,41.5,m²,2.0,2.0,2.0,9.5,"Phường Hưng Lợi, Quận Ninh Kiều, Cần Thơ",Cần Thơ,Quận Ninh Kiều,Giấy tờ hợp lệ,Tây Bắc,4.4
1938,Nhà hẻm ngõ,2.65,40.0,m²,2.0,2.0,2.0,10.0,"Phường An Hòa, Quận Ninh Kiều, Cần Thơ",Cần Thơ,Quận Ninh Kiều,Giấy tờ hợp lệ,Tây Bắc,4.0
1939,Nhà hẻm ngõ,2.35,60.0,m²,2.0,2.0,2.0,15.0,"Phường Hưng Lợi, Quận Ninh Kiều, Cần Thơ",Cần Thơ,Quận Ninh Kiều,Giấy tờ hợp lệ,Đông Nam,4.0
1940,Nhà mặt tiền,3.19,126.3,m²,4.0,4.0,,8.5,"Phường An Khánh, Quận Ninh Kiều, Cần Thơ",Cần Thơ,Quận Ninh Kiều,Giấy tờ hợp lệ,,5.0
1941,Mặt tiền,6.3,100.0,m²,2.0,3.0,,20.0,"Phường Hưng Thạnh, Quận Cái Răng, Cần Thơ",Cần Thơ,Quận Cái Răng,Đang chờ sổ,Tây Nam,5.0
1942,Nhà hẻm ngõ,2.65,40.0,m²,2.0,2.0,,10.0,"Phường An Hòa, Quận Ninh Kiều, Cần Thơ",Cần Thơ,Quận Ninh Kiều,Giấy tờ hợp lệ,Tây Bắc,4.0
1943,Nhà mặt tiền,3.25,72.0,m²,3.0,2.0,,16.0,"Phường An Bình, Quận Ninh Kiều, Cần Thơ",Cần Thơ,Quận Ninh Kiều,Giấy tờ hợp lệ,,4.5
1944,Nhà mặt tiền,3.65,67.0,m²,3.0,2.0,,16.0,"Phường An Khánh, Quận Ninh Kiều, Cần Thơ",Cần Thơ,Quận Ninh Kiều,Giấy tờ hợp lệ,,4.3
1945,Nhà mặt tiền,6.2,80.0,m²,5.0,5.0,3.0,20.0,"Phường An Nghiệp, Quận Ninh Kiều, Cần Thơ",Cần Thơ,Quận Ninh Kiều,Giấy tờ hợp lệ,Đông Nam,4.0
1946,Nhà hẻm ngõ,3.5,176.4,m²,4.0,2.0,1.0,19.0,"Phường Bùi Hữu Nghĩa, Quận Bình Thuỷ, Cần Thơ",Cần Thơ,Quận Bình Thuỷ,Giấy tờ hợp lệ,,9.0
1947,Nhà mặt tiền,2.6,80.0,m²,3.0,,,20.0,"Phường Phú Thứ, Quận Cái Răng, Cần Thơ",Cần Thơ,Quận Cái Răng,Giấy tờ hợp lệ,,4.0
1948,Nhà hẻm ngõ,2.39,41.8,m²,2.0,2.0,,8.4,"Phường An Hòa, Quận Ninh Kiều, Cần Thơ",Cần Thơ,Quận Ninh Kiều,Giấy tờ hợp lệ,,5.0
1949,Mặt tiền,2.15,45.0,m²,2.0,3.0,2.0,10.0,"Phường Trà An, Quận Bình Thuỷ, Cần Thơ",Cần Thơ,Quận Bình Thuỷ,Giấy tờ hợp lệ,Đông Nam,4.5
1950,Mặt tiền,4.5,79.0,m²,4.0,,1.0,14.0,"Phường Hưng Phú, Quận Cái Răng, Cần Thơ",Cần Thơ,Quận Cái Răng,Giấy tờ hợp lệ,Đông Bắc,5.7
1951,Nhà hẻm ngõ,1.19,40.9,m²,2.0,2.0,,9.5,"Phường Cái Khế, Quận Ninh Kiều, Cần Thơ",Cần Thơ,Quận Ninh Kiều,Giấy tờ hợp lệ,,4.3
1952,Mặt tiền,5.29,100.0,m²,5.0,,,20.0,"Phường Phú Thứ, Quận Cái Răng, Cần Thơ",Cần Thơ,Quận Cái Răng,Giấy tờ hợp lệ,Tây Bắc,5.0
1953,Nhà hẻm ngõ,1.1,40.0,m²,1.0,1.0,,5.0,"Phường An Thới, Quận Bình Thuỷ, Cần Thơ",Cần Thơ,Quận Bình Thuỷ,Giấy tờ hợp lệ,,8.0
1954,Nhà hẻm ngõ,2.65,44.0,m²,2.0,2.0,2.0,11.0,"Phường Cái Khế, Quận Ninh Kiều, Cần Thơ",Cần Thơ,Quận Ninh Kiều,Giấy tờ hợp lệ,Tây Bắc,4.0
1955,Mặt tiền,17.0,131.0,m²,5.0,5.0,3.0,4.5,"Phường An Khánh, Quận Ninh Kiều, Cần Thơ",Cần Thơ,Quận Ninh Kiều,Giấy tờ hợp lệ,Tây Nam,29.3
1956,Nhà hẻm ngõ,2.29,40.0,m²,2.0,,1.0,10.0,"Phường An Hòa, Quận Ninh Kiều, Cần Thơ",Cần Thơ,Quận Ninh Kiều,Giấy tờ hợp lệ,,4.0
1957,Nhà hẻm ngõ,2.29,40.0,m²,2.0,2.0,11.0,10.0,"Phường An Hòa, Quận Ninh Kiều, Cần Thơ",Cần Thơ,Quận Ninh Kiều,Giấy tờ hợp lệ,Tây Bắc,4.0
1958,Mặt tiền,1.37,56.0,m²,2.0,1.0,,12.5,"Phường Long Tuyền, Quận Bình Thuỷ, Cần Thơ",Cần Thơ,Quận Bình Thuỷ,Giấy tờ hợp lệ,,4.5
1959,Mặt tiền,7.5,78.7,m²,8.0,6.0,3.0,18.5,"Phường An Khánh, Quận Ninh Kiều, Cần Thơ",Cần Thơ,Quận Ninh Kiều,Giấy tờ hợp lệ,Đông Bắc,4.5
1960,Nhà hẻm ngõ,6.0,197.0,m²,2.0,2.0,1.0,25.0,"Phường Hưng Lợi, Quận Ninh Kiều, Cần Thơ",Cần Thơ,Quận Ninh Kiều,Giấy tờ hợp lệ,Đông Bắc,7.8
1961,Mặt tiền,4.2,87.0,m²,4.0,2.0,2.0,20.0,"Phường Lê Bình, Quận Cái Răng, Cần Thơ",Cần Thơ,Quận Cái Răng,Giấy tờ hợp lệ,Đông Bắc,4.3
1962,Nhà hẻm ngõ,2.29,40.0,m²,2.0,2.0,2.0,10.0,"Phường Xuân Khánh, Quận Ninh Kiều, Cần Thơ",Cần Thơ,Quận Ninh Kiều,Giấy tờ hợp lệ,Tây Bắc,4.0
1963,Nhà mặt tiền,27.0,380.0,m²,11.0,,5.0,20.0,"Phường Lê Bình, Quận Cái Răng, Cần Thơ",Cần Thơ,Quận Cái Răng,Giấy tờ hợp lệ,Tây Bắc,19.0
1964,Mặt tiền,4.2,120.0,m²,4.0,,2.0,24.0,"Phường Phú Thứ, Quận Cái Răng, Cần Thơ",Cần Thơ,Quận Cái Răng,Giấy tờ hợp lệ,Đông Nam,5.0
1965,Nhà hẻm ngõ,2.68,43.0,m²,3.0,2.0,2.0,8.6,"Phường An Khánh, Quận Ninh Kiều, Cần Thơ",Cần Thơ,Quận Ninh Kiều,Giấy tờ hợp lệ,Đông Bắc,5.0
1966,Nhà hẻm ngõ,3.29,88.0,m²,3.0,3.0,2.0,18.0,"Phường Lê Bình, Quận Cái Răng, Cần Thơ",Cần Thơ,Quận Cái Răng,Giấy tờ hợp lệ,Đông Bắc,4.5
1967,Nhà mặt tiền,14.0,75.0,m²,2.0,,,15.0,"Phường Xuân Khánh, Quận Ninh Kiều, Cần Thơ",Cần Thơ,Quận Ninh Kiều,Giấy tờ hợp lệ,,5.0
1968,Mặt tiền,15.0,158.0,m²,1.0,1.0,,35.0,"Phường Hưng Lợi, Quận Ninh Kiều, Cần Thơ",Cần Thơ,Quận Ninh Kiều,Giấy tờ hợp lệ,Đông,5.9
1969,Mặt tiền,3.65,67.0,m²,3.0,2.0,,16.0,"Phường An Khánh, Quận Ninh Kiều, Cần Thơ",Cần Thơ,Quận Ninh Kiều,Giấy tờ hợp lệ,,4.3
1970,Nhà hẻm ngõ,1.59,69.0,m²,3.0,2.0,2.0,13.5,"Phường Bình Thủy, Quận Bình Thuỷ, Cần Thơ",Cần Thơ,Quận Bình Thuỷ,Giấy tờ hợp lệ,Tây,5.0
1971,Nhà mặt tiền,3.19,42.5,m²,4.0,3.0,2.0,8.5,"Phường An Khánh, Quận Ninh Kiều, Cần Thơ",Cần Thơ,Quận Ninh Kiều,Giấy tờ hợp lệ,Tây Nam,5.0
1972,Nhà mặt tiền,6.6,90.0,m²,4.0,4.0,4.0,15.0,"Phường Hưng Thạnh, Quận Cái Răng, Cần Thơ",Cần Thơ,Quận Cái Răng,Giấy tờ hợp lệ,Tây Nam,6.0
1973,Nhà hẻm ngõ,2.95,43.0,m²,3.0,2.0,2.0,5.9,"Phường An Hòa, Quận Ninh Kiều, Cần Thơ",Cần Thơ,Quận Ninh Kiều,Giấy tờ hợp lệ,Tây Bắc,7.6
1974,Nhà mặt tiền,3.75,65.0,m²,3.0,3.0,1.0,13.0,"Phường Hưng Thạnh, Quận Cái Răng, Cần Thơ",Cần Thơ,Quận Cái Răng,Giấy tờ hợp lệ,Tây Nam,5.0
1975,Mặt tiền,6.5,500.0,m²,,,,50.0,"Đường Trương Vĩnh Nguyên, Phường Phú Thứ, Quận Cái Răng, Cần Thơ",Cần Thơ,Quận Cái Răng,Sổ hồng,,10.0
1976,Nhà hẻm ngõ,2.69,44.2,m²,3.0,2.0,1.0,6.0,"Phường An Hòa, Quận Ninh Kiều, Cần Thơ",Cần Thơ,Quận Ninh Kiều,Giấy tờ hợp lệ,Đông Bắc,13.0
1977,Nhà hẻm ngõ,3.09,48.2,m²,3.0,2.0,1.0,10.4,"Phường Hưng Lợi, Quận Ninh Kiều, Cần Thơ",Cần Thơ,Quận Ninh Kiều,Giấy tờ hợp lệ,Đông Nam,4.6
1978,Nhà hẻm ngõ,3.79,68.0,m²,3.0,2.0,2.0,4.0,"Phường Thới Bình, Quận Ninh Kiều, Cần Thơ",Cần Thơ,Quận Ninh Kiều,Giấy tờ hợp lệ,Đông Bắc,16.0
1979,Nhà hẻm ngõ,1.55,85.0,m²,2.0,,,17.0,"Phường Thường Thạnh, Quận Cái Răng, Cần Thơ",Cần Thơ,Quận Cái Răng,Giấy tờ hợp lệ,,5.0
1980,Nhà hẻm ngõ,3.09,64.0,m²,3.0,2.0,2.0,16.0,"Phường An Hòa, Quận Ninh Kiều, Cần Thơ",Cần Thơ,Quận Ninh Kiều,Giấy tờ hợp lệ,Đông Nam,4.0
1981,Nhà hẻm ngõ,2.2,40.0,m²,2.0,2.0,2.0,8.0,"Phường Hưng Lợi, Quận Ninh Kiều, Cần Thơ",Cần Thơ,Quận Ninh Kiều,Giấy tờ hợp lệ,,5.0
1982,Nhà hẻm ngõ,4.35,103.5,m²,5.0,5.0,,18.0,"Phường An Khánh, Quận Ninh Kiều, Cần Thơ",Cần Thơ,Quận Ninh Kiều,Giấy tờ hợp lệ,Tây Nam,5.5
1983,Mặt tiền,5.8,88.0,m²,4.0,4.0,2.0,17.8,"Phường Hưng Thạnh, Quận Cái Răng, Cần Thơ",Cần Thơ,Quận Cái Răng,Giấy tờ hợp lệ,Tây Nam,5.0
1984,Nhà hẻm ngõ,3.79,67.9,m²,3.0,2.0,2.0,4.0,"Phường Thới Bình, Quận Ninh Kiều, Cần Thơ",Cần Thơ,Quận Ninh Kiều,Giấy tờ hợp lệ,Tây Nam,16.0
1985,Nhà hẻm ngõ,4.35,103.5,m²,5.0,5.0,,18.0,"Phường An Khánh, Quận Ninh Kiều, Cần Thơ",Cần Thơ,Quận Ninh Kiều,Giấy tờ hợp lệ,,5.5
1986,Mặt tiền,5.8,88.8,m²,4.0,4.0,2.0,17.8,"Phường Hưng Thạnh, Quận Cái Răng, Cần Thơ",Cần Thơ,Quận Cái Răng,Giấy tờ hợp lệ,Tây Nam,5.0
1987,Mặt tiền,5.09,56.0,m²,3.0,3.0,3.0,9.8,"Phường Xuân Khánh, Quận Ninh Kiều, Cần Thơ",Cần Thơ,Quận Ninh Kiều,Giấy tờ hợp lệ,Tây Nam,5.5
1988,Nhà hẻm ngõ,2.35,68.0,m²,3.0,2.0,2.0,16.0,"Phường Long Tuyền, Quận Bình Thuỷ, Cần Thơ",Cần Thơ,Quận Bình Thuỷ,Giấy tờ hợp lệ,Đông,4.3
1989,Mặt tiền,11.0,78.0,m²,4.0,3.0,2.0,18.5,"Phường An Hòa, Quận Ninh Kiều, Cần Thơ",Cần Thơ,Quận Ninh Kiều,Giấy tờ hợp lệ,Đông Nam,4.0
1990,Mặt tiền,4.95,50.0,m²,3.0,3.0,2.0,10.0,"Phường Hưng Lợi, Quận Ninh Kiều, Cần Thơ",Cần Thơ,Quận Ninh Kiều,Giấy tờ hợp lệ,Tây Nam,5.0
1991,Mặt tiền,4.0,99.3,m²,2.0,1.0,1.0,20.0,"Phường An Thới, Quận Bình Thuỷ, Cần Thơ",Cần Thơ,Quận Bình Thuỷ,Giấy tờ hợp lệ,Tây Nam,4.0
1992,Mặt tiền,1.45,19.6,m²,1.0,1.0,1.0,3.5,"Phường Cái Khế, Quận Ninh Kiều, Cần Thơ",Cần Thơ,Quận Ninh Kiều,Giấy tờ hợp lệ,Đông Bắc,5.6
1993,Mặt tiền,5.79,88.8,m²,4.0,4.0,2.0,17.8,"Phường Hưng Thạnh, Quận Cái Răng, Cần Thơ",Cần Thơ,Quận Cái Răng,Giấy tờ hợp lệ,Tây Nam,5.0
1994,Mặt tiền,5.79,88.8,m²,4.0,4.0,2.0,17.8,"Phường Hưng Thạnh, Quận Cái Răng, Cần Thơ",Cần Thơ,Quận Cái Răng,Giấy tờ hợp lệ,Tây Nam,5.0
1995,Nhà hẻm ngõ,2.49,40.0,m²,2.0,2.0,2.0,10.0,"Phường Lê Bình, Quận Cái Răng, Cần Thơ",Cần Thơ,Quận Cái Răng,Giấy tờ hợp lệ,Đông Bắc,4.0
1996,Mặt tiền,3.35,40.0,m²,2.0,2.0,2.0,10.0,"Phường An Khánh, Quận Ninh Kiều, Cần Thơ",Cần Thơ,Quận Ninh Kiều,Giấy tờ hợp lệ,Đông Bắc,4.0
1997,Nhà hẻm ngõ,1.25,15.0,m²,2.0,2.0,1.0,15.0,"Phường An Hòa, Quận Ninh Kiều, Cần Thơ",Cần Thơ,Quận Ninh Kiều,Giấy tờ hợp lệ,Tây Nam,3.0
1998,Mặt tiền,3.5,133.0,m²,2.0,1.0,1.0,15.0,"Phường Hưng Thạnh, Quận Cái Răng, Cần Thơ",Cần Thơ,Quận Cái Răng,Giấy tờ hợp lệ,Đông Bắc,8.0
1999,Nhà hẻm ngõ,3.09,41.0,m²,2.0,2.0,2.0,9.6,"Phường Hưng Lợi, Quận Ninh Kiều, Cần Thơ",Cần Thơ,Quận Ninh Kiều,Giấy tờ hợp lệ,Đông Bắc,4.2
2000,Nhà hẻm ngõ,2.49,43.0,m²,2.0,2.0,2.0,7.0,"Phường An Khánh, Quận Ninh Kiều, Cần Thơ",Cần Thơ,Quận Ninh Kiều,Giấy tờ hợp lệ,Đông Bắc,6.3
2001,Nhà hẻm ngõ,2.35,40.0,m²,2.0,2.0,1.0,9.7,"Phường An Thới, Quận Bình Thuỷ, Cần Thơ",Cần Thơ,Quận Bình Thuỷ,Giấy tờ hợp lệ,Tây,4.7
2002,Nhà hẻm ngõ,2.45,42.0,m²,2.0,2.0,1.0,8.5,"Phường Cái Khế, Quận Ninh Kiều, Cần Thơ",Cần Thơ,Quận Ninh Kiều,Giấy tờ hợp lệ,Tây Nam,5.0
2003,Mặt tiền,3.35,72.0,m²,3.0,2.0,2.0,16.0,"Phường Phú Thứ, Quận Cái Răng, Cần Thơ",Cần Thơ,Quận Cái Răng,Giấy tờ hợp lệ,Đông Bắc,4.5
2004,Mặt tiền,3.35,40.0,m²,2.0,2.0,1.0,10.0,"Phường Tân An, Quận Ninh Kiều, Cần Thơ",Cần Thơ,Quận Ninh Kiều,Giấy tờ hợp lệ,Đông Bắc,4.0
2005,Mặt tiền,3.15,90.0,m²,3.0,2.0,1.0,20.0,"Phường Phú Thứ, Quận Cái Răng, Cần Thơ",Cần Thơ,Quận Cái Răng,Giấy tờ hợp lệ,Đông Nam,4.5
2006,Nhà hẻm ngõ,2.65,51.4,m²,2.0,3.0,1.0,12.0,"Phường Hưng Lợi, Quận Ninh Kiều, Cần Thơ",Cần Thơ,Quận Ninh Kiều,Giấy tờ hợp lệ,Đông Bắc,4.5
2007,Nhà hẻm ngõ,2.49,42.0,m²,2.0,2.0,2.0,7.0,"Phường Long Tuyền, Quận Bình Thuỷ, Cần Thơ",Cần Thơ,Quận Bình Thuỷ,Giấy tờ hợp lệ,Tây Nam,6.2
2008,Nhà hẻm ngõ,1.75,43.0,m²,2.0,1.0,1.0,8.8,"Phường An Khánh, Quận Ninh Kiều, Cần Thơ",Cần Thơ,Quận Ninh Kiều,Giấy tờ hợp lệ,Đông Bắc,4.9
2009,Nhà mặt tiền,16.0,492.0,m²,4.0,2.0,,45.0,"15, Đường Hùng Vương, Xã Phước An, Huyện Nhơn Trạch, Đồng Nai",Đồng Nai,Huyện Nhơn Trạch,Sổ hồng,Bắc,11.0
2010,Nhà mặt tiền,0.95,200.0,m²,2.0,1.0,,40.0,"Đường ĐT761, Xã Ngọc Định, Huyện Định Quán, Đồng Nai",Đồng Nai,Huyện Định Quán,Sổ hồng,Đông Nam,5.0
2011,Nhà mặt tiền,8.5,157.0,m²,,,,,"Huyện Nhơn Trạch, Đồng Nai",Đồng Nai,Huyện Nhơn Trạch,Giấy tờ hợp lệ,,
2012,Nhà hẻm ngõ,0.4,100.0,m²,2.0,1.0,,20.0,"Phường Trảng Dài, TP. Biên Hoà, Đồng Nai",Đồng Nai,TP. Biên Hoà,Giấy tờ hợp lệ,,5.0
2013,Nhà hẻm ngõ,2.9,86.0,m²,2.0,1.0,1.0,21.0,"Phường Tân Phong, TP. Biên Hoà, Đồng Nai",Đồng Nai,TP. Biên Hoà,Giấy tờ hợp lệ,Tây Bắc,4.1
2014,Nhà mặt tiền,1.78,133.0,m²,3.0,2.0,2.0,26.0,"Xã Thạnh Phú, Huyện Vĩnh Cửu, Đồng Nai",Đồng Nai,Huyện Vĩnh Cửu,Giấy tờ hợp lệ,Đông Nam,5.0
2015,Nhà mặt tiền,6.9,600.0,m²,36.0,36.0,,60.0,"Đường Hùng Vương, Xã Sông Trầu, Huyện Trảng Bom, Đồng Nai",Đồng Nai,Huyện Trảng Bom,Sổ hồng,,10.0
2016,Nhà mặt tiền,12.0,891.0,m²,,,,,"Đường Hùng Vương, Xã Long Thọ, Huyện Nhơn Trạch, Đồng Nai",Đồng Nai,Huyện Nhơn Trạch,Sổ hồng,,
2017,Nhà mặt tiền,1.6,100.0,m²,3.0,2.0,1.0,20.0,"Xã Bình Lợi, Huyện Vĩnh Cửu, Đồng Nai",Đồng Nai,Huyện Vĩnh Cửu,Giấy tờ hợp lệ,,5.0
2018,Nhà mặt tiền,1.35,84.0,m²,2.0,,,20.0,"Xã Bình Hòa, Huyện Vĩnh Cửu, Đồng Nai",Đồng Nai,Huyện Vĩnh Cửu,Giấy tờ hợp lệ,,4.2
2019,Nhà hẻm ngõ,2.1,100.0,m²,3.0,2.0,1.0,20.0,"Xã Thạnh Phú, Huyện Vĩnh Cửu, Đồng Nai",Đồng Nai,Huyện Vĩnh Cửu,Giấy tờ hợp lệ,Bắc,5.0
2020,Nhà mặt tiền,1.75,100.0,m²,3.0,,,20.0,"Phường Tân Phong, TP. Biên Hoà, Đồng Nai",Đồng Nai,TP. Biên Hoà,Giấy tờ hợp lệ,,5.0
2021,Biệt thự,11.0,500.0,m²,5.0,5.0,2.0,80.0,"Phường Long Bình, TP. Biên Hoà, Đồng Nai",Đồng Nai,TP. Biên Hoà,Giấy tờ hợp lệ,Tây,7.3
2022,Nhà hẻm ngõ,0.67,45.0,m²,2.0,2.0,,9.0,"Phường Phước Tân, TP. Biên Hoà, Đồng Nai",Đồng Nai,TP. Biên Hoà,Hợp đồng mua bán,,5.0
2023,Nhà hẻm ngõ,3.79,90.0,m²,4.0,2.0,2.0,10.0,"Phường Trảng Dài, TP. Biên Hoà, Đồng Nai",Đồng Nai,TP. Biên Hoà,Giấy tờ hợp lệ,,9.0
2024,Nhà hẻm ngõ,2.15,95.0,m²,3.0,2.0,1.0,21.0,"Phường Bửu Long, TP. Biên Hoà, Đồng Nai",Đồng Nai,TP. Biên Hoà,Giấy tờ hợp lệ,,4.5
2025,Nhà mặt tiền,7.1,140.0,m²,5.0,5.0,4.0,20.0,"1234, Đường Lý Thái Tổ, Xã Đại Phước, Huyện Nhơn Trạch, Đồng Nai",Đồng Nai,Huyện Nhơn Trạch,Sổ hồng,,7.0
2026,Nhà hẻm ngõ,0.6,90.0,m²,3.0,2.0,1.0,18.0,"Phường Bửu Long, TP. Biên Hoà, Đồng Nai",Đồng Nai,TP. Biên Hoà,Giấy tờ hợp lệ,,5.0
2027,Nhà mặt tiền,1.55,100.0,m²,3.0,2.0,,20.0,"Phường Bửu Long, TP. Biên Hoà, Đồng Nai",Đồng Nai,TP. Biên Hoà,Giấy tờ hợp lệ,,5.0
2028,Nhà hẻm ngõ,0.5,85.0,m²,2.0,1.0,1.0,17.0,"Phường Bửu Long, TP. Biên Hoà, Đồng Nai",Đồng Nai,TP. Biên Hoà,Giấy tờ hợp lệ,,5.0
2029,Nhà hẻm ngõ,0.9,100.0,m²,3.0,1.0,1.0,20.0,"Xã An Phước, Huyện Long Thành, Đồng Nai",Đồng Nai,Huyện Long Thành,Hợp đồng mua bán,Đông,5.0
2030,Nhà hẻm ngõ,0.895,58.0,m²,3.0,1.0,1.0,14.5,"Phường Bửu Hòa, TP. Biên Hoà, Đồng Nai",Đồng Nai,TP. Biên Hoà,Hợp đồng mua bán,,4.0
2031,Nhà hẻm ngõ,2.65,80.0,m²,3.0,2.0,1.0,16.0,"Phường Tân Phong, TP. Biên Hoà, Đồng Nai",Đồng Nai,TP. Biên Hoà,Giấy tờ hợp lệ,Bắc,5.0
2032,Nhà hẻm ngõ,3.75,98.0,m²,3.0,2.0,2.0,19.3,"Phường Trảng Dài, TP. Biên Hoà, Đồng Nai",Đồng Nai,TP. Biên Hoà,Giấy tờ hợp lệ,,5.1
2033,Nhà hẻm ngõ,3.55,71.4,m²,3.0,2.0,2.0,17.0,"Phường Tân Hiệp, TP. Biên Hoà, Đồng Nai",Đồng Nai,TP. Biên Hoà,Giấy tờ hợp lệ,,4.2
2034,Nhà mặt tiền,2.55,80.0,m²,3.0,2.0,2.0,18.0,"Phường Phước Tân, TP. Biên Hoà, Đồng Nai",Đồng Nai,TP. Biên Hoà,Giấy tờ hợp lệ,,5.0
2035,Nhà hẻm ngõ,1.7,70.0,m²,3.0,2.0,2.0,15.0,"Phường Long Bình, TP. Biên Hoà, Đồng Nai",Đồng Nai,TP. Biên Hoà,Đang chờ sổ,Đông Nam,5.0
2036,Nhà hẻm ngõ,2.85,67.5,m²,3.0,2.0,2.0,15.0,"Phường Tân Biên, TP. Biên Hoà, Đồng Nai",Đồng Nai,TP. Biên Hoà,Giấy tờ hợp lệ,Tây Nam,4.6
2037,Nhà mặt tiền,17.9,72.0,m²,5.0,4.0,3.0,18.0,"R79, Đường Võ Thị Sáu, Phường Thống Nhất, TP. Biên Hoà, Đồng Nai",Đồng Nai,TP. Biên Hoà,Sổ hồng,Đông Nam,4.0
2038,Nhà hẻm ngõ,1.35,75.0,m²,3.0,2.0,1.0,15.0,"Phường Long Bình, TP. Biên Hoà, Đồng Nai",Đồng Nai,TP. Biên Hoà,Giấy tờ hợp lệ,,5.0
2039,Nhà mặt tiền,13.2,2200.0,m²,3.0,2.0,,,"Đường Bờ Kênh Ông Kèo, Xã Phước Khánh, Huyện Nhơn Trạch, Đồng Nai",Đồng Nai,Huyện Nhơn Trạch,Sổ hồng,,
2040,Nhà mặt tiền,7.5,400.0,m²,4.0,2.0,,,"Xã Tân Bình, Huyện Vĩnh Cửu, Đồng Nai",Đồng Nai,Huyện Vĩnh Cửu,Giấy tờ hợp lệ,,
2041,Nhà mặt tiền,11.95,135.2,m²,2.0,2.0,1.0,42.3,"Phường Quyết Thắng, TP. Biên Hoà, Đồng Nai",Đồng Nai,TP. Biên Hoà,Giấy tờ hợp lệ,Tây Nam,3.1
2042,Nhà mặt tiền,6.99,230.0,m²,2.0,,,,"Phường Tân Hiệp, TP. Biên Hoà, Đồng Nai",Đồng Nai,TP. Biên Hoà,Giấy tờ hợp lệ,,
2043,Nhà hẻm ngõ,2.15,85.0,m²,3.0,,,17.0,"Phường Phước Tân, TP. Biên Hoà, Đồng Nai",Đồng Nai,TP. Biên Hoà,Giấy tờ hợp lệ,,5.0
2044,Nhà mặt tiền,0.53,80.0,m²,2.0,2.0,,16.0,"Phường Trảng Dài, TP. Biên Hoà, Đồng Nai",Đồng Nai,TP. Biên Hoà,Giấy tờ hợp lệ,,5.0
2045,Nhà hẻm ngõ,1.68,37.0,m²,1.0,1.0,,13.0,"Phường Quyết Thắng, TP. Biên Hoà, Đồng Nai",Đồng Nai,TP. Biên Hoà,Giấy tờ hợp lệ,Tây Nam,3.0
2046,Nhà hẻm ngõ,1.75,50.0,m²,3.0,2.0,1.0,14.0,"Phường An Bình, TP. Biên Hoà, Đồng Nai",Đồng Nai,TP. Biên Hoà,Hợp đồng mua bán,,3.6
2047,Nhà hẻm ngõ,1.5,60.0,m²,3.0,2.0,1.0,15.0,"Đường Yết kiêu, Phường Long Bình, TP. Biên Hoà, Đồng Nai",Đồng Nai,TP. Biên Hoà,Hợp đồng mua bán,Tây Nam,4.0
2048,Nhà hẻm ngõ,2.6,130.0,m²,3.0,1.0,1.0,25.0,"Phường Trảng Dài, TP. Biên Hoà, Đồng Nai",Đồng Nai,TP. Biên Hoà,Giấy tờ hợp lệ,Tây Bắc,5.2
2049,Nhà hẻm ngõ,1.55,100.4,m²,3.0,2.0,2.0,20.0,"Xã An Viễn, Huyện Trảng Bom, Đồng Nai",Đồng Nai,Huyện Trảng Bom,Giấy tờ hợp lệ,Tây,5.0
2050,Nhà mặt tiền,3.9,90.0,m²,3.0,3.0,,18.0,"Phường Long Bình, TP. Biên Hoà, Đồng Nai",Đồng Nai,TP. Biên Hoà,Giấy tờ hợp lệ,,5.0
2051,Nhà mặt tiền,15.0,1092.0,m²,11.0,7.0,1.0,52.0,"Xã Đồi 61, Huyện Trảng Bom, Đồng Nai",Đồng Nai,Huyện Trảng Bom,Giấy tờ hợp lệ,,21.0
2052,Nhà hẻm ngõ,1.69,90.0,m²,3.0,2.0,1.0,20.0,"Phường Tân Phong, TP. Biên Hoà, Đồng Nai",Đồng Nai,TP. Biên Hoà,Giấy tờ hợp lệ,,4.5
2053,Nhà hẻm ngõ,0.55,100.0,m²,3.0,2.0,1.0,20.0,"Phường Bửu Long, TP. Biên Hoà, Đồng Nai",Đồng Nai,TP. Biên Hoà,Giấy tờ hợp lệ,,5.0
2054,Nhà mặt tiền,1.45,100.0,m²,2.0,2.0,,20.0,"Huyện Nhơn Trạch, Đồng Nai",Đồng Nai,Huyện Nhơn Trạch,Đang chờ sổ,,5.0
2055,Nhà mặt tiền,1.85,106.0,m²,3.0,,,27.0,"Phường Bửu Long, TP. Biên Hoà, Đồng Nai",Đồng Nai,TP. Biên Hoà,Giấy tờ hợp lệ,,4.0
2056,Nhà hẻm ngõ,1.69,85.5,m²,3.0,2.0,,19.0,"Xã Thạnh Phú, Huyện Vĩnh Cửu, Đồng Nai",Đồng Nai,Huyện Vĩnh Cửu,Giấy tờ hợp lệ,,4.5
2057,Nhà mặt tiền,1.95,110.0,m²,3.0,2.0,1.0,22.0,"Phường Bửu Long, TP. Biên Hoà, Đồng Nai",Đồng Nai,TP. Biên Hoà,Giấy tờ hợp lệ,,5.0
2058,Nhà hẻm ngõ,2.7,144.0,m²,2.0,1.0,1.0,36.0,"Phường Bình Đa, TP. Biên Hoà, Đồng Nai",Đồng Nai,TP. Biên Hoà,Giấy tờ hợp lệ,,4.0
2059,Biệt thự,27.0,288.0,m²,5.0,5.0,,18.0,"Phường Thống Nhất, TP. Biên Hoà, Đồng Nai",Đồng Nai,TP. Biên Hoà,Giấy tờ hợp lệ,,16.0
2060,Nhà hẻm ngõ,2.15,121.0,m²,3.0,2.0,2.0,22.0,"Xã Thạnh Phú, Huyện Vĩnh Cửu, Đồng Nai",Đồng Nai,Huyện Vĩnh Cửu,Giấy tờ hợp lệ,Bắc,5.0
2061,Nhà hẻm ngõ,0.65,100.0,m²,3.0,2.0,1.0,20.0,"Phường Tân Phong, TP. Biên Hoà, Đồng Nai",Đồng Nai,TP. Biên Hoà,Giấy tờ hợp lệ,,5.0
2062,Nhà mặt tiền,3.8,90.0,m²,3.0,3.0,3.0,15.0,"Xã Quang Trung, Huyện Thống Nhất, Đồng Nai",Đồng Nai,Huyện Thống Nhất,Giấy tờ hợp lệ,Đông Bắc,6.0
2063,Nhà mặt tiền,1.35,100.0,m²,3.0,2.0,1.0,20.0,"Xã Bình Lợi, Huyện Vĩnh Cửu, Đồng Nai",Đồng Nai,Huyện Vĩnh Cửu,Giấy tờ hợp lệ,Đông Bắc,4.0
2064,Nhà mặt tiền,12.8,234.0,m²,6.0,4.0,2.0,39.0,"Phường Long Bình, TP. Biên Hoà, Đồng Nai",Đồng Nai,TP. Biên Hoà,Giấy tờ hợp lệ,,5.8
2065,Nhà hẻm ngõ,2.35,50.0,m²,3.0,2.0,1.0,7.0,"Phường Bửu Hòa, TP. Biên Hoà, Đồng Nai",Đồng Nai,TP. Biên Hoà,Giấy tờ hợp lệ,,7.0
2066,Nhà mặt tiền,15.5,3500.0,m²,1.0,1.0,,,"Xã Bình Hòa, Huyện Vĩnh Cửu, Đồng Nai",Đồng Nai,Huyện Vĩnh Cửu,Giấy tờ hợp lệ,,
2067,Nhà hẻm ngõ,4.9,72.0,m²,3.0,2.0,2.0,18.0,"Phường Bửu Long, TP. Biên Hoà, Đồng Nai",Đồng Nai,TP. Biên Hoà,Giấy tờ hợp lệ,,4.0
2068,Nhà hẻm ngõ,0.6,100.0,m²,3.0,2.0,1.0,20.0,"Phường Tân Phong, TP. Biên Hoà, Đồng Nai",Đồng Nai,TP. Biên Hoà,Giấy tờ hợp lệ,,5.0
2069,Nhà hẻm ngõ,0.6,90.0,m²,3.0,2.0,2.0,18.0,"Xã Thạnh Phú, Huyện Vĩnh Cửu, Đồng Nai",Đồng Nai,Huyện Vĩnh Cửu,Giấy tờ hợp lệ,Đông Bắc,5.0
2070,Nhà mặt tiền,8.5,145.2,m²,6.0,6.0,1.0,29.1,"Xã Đại Phước, Huyện Nhơn Trạch, Đồng Nai",Đồng Nai,Huyện Nhơn Trạch,Giấy tờ hợp lệ,,5.0
2071,Nhà mặt tiền,3.9,133.8,m²,,,,,"Đường Quốc Lộ 51, Phường An Hòa, TP. Biên Hoà, Đồng Nai",Đồng Nai,TP. Biên Hoà,Sổ hồng,,
2072,Nhà hẻm ngõ,1.83,105.0,m²,3.0,2.0,1.0,21.0,"Phường Tân Phong, TP. Biên Hoà, Đồng Nai",Đồng Nai,TP. Biên Hoà,Giấy tờ hợp lệ,,5.0
2073,Nhà mặt tiền,3.9,105.0,m²,,,,,"Đường 20, Thị Trấn Dầu Giây, Huyện Thống Nhất, Đồng Nai",Đồng Nai,Huyện Thống Nhất,Sổ hồng,,
2074,Nhà mặt tiền,2.15,100.0,m²,3.0,2.0,1.0,20.0,"Xã Thạnh Phú, Huyện Vĩnh Cửu, Đồng Nai",Đồng Nai,Huyện Vĩnh Cửu,Giấy tờ hợp lệ,,5.0
2075,Nhà mặt tiền,3.9,105.0,m²,3.0,3.0,,,"Thị Trấn Dầu Giây, Huyện Thống Nhất, Đồng Nai",Đồng Nai,Huyện Thống Nhất,Sổ hồng,,
2076,Nhà hẻm ngõ,8.9,215.0,m²,4.0,,,25.0,"Phường Tân Hiệp, TP. Biên Hoà, Đồng Nai",Đồng Nai,TP. Biên Hoà,Giấy tờ hợp lệ,,8.5
2077,Nhà hẻm ngõ,7.5,210.0,m²,3.0,,,30.0,"Phường Tân Hiệp, TP. Biên Hoà, Đồng Nai",Đồng Nai,TP. Biên Hoà,Giấy tờ hợp lệ,,7.0
2078,Nhà mặt tiền,7.5,72.0,m²,4.0,3.0,2.0,17.0,"Phường Trung Dũng, TP. Biên Hoà, Đồng Nai",Đồng Nai,TP. Biên Hoà,Giấy tờ hợp lệ,,4.0
2079,Nhà hẻm ngõ,14.0,850.0,m²,4.0,2.0,1.0,,"Xã Phú Hữu, Huyện Nhơn Trạch, Đồng Nai",Đồng Nai,Huyện Nhơn Trạch,Giấy tờ hợp lệ,,
2080,Nhà mặt tiền,2.15,100.0,m²,3.0,2.0,2.0,24.0,"Phường Trảng Dài, TP. Biên Hoà, Đồng Nai",Đồng Nai,TP. Biên Hoà,Giấy tờ hợp lệ,,4.0
2081,Nhà hẻm ngõ,0.6,100.0,m²,3.0,2.0,1.0,21.0,"Phường Bửu Long, TP. Biên Hoà, Đồng Nai",Đồng Nai,TP. Biên Hoà,Giấy tờ hợp lệ,,4.6
2082,Nhà hẻm ngõ,3.39,76.0,m²,3.0,2.0,,17.0,"Đường Nguyễn Ái Quốc, Phường Hố Nai, TP. Biên Hoà, Đồng Nai",Đồng Nai,TP. Biên Hoà,Sổ đỏ,Nam,5.0
2083,Nhà mặt tiền,1.65,104.0,m²,3.0,2.0,,26.0,"Phường Trảng Dài, TP. Biên Hoà, Đồng Nai",Đồng Nai,TP. Biên Hoà,Giấy tờ hợp lệ,,4.0
2084,Nhà mặt tiền,1.45,85.5,m²,3.0,2.0,,21.0,"Phường Tân Phong, TP. Biên Hoà, Đồng Nai",Đồng Nai,TP. Biên Hoà,Giấy tờ hợp lệ,,4.2
2085,Nhà mặt tiền,1.4,100.0,m²,3.0,2.0,1.0,20.0,"Xã Bình Lợi, Huyện Vĩnh Cửu, Đồng Nai",Đồng Nai,Huyện Vĩnh Cửu,Giấy tờ hợp lệ,,5.0
2086,Nhà mặt tiền,1.75,100.0,m²,2.0,2.0,,20.0,"Đường Nguyễn Văn Cừ, Xã Phước An, Huyện Nhơn Trạch, Đồng Nai",Đồng Nai,Huyện Nhơn Trạch,Đang chờ sổ,,5.0
2087,Nhà hẻm ngõ,6.5,264.0,m²,2.0,2.0,1.0,26.0,"Phường An Bình, TP. Biên Hoà, Đồng Nai",Đồng Nai,TP. Biên Hoà,Giấy tờ hợp lệ,,7.3
2088,Nhà mặt tiền,7.5,222.0,m²,2.0,2.0,1.0,28.0,"Xã Đại Phước, Huyện Nhơn Trạch, Đồng Nai",Đồng Nai,Huyện Nhơn Trạch,Giấy tờ hợp lệ,,7.2
2089,Nhà mặt tiền,7.5,222.0,m²,2.0,2.0,1.0,28.0,"Xã Đại Phước, Huyện Nhơn Trạch, Đồng Nai",Đồng Nai,Huyện Nhơn Trạch,Giấy tờ hợp lệ,,7.2
2090,Nhà mặt tiền,21.0,345.0,m²,5.0,3.0,2.0,32.0,"79, Đường Cách Mạng Tháng 8, Phường Quyết Thắng, TP. Biên Hoà, Đồng Nai",Đồng Nai,TP. Biên Hoà,Sổ hồng,Đông Bắc,14.0
2091,Nhà mặt tiền,7.09,140.0,m²,5.0,6.0,3.0,20.0,"Xã Đại Phước, Huyện Nhơn Trạch, Đồng Nai",Đồng Nai,Huyện Nhơn Trạch,Giấy tờ hợp lệ,,7.0
2092,Nhà hẻm ngõ,0.4,85.0,m²,3.0,2.0,2.0,19.0,"Xã Thạnh Phú, Huyện Vĩnh Cửu, Đồng Nai",Đồng Nai,Huyện Vĩnh Cửu,Giấy tờ hợp lệ,Tây Bắc,4.5
2093,Biệt thự,1.75,104.0,m²,3.0,2.0,,16.0,"Đường Hương Lộ 9, Xã Tân Bình, Huyện Vĩnh Cửu, Đồng Nai",Đồng Nai,Huyện Vĩnh Cửu,Sổ hồng,Tây Nam,6.5
2094,Nhà mặt tiền,8.5,145.2,m²,6.0,6.0,,29.1,"Xã Đại Phước, Huyện Nhơn Trạch, Đồng Nai",Đồng Nai,Huyện Nhơn Trạch,Giấy tờ hợp lệ,,5.0
2095,Nhà mặt tiền,7.09,140.0,m²,5.0,5.0,3.0,20.0,"Xã Đại Phước, Huyện Nhơn Trạch, Đồng Nai",Đồng Nai,Huyện Nhơn Trạch,Giấy tờ hợp lệ,,7.0
2096,Nhà mặt tiền,1.85,90.0,m²,3.0,2.0,,,"Xã Tân Bình, Huyện Vĩnh Cửu, Đồng Nai",Đồng Nai,Huyện Vĩnh Cửu,Giấy tờ hợp lệ,,
2097,Nhà hẻm ngõ,4.69,71.0,m²,3.0,2.0,2.0,17.5,"Phường Tam Hiệp, TP. Biên Hoà, Đồng Nai",Đồng Nai,TP. Biên Hoà,Giấy tờ hợp lệ,,4.0
2098,Nhà mặt tiền,4.45,151.0,m²,1.0,,,,"Phường Tân Phong, TP. Biên Hoà, Đồng Nai",Đồng Nai,TP. Biên Hoà,Giấy tờ hợp lệ,,
2099,Nhà hẻm ngõ,3.0,330.0,m²,4.0,2.0,,,"Đường Hùng Vương, Xã Phú Đông, Huyện Nhơn Trạch, Đồng Nai",Đồng Nai,Huyện Nhơn Trạch,Sổ hồng,,
2100,Nhà mặt tiền,1.7,120.0,m²,2.0,1.0,,20.0,"Xã Hóa An, TP. Biên Hoà, Đồng Nai",Đồng Nai,TP. Biên Hoà,Giấy tờ hợp lệ,,6.0
2101,Nhà mặt tiền,7.5,222.0,m²,3.0,2.0,,30.0,"Xã Đại Phước, Huyện Nhơn Trạch, Đồng Nai",Đồng Nai,Huyện Nhơn Trạch,Giấy tờ hợp lệ,,7.0
2102,Nhà mặt tiền,1.6,84.0,m²,3.0,2.0,1.0,20.0,"Phường Tân Phong, TP. Biên Hoà, Đồng Nai",Đồng Nai,TP. Biên Hoà,Giấy tờ hợp lệ,,4.2
2103,Nhà mặt tiền,2.03,100.0,m²,3.0,2.0,,20.0,"Xã Tân Bình, Huyện Vĩnh Cửu, Đồng Nai",Đồng Nai,Huyện Vĩnh Cửu,Giấy tờ hợp lệ,,5.0
2104,Nhà mặt tiền,10.0,84.0,m²,8.0,7.0,5.0,20.0,"Phường Thống Nhất, TP. Biên Hoà, Đồng Nai",Đồng Nai,TP. Biên Hoà,Giấy tờ hợp lệ,Nam,4.2
2105,Nhà mặt tiền,1.59,88.0,m²,3.0,2.0,,22.0,"Phường Bửu Long, TP. Biên Hoà, Đồng Nai",Đồng Nai,TP. Biên Hoà,Giấy tờ hợp lệ,,4.0
2106,Nhà mặt tiền,1.6,84.0,m²,3.0,2.0,1.0,20.0,"Xã Thạnh Phú, Huyện Vĩnh Cửu, Đồng Nai",Đồng Nai,Huyện Vĩnh Cửu,Giấy tờ hợp lệ,,4.2
2107,Nhà mặt tiền,1.7,96.6,m²,2.0,1.0,,23.0,"Phường Trảng Dài, TP. Biên Hoà, Đồng Nai",Đồng Nai,TP. Biên Hoà,Giấy tờ hợp lệ,,4.2
2108,Nhà mặt tiền,1.35,80.0,m²,2.0,1.0,,20.0,"Xã Bình Lợi, Huyện Vĩnh Cửu, Đồng Nai",Đồng Nai,Huyện Vĩnh Cửu,Giấy tờ hợp lệ,,4.0
2109,Biệt thự,11.0,629.0,m²,7.0,7.0,,23.0,"Phường Định Hòa, Thành phố thủ Dầu Một, Bình Dương",Bình Dương,Thành phố thủ Dầu Một,Giấy tờ hợp lệ,,10.0
2110,Nhà mặt tiền,3.8,75.0,m²,3.0,4.0,3.0,15.0,"Phường Hòa Phú, Thành phố thủ Dầu Một, Bình Dương",Bình Dương,Thành phố thủ Dầu Một,Đang chờ sổ,,5.0
2111,Nhà hẻm ngõ,5.9,340.0,m²,8.0,,,,"Phường An Bình, Thành phố Dĩ An, Bình Dương",Bình Dương,Thành phố Dĩ An,Giấy tờ hợp lệ,,
2112,Nhà hẻm ngõ,3.44,60.0,m²,3.0,2.0,,15.0,"Phường Tân Bình, Thành phố Dĩ An, Bình Dương",Bình Dương,Thành phố Dĩ An,Giấy tờ hợp lệ,,4.0
2113,Biệt thự,2.59,500.0,m²,2.0,2.0,1.0,50.0,"Đường DT7A, Xã An Điền, Thị Xã Bến Cát, Bình Dương",Bình Dương,Thị Xã Bến Cát,Sổ hồng,Tây Bắc,10.0
2114,Nhà hẻm ngõ,2.55,120.0,m²,4.0,4.0,3.0,30.0,"Đường Hồ Văn Cống, Phường Tương Bình Hiệp, Thành phố thủ Dầu Một, Bình Dương",Bình Dương,Thành phố thủ Dầu Một,Sổ đỏ,,4.0
2115,Nhà hẻm ngõ,8.5,231.0,m²,4.0,4.0,1.0,27.7,"Phường Lái Thiêu, Thành phố Thuận An, Bình Dương",Bình Dương,Thành phố Thuận An,Giấy tờ hợp lệ,Nam,8.3
2116,Nhà mặt tiền,1.7,80.0,m²,3.0,3.0,,,"Xã An Điền, Thị Xã Bến Cát, Bình Dương",Bình Dương,Thị Xã Bến Cát,Giấy tờ hợp lệ,,
2117,Nhà mặt tiền,1.86,100.0,m²,2.0,2.0,1.0,20.0,"Xã An Điền, Thị Xã Bến Cát, Bình Dương",Bình Dương,Thị Xã Bến Cát,Giấy tờ hợp lệ,,5.0
2118,Nhà mặt tiền,8.95,300.0,m²,11.0,7.0,1.0,30.0,"Phường An Thạnh, Thành phố Thuận An, Bình Dương",Bình Dương,Thành phố Thuận An,Giấy tờ hợp lệ,,10.0
2119,Nhà mặt tiền,12.8,100.0,m²,11.0,7.0,5.0,20.0,"Phường Dĩ An, Thành phố Dĩ An, Bình Dương",Bình Dương,Thành phố Dĩ An,Giấy tờ hợp lệ,,5.0
2120,Nhà hẻm ngõ,2.65,45.5,m²,2.0,1.0,1.0,10.7,"Phường Dĩ An, Thành phố Dĩ An, Bình Dương",Bình Dương,Thành phố Dĩ An,Giấy tờ hợp lệ,,4.2
2121,Nhà hẻm ngõ,4.25,68.0,m²,3.0,3.0,3.0,125.0,"Phường Đông Hòa, Thành phố Dĩ An, Bình Dương",Bình Dương,Thành phố Dĩ An,Giấy tờ hợp lệ,,55.0
2122,Nhà hẻm ngõ,3.7,100.0,m²,4.0,3.0,2.0,20.0,"Phường Tân Bình, Thành phố Dĩ An, Bình Dương",Bình Dương,Thành phố Dĩ An,Giấy tờ hợp lệ,,5.0
2123,Nhà mặt tiền,4.39,64.0,m²,3.0,4.0,3.0,14.0,"Phường Tân Đông Hiệp, Thành phố Dĩ An, Bình Dương",Bình Dương,Thành phố Dĩ An,Giấy tờ hợp lệ,,4.5
2124,Nhà mặt tiền,3.99,108.0,m²,3.0,3.0,3.0,25.0,"Đường Lê Hồng Phong, Phường Phú Lợi, Thành phố thủ Dầu Một, Bình Dương",Bình Dương,Thành phố thủ Dầu Một,Sổ hồng,,4.2
2125,Biệt thự,6.4,221.0,m²,2.0,2.0,1.0,33.0,"Phường Dĩ An, Thành phố Dĩ An, Bình Dương",Bình Dương,Thành phố Dĩ An,Giấy tờ hợp lệ,,6.8
2126,Nhà mặt tiền,3.2,102.0,m²,3.0,3.0,2.0,21.0,"Đường Quốc Lộ 13, Phường Định Hòa, Thành phố thủ Dầu Một, Bình Dương",Bình Dương,Thành phố thủ Dầu Một,Sổ hồng,,4.9
2127,Nhà mặt tiền,4.35,75.0,m²,2.0,2.0,2.0,15.0,"Phường Vĩnh Phú, Thành phố Thuận An, Bình Dương",Bình Dương,Thành phố Thuận An,Giấy tờ hợp lệ,Bắc,5.0
2128,Nhà mặt tiền,4.0,150.0,m²,4.0,4.0,,30.0,"Thị Xã Bến Cát, Bình Dương",Bình Dương,Thị Xã Bến Cát,Sổ hồng,Nam,5.0
2129,Nhà mặt tiền,2.7,80.0,m²,3.0,3.0,2.0,15.0,"Đường Quốc Lộ 13, Phường Định Hòa, Thành phố thủ Dầu Một, Bình Dương",Bình Dương,Thành phố thủ Dầu Một,Sổ hồng,,5.5
2130,Nhà hẻm ngõ,2.15,100.0,m²,2.0,2.0,1.0,20.0,"Phường Hiệp An, Thành phố thủ Dầu Một, Bình Dương",Bình Dương,Thành phố thủ Dầu Một,Giấy tờ hợp lệ,Đông,5.0
2131,Nhà hẻm ngõ,0.499,10.8,m²,1.0,1.0,1.0,,"Phường Dĩ An, Thành phố Dĩ An, Bình Dương",Bình Dương,Thành phố Dĩ An,Hợp đồng mua bán,Nam,
2132,Nhà mặt tiền,0.4,60.8,m²,2.0,2.0,1.0,13.5,"Phường Tân Hiệp, Thị xã Tân Uyên, Bình Dương",Bình Dương,Thị xã Tân Uyên,Giấy tờ hợp lệ,,4.5
2133,Nhà mặt tiền,2.19,202.0,m²,2.0,1.0,,40.5,"Phường Tân An, Thành phố thủ Dầu Một, Bình Dương",Bình Dương,Thành phố thủ Dầu Một,Giấy tờ hợp lệ,,5.0
2134,Nhà mặt tiền,0.57,70.0,m²,3.0,3.0,1.0,14.0,"Phường Khánh Bình, Thị xã Tân Uyên, Bình Dương",Bình Dương,Thị xã Tân Uyên,Giấy tờ hợp lệ,,5.0
2135,Nhà mặt tiền,2.95,102.0,m²,3.0,2.0,2.0,21.5,"Đường Nguyễn Đức Thuận, Phường Hiệp Thành, Thành phố thủ Dầu Một, Bình Dương",Bình Dương,Thành phố thủ Dầu Một,Sổ hồng,,4.8
2136,Nhà mặt tiền,1.89,70.0,m²,4.0,4.0,2.0,14.0,"Phường Thuận Giao, Thành phố Thuận An, Bình Dương",Bình Dương,Thành phố Thuận An,Giấy tờ hợp lệ,,5.0
2137,Nhà mặt tiền,3.55,107.0,m²,3.0,2.0,1.0,20.0,"Thành phố Thuận An, Bình Dương",Bình Dương,Thành phố Thuận An,Giấy tờ hợp lệ,Đông,6.0
2138,Nhà mặt tiền,2.39,85.0,m²,3.0,2.0,,16.0,"Phường Hiệp An, Thành phố thủ Dầu Một, Bình Dương",Bình Dương,Thành phố thủ Dầu Một,Giấy tờ hợp lệ,,5.6
2139,Nhà mặt tiền,1.6,70.0,m²,3.0,3.0,1.0,14.0,"Phường Tân Hiệp, Thị xã Tân Uyên, Bình Dương",Bình Dương,Thị xã Tân Uyên,Giấy tờ hợp lệ,,5.0
2140,Nhà mặt tiền,16.0,180.0,m²,1.0,1.0,,28.0,"Phường Phú Hòa, Thành phố thủ Dầu Một, Bình Dương",Bình Dương,Thành phố thủ Dầu Một,Giấy tờ hợp lệ,,6.0
2141,Nhà mặt tiền,18.0,230.0,m²,11.0,7.0,5.0,25.0,"Phường Tân Đông Hiệp, Thành phố Dĩ An, Bình Dương",Bình Dương,Thành phố Dĩ An,Giấy tờ hợp lệ,,10.2
2142,Nhà mặt tiền,3.75,75.0,m²,10.0,7.0,,,"Phường Định Hòa, Thành phố thủ Dầu Một, Bình Dương",Bình Dương,Thành phố thủ Dầu Một,Giấy tờ hợp lệ,,
2143,Biệt thự,29.0,535.0,m²,7.0,7.0,3.0,25.0,"Phường Định Hòa, Thành phố thủ Dầu Một, Bình Dương",Bình Dương,Thành phố thủ Dầu Một,Đang chờ sổ,Đông Nam,21.4
2144,Nhà hẻm ngõ,2.55,140.0,m²,3.0,1.0,,15.0,"Phường Định Hòa, Thành phố thủ Dầu Một, Bình Dương",Bình Dương,Thành phố thủ Dầu Một,Giấy tờ hợp lệ,,10.0
2145,Nhà mặt tiền,1.9,80.0,m²,3.0,2.0,2.0,16.0,"Xã An Điền, Thị Xã Bến Cát, Bình Dương",Bình Dương,Thị Xã Bến Cát,Giấy tờ hợp lệ,,5.0
2146,Nhà mặt tiền,0.86,75.0,m²,4.0,3.0,,15.0,"Phường Bình Chuẩn, Thành phố Thuận An, Bình Dương",Bình Dương,Thành phố Thuận An,Giấy tờ hợp lệ,,5.0
2147,Nhà hẻm ngõ,3.85,60.0,m²,3.0,,2.0,13.0,"Phường Tân Đông Hiệp, Thành phố Dĩ An, Bình Dương",Bình Dương,Thành phố Dĩ An,Giấy tờ hợp lệ,Tây Nam,4.0
2148,Nhà hẻm ngõ,3.55,106.0,m²,3.0,3.0,3.0,21.0,"Phường Dĩ An, Thành phố Dĩ An, Bình Dương",Bình Dương,Thành phố Dĩ An,Giấy tờ hợp lệ,,5.0
2149,Nhà mặt tiền,4.3,84.0,m²,3.0,2.0,2.0,18.0,"Phường Bình Nhâm, Thành phố Thuận An, Bình Dương",Bình Dương,Thành phố Thuận An,Giấy tờ hợp lệ,Tây Bắc,4.0
2150,Nhà hẻm ngõ,5.45,104.0,m²,4.0,4.0,,20.3,"Phường Đông Hòa, Thành phố Dĩ An, Bình Dương",Bình Dương,Thành phố Dĩ An,Giấy tờ hợp lệ,,5.1
2151,Nhà mặt tiền,0.8,60.0,m²,,,,,"Xã Chánh Phú Hòa, Thị Xã Bến Cát, Bình Dương",Bình Dương,Thị Xã Bến Cát,Sổ hồng,,
2152,Nhà mặt tiền,1.4,500.0,m²,3.0,2.0,,50.0,"Phường Bình Nhâm, Thành phố Thuận An, Bình Dương",Bình Dương,Thành phố Thuận An,Giấy tờ hợp lệ,,10.0
2153,Nhà mặt tiền,3.0,70.0,m²,4.0,4.0,2.0,17.0,"Phường Bình Chuẩn, Thành phố Thuận An, Bình Dương",Bình Dương,Thành phố Thuận An,Giấy tờ hợp lệ,,4.0
2154,Nhà mặt tiền,0.8,80.0,m²,2.0,2.0,,16.0,"Xã Lai Uyên, Huyện Bàu Bàng, Bình Dương",Bình Dương,Huyện Bàu Bàng,Giấy tờ hợp lệ,,5.0
2155,Nhà hẻm ngõ,3.85,80.0,m²,3.0,2.0,2.0,20.0,"Phường Phú Hòa, Thành phố thủ Dầu Một, Bình Dương",Bình Dương,Thành phố thủ Dầu Một,Giấy tờ hợp lệ,,4.0
2156,Nhà mặt tiền,1.25,100.0,m²,3.0,3.0,,20.0,"Phường Hòa Phú, Thành phố thủ Dầu Một, Bình Dương",Bình Dương,Thành phố thủ Dầu Một,Giấy tờ hợp lệ,,5.0
2157,Nhà mặt tiền,5.25,82.0,m²,4.0,3.0,3.0,18.0,"Phường Tân Đông Hiệp, Thành phố Dĩ An, Bình Dương",Bình Dương,Thành phố Dĩ An,Giấy tờ hợp lệ,Đông,4.5
2158,Nhà mặt tiền,0.758,90.0,m²,3.0,2.0,1.0,18.0,"Phường Bình Nhâm, Thành phố Thuận An, Bình Dương",Bình Dương,Thành phố Thuận An,Giấy tờ hợp lệ,,5.0
2159,Nhà mặt tiền,9.5,180.0,m²,24.0,25.0,4.0,30.0,"Thị xã Tân Uyên, Bình Dương",Bình Dương,Thị xã Tân Uyên,Sổ hồng,Đông Bắc,6.0
2160,Biệt thự,47.0,1996.0,m²,3.0,2.0,,86.2,"Phường Lái Thiêu, Thành phố Thuận An, Bình Dương",Bình Dương,Thành phố Thuận An,Giấy tờ hợp lệ,Đông Nam,24.1
2161,Nhà hẻm ngõ,1.35,72.0,m²,3.0,2.0,11.0,14.1,"Phường Bình Hòa, Thành phố Thuận An, Bình Dương",Bình Dương,Thành phố Thuận An,Giấy tờ hợp lệ,,5.0
2162,Nhà mặt tiền,1.86,100.0,m²,2.0,2.0,1.0,20.0,"Phường Định Hòa, Thành phố thủ Dầu Một, Bình Dương",Bình Dương,Thành phố thủ Dầu Một,Giấy tờ hợp lệ,,5.0
2163,Nhà mặt tiền,7.5,82.0,m²,6.0,6.0,2.0,16.0,"Phường An Phú, Thành phố Thuận An, Bình Dương",Bình Dương,Thành phố Thuận An,Giấy tờ hợp lệ,,5.0
2164,Nhà hẻm ngõ,5.25,69.0,m²,3.0,2.0,2.0,10.5,"Phường Đông Hòa, Thành phố Dĩ An, Bình Dương",Bình Dương,Thành phố Dĩ An,Giấy tờ hợp lệ,,6.0
2165,Nhà mặt tiền,1.52,99.1,m²,3.0,2.0,1.0,20.0,"Phường Tân Bình, Thành phố Dĩ An, Bình Dương",Bình Dương,Thành phố Dĩ An,Giấy tờ hợp lệ,,5.0
2166,Nhà mặt tiền,2.6,120.0,m²,3.0,4.0,3.0,30.0,"Phường Tương Bình Hiệp, Thành phố thủ Dầu Một, Bình Dương",Bình Dương,Thành phố thủ Dầu Một,Giấy tờ hợp lệ,,4.0
2167,Nhà mặt tiền,2.3,80.0,m²,2.0,,1.0,16.0,"Phường Định Hòa, Thành phố thủ Dầu Một, Bình Dương",Bình Dương,Thành phố thủ Dầu Một,Giấy tờ hợp lệ,Đông Nam,5.0
2168,Nhà hẻm ngõ,6.25,123.5,m²,2.0,2.0,,19.0,"Phường Đông Hòa, Thành phố Dĩ An, Bình Dương",Bình Dương,Thành phố Dĩ An,Giấy tờ hợp lệ,,6.5
2169,Nhà hẻm ngõ,4.44,58.0,m²,3.0,3.0,3.0,12.0,"Phường Bình Hòa, Thành phố Thuận An, Bình Dương",Bình Dương,Thành phố Thuận An,Giấy tờ hợp lệ,,4.7
2170,Nhà mặt tiền,2.85,99.0,m²,2.0,2.0,,21.0,"Phường Tân Bình, Thành phố Dĩ An, Bình Dương",Bình Dương,Thành phố Dĩ An,Giấy tờ hợp lệ,,4.5
2171,Biệt thự,51.5,937.0,m²,5.0,4.0,2.0,29.0,"Phường Phú Lợi, Thành phố thủ Dầu Một, Bình Dương",Bình Dương,Thành phố thủ Dầu Một,Giấy tờ hợp lệ,Đông Bắc,35.7
2172,Nhà mặt tiền,2.6,125.0,m²,4.0,5.0,3.0,25.0,"Đường Lê Chí Dân, Phường Tương Bình Hiệp, Thành phố thủ Dầu Một, Bình Dương",Bình Dương,Thành phố thủ Dầu Một,Sổ hồng,Tây Bắc,5.0
2173,Nhà mặt tiền,1.85,70.0,m²,3.0,2.0,,,"Phường Tân Hiệp, Thị xã Tân Uyên, Bình Dương",Bình Dương,Thị xã Tân Uyên,Giấy tờ hợp lệ,,
2174,Nhà mặt tiền,8.2,406.0,m²,4.0,3.0,2.0,62.0,"Phường Bình Nhâm, Thành phố Thuận An, Bình Dương",Bình Dương,Thành phố Thuận An,Giấy tờ hợp lệ,Tây,6.5
2175,Nhà mặt tiền,3.5,75.0,m²,4.0,,,15.0,"Phường Hòa Phú, Thành phố thủ Dầu Một, Bình Dương",Bình Dương,Thành phố thủ Dầu Một,Giấy tờ hợp lệ,,5.0
2176,Nhà mặt tiền,6.3,60.0,m²,4.0,4.0,3.0,12.0,"Phường Bình An, Thành phố Dĩ An, Bình Dương",Bình Dương,Thành phố Dĩ An,Giấy tờ hợp lệ,Nam,5.0
2177,Nhà hẻm ngõ,1.25,90.0,m²,3.0,2.0,1.0,18.0,"Phường Tân Phước Khánh, Thị xã Tân Uyên, Bình Dương",Bình Dương,Thị xã Tân Uyên,Giấy tờ hợp lệ,,5.0
2178,Nhà mặt tiền,2.65,100.0,m²,3.0,3.0,,20.0,"Phường Tân Phước Khánh, Thị xã Tân Uyên, Bình Dương",Bình Dương,Thị xã Tân Uyên,Giấy tờ hợp lệ,Nam,5.0
2179,Nhà hẻm ngõ,3.0,63.6,m²,3.0,2.0,1.0,16.0,"Phường Lái Thiêu, Thành phố Thuận An, Bình Dương",Bình Dương,Thành phố Thuận An,Giấy tờ hợp lệ,,4.0
2180,Nhà mặt tiền,1.98,90.0,m²,3.0,3.0,2.0,18.0,"Phường An Phú, Thành phố Thuận An, Bình Dương",Bình Dương,Thành phố Thuận An,Giấy tờ hợp lệ,,5.0
2181,Nhà hẻm ngõ,6.8,133.0,m²,3.0,2.0,,19.0,"Phường Tân Đông Hiệp, Thành phố Dĩ An, Bình Dương",Bình Dương,Thành phố Dĩ An,Giấy tờ hợp lệ,,7.0
2182,Nhà hẻm ngõ,3.75,77.0,m²,3.0,2.0,2.0,18.9,"Phường Tân Đông Hiệp, Thành phố Dĩ An, Bình Dương",Bình Dương,Thành phố Dĩ An,Giấy tờ hợp lệ,Đông,4.1
2183,Nhà mặt tiền,4.2,81.0,m²,3.0,2.0,2.0,,"Phường Tân Đông Hiệp, Thành phố Dĩ An, Bình Dương",Bình Dương,Thành phố Dĩ An,Giấy tờ hợp lệ,Tây,
2184,Nhà hẻm ngõ,3.15,104.0,m²,3.0,2.0,,23.0,"Phường Bình Nhâm, Thành phố Thuận An, Bình Dương",Bình Dương,Thành phố Thuận An,Giấy tờ hợp lệ,Đông Nam,4.5
2185,Nhà mặt tiền,0.93,85.0,m²,2.0,2.0,2.0,17.0,"Phường Thuận Giao, Thành phố Thuận An, Bình Dương",Bình Dương,Thành phố Thuận An,Giấy tờ hợp lệ,,5.0
2186,Nhà mặt tiền,3.55,205.0,m²,3.0,3.0,1.0,34.0,"Phường Thái Hòa, Thị xã Tân Uyên, Bình Dương",Bình Dương,Thị xã Tân Uyên,Giấy tờ hợp lệ,Đông Bắc,4.5
2187,Nhà mặt tiền,4.5,68.0,m²,4.0,5.0,3.0,17.0,"Phường Bình Chuẩn, Thành phố Thuận An, Bình Dương",Bình Dương,Thành phố Thuận An,Giấy tờ hợp lệ,Đông Nam,4.0
2188,Nhà hẻm ngõ,1.65,300.0,m²,2.0,,,42.0,"Xã Phú An, Thị Xã Bến Cát, Bình Dương",Bình Dương,Thị Xã Bến Cát,Giấy tờ hợp lệ,Đông,6.0
2189,Nhà mặt tiền,1.2,75.0,m²,3.0,,3.0,15.0,"Phường Hòa Phú, Thành phố thủ Dầu Một, Bình Dương",Bình Dương,Thành phố thủ Dầu Một,Sổ hồng,Tây Bắc,5.0
2190,Nhà hẻm ngõ,3.55,68.0,m²,3.0,,2.0,16.0,"Phường Tân Bình, Thành phố Dĩ An, Bình Dương",Bình Dương,Thành phố Dĩ An,Giấy tờ hợp lệ,,5.0
2191,Nhà mặt tiền,2.9,120.0,m²,3.0,,3.0,30.0,"Phường Tương Bình Hiệp, Thành phố thủ Dầu Một, Bình Dương",Bình Dương,Thành phố thủ Dầu Một,Giấy tờ hợp lệ,Đông Nam,4.0
2192,Nhà mặt tiền,1.24,150.0,m²,3.0,2.0,11.0,30.0,"Xã Thới Hòa, Thị Xã Bến Cát, Bình Dương",Bình Dương,Thị Xã Bến Cát,Giấy tờ hợp lệ,,5.0
2193,Nhà mặt tiền,1.75,70.0,m²,3.0,3.0,2.0,14.0,"Xã An Điền, Thị Xã Bến Cát, Bình Dương",Bình Dương,Thị Xã Bến Cát,Giấy tờ hợp lệ,,5.0
2194,Nhà hẻm ngõ,2.3,120.0,m²,3.0,4.0,2.0,27.0,"Phường Tương Bình Hiệp, Thành phố thủ Dầu Một, Bình Dương",Bình Dương,Thành phố thủ Dầu Một,Giấy tờ hợp lệ,Đông Nam,4.5
2195,Nhà hẻm ngõ,1.93,42.2,m²,2.0,2.0,1.0,6.0,"Phường Lái Thiêu, Thành phố Thuận An, Bình Dương",Bình Dương,Thành phố Thuận An,Giấy tờ hợp lệ,,9.0
2196,Nhà hẻm ngõ,6.15,150.0,m²,5.0,3.0,,30.0,"Phường Đông Hòa, Thành phố Dĩ An, Bình Dương",Bình Dương,Thành phố Dĩ An,Giấy tờ hợp lệ,,5.0
2197,Nhà mặt tiền,1.85,100.0,m²,3.0,3.0,,18.0,"Phường Tân Hiệp, Thị xã Tân Uyên, Bình Dương",Bình Dương,Thị xã Tân Uyên,Giấy tờ hợp lệ,,5.0
2198,Nhà hẻm ngõ,3.35,60.0,m²,2.0,3.0,2.0,13.9,"Phường Lái Thiêu, Thành phố Thuận An, Bình Dương",Bình Dương,Thành phố Thuận An,Giấy tờ hợp lệ,Tây Nam,4.3
2199,Nhà hẻm ngõ,2.88,102.0,m²,2.0,2.0,,24.0,"Đường Huỳnh Văn Lũy, Phường Phú Lợi, Thành phố thủ Dầu Một, Bình Dương",Bình Dương,Thành phố thủ Dầu Một,Sổ hồng,Tây Bắc,4.3
2200,Nhà mặt tiền,1.98,75.0,m²,3.0,3.0,2.0,15.0,"Xã An Điền, Thị Xã Bến Cát, Bình Dương",Bình Dương,Thị Xã Bến Cát,Giấy tờ hợp lệ,,5.0
2201,Nhà hẻm ngõ,4.9,102.0,m²,4.0,4.0,3.0,25.0,"Phường Đông Hòa, Thành phố Dĩ An, Bình Dương",Bình Dương,Thành phố Dĩ An,Giấy tờ hợp lệ,,4.0
2202,Nhà mặt tiền,2.5,70.0,m²,2.0,2.0,,14.0,"Đường DT746, Xã Hội Nghĩa, Thị xã Tân Uyên, Bình Dương",Bình Dương,Thị xã Tân Uyên,Sổ hồng,,5.0
2203,Nhà mặt tiền,6.1,99.0,m²,2.0,2.0,2.0,20.0,"Phường Đông Hòa, Thành phố Dĩ An, Bình Dương",Bình Dương,Thành phố Dĩ An,Giấy tờ hợp lệ,,5.0
2204,Nhà hẻm ngõ,2.35,168.0,m²,2.0,,,28.0,"Phường Hiệp An, Thành phố thủ Dầu Một, Bình Dương",Bình Dương,Thành phố thủ Dầu Một,Giấy tờ hợp lệ,,6.0
2205,Nhà hẻm ngõ,1.65,72.0,m²,3.0,2.0,1.0,18.0,"Phường Tân Phước Khánh, Thị xã Tân Uyên, Bình Dương",Bình Dương,Thị xã Tân Uyên,Giấy tờ hợp lệ,,4.0
2206,Nhà mặt tiền,1.15,100.0,m²,2.0,2.0,2.0,20.0,"Phường Chánh Nghĩa, Thành phố thủ Dầu Một, Bình Dương",Bình Dương,Thành phố thủ Dầu Một,Giấy tờ hợp lệ,,5.0
2207,Nhà mặt tiền,7.3,100.0,m²,4.0,4.0,2.0,20.0,"Phường Đông Hòa, Thành phố Dĩ An, Bình Dương",Bình Dương,Thành phố Dĩ An,Giấy tờ hợp lệ,,5.0
2208,Nhà mặt tiền,14.5,180.0,m²,11.0,7.0,5.0,30.0,"Phường Phú Hòa, Thành phố thủ Dầu Một, Bình Dương",Bình Dương,Thành phố thủ Dầu Một,Giấy tờ hợp lệ,Tây Nam,6.0
2209,Nhà mặt tiền,1.6,70.0,m²,3.0,,1.0,14.0,"Phường Tân Hiệp, Thị xã Tân Uyên, Bình Dương",Bình Dương,Thị xã Tân Uyên,Giấy tờ hợp lệ,,5.0
2210,Nhà hẻm ngõ,1.45,68.0,m²,3.0,2.0,,17.0,"Phường Bình Chuẩn, Thành phố Thuận An, Bình Dương",Bình Dương,Thành phố Thuận An,Hợp đồng mua bán,Đông,4.0
2211,Nhà mặt tiền,7.7,90.0,m²,5.0,6.0,4.0,18.0,"Phường Đông Hòa, Thành phố Dĩ An, Bình Dương",Bình Dương,Thành phố Dĩ An,Giấy tờ hợp lệ,,5.0
2212,Nhà mặt tiền,6.8,73.0,m²,4.0,4.0,2.0,16.0,"Phường An Phú, Thành phố Thuận An, Bình Dương",Bình Dương,Thành phố Thuận An,Giấy tờ hợp lệ,Tây Bắc,5.5
2213,Nhà mặt tiền,3.8,75.0,m²,3.0,3.0,,15.0,"Phường Hòa Phú, Thành phố thủ Dầu Một, Bình Dương",Bình Dương,Thành phố thủ Dầu Một,Đang chờ sổ,,5.0
2214,Nhà mặt tiền,5.5,95.0,m²,3.0,3.0,2.0,19.0,"Thành phố thủ Dầu Một, Bình Dương",Bình Dương,Thành phố thủ Dầu Một,Sổ đỏ,,5.0
2215,Nhà hẻm ngõ,2.7,60.0,m²,3.0,2.0,2.0,9.0,"Phường Dĩ An, Thành phố Dĩ An, Bình Dương",Bình Dương,Thành phố Dĩ An,Giấy tờ hợp lệ,,7.0
2216,Nhà hẻm ngõ,1.25,68.0,m²,2.0,1.0,,17.0,"Phường An Phú, Thành phố Thuận An, Bình Dương",Bình Dương,Thành phố Thuận An,Hợp đồng mua bán,,4.0
2217,Nhà mặt tiền,3.25,60.0,m²,4.0,3.0,3.0,12.0,"Phường An Phú, Thành phố Thuận An, Bình Dương",Bình Dương,Thành phố Thuận An,Giấy tờ hợp lệ,,5.0
2218,Nhà mặt tiền,1.89,70.0,m²,3.0,3.0,,14.0,"Phường Tân Hiệp, Thị xã Tân Uyên, Bình Dương",Bình Dương,Thị xã Tân Uyên,Giấy tờ hợp lệ,,5.0
2219,Nhà hẻm ngõ,2.15,100.0,m²,2.0,1.0,,20.0,"Phường Hiệp An, Thành phố thủ Dầu Một, Bình Dương",Bình Dương,Thành phố thủ Dầu Một,Giấy tờ hợp lệ,Đông Bắc,5.0
2220,Nhà hẻm ngõ,3.8,225.0,m²,2.0,1.0,,,"Phường Tân Bình, Thành phố Dĩ An, Bình Dương",Bình Dương,Thành phố Dĩ An,Giấy tờ hợp lệ,,
2221,Nhà mặt tiền,9.6,120.0,m²,4.0,4.0,3.0,24.0,"Phường Dĩ An, Thành phố Dĩ An, Bình Dương",Bình Dương,Thành phố Dĩ An,Giấy tờ hợp lệ,,5.0
2222,Nhà mặt tiền,4.6,60.0,m²,4.0,5.0,,15.0,"Phường Bình Chuẩn, Thành phố Thuận An, Bình Dương",Bình Dương,Thành phố Thuận An,Giấy tờ hợp lệ,Tây,4.0
2223,Nhà mặt tiền,2.45,150.0,m²,3.0,4.0,3.0,30.0,"Phường Tân An, Thành phố thủ Dầu Một, Bình Dương",Bình Dương,Thành phố thủ Dầu Một,Giấy tờ hợp lệ,Đông Nam,5.0
2224,Nhà hẻm ngõ,0.699,18.0,m²,2.0,1.0,1.0,7.0,"Phường Đông Hòa, Thành phố Dĩ An, Bình Dương",Bình Dương,Thành phố Dĩ An,Hợp đồng mua bán,Đông,3.0
2225,Nhà mặt tiền,7.6,100.0,m²,4.0,3.0,3.0,20.0,"Phường Phú Lợi, Thành phố thủ Dầu Một, Bình Dương",Bình Dương,Thành phố thủ Dầu Một,Giấy tờ hợp lệ,,5.0
2226,Nhà mặt tiền,2.65,67.5,m²,3.0,3.0,1.0,15.0,"Phường Tân Hiệp, Thị xã Tân Uyên, Bình Dương",Bình Dương,Thị xã Tân Uyên,Giấy tờ hợp lệ,,4.5
2227,Nhà mặt tiền,1.76,65.0,m²,3.0,3.0,2.0,13.0,"Phường Định Hòa, Thành phố thủ Dầu Một, Bình Dương",Bình Dương,Thành phố thủ Dầu Một,Giấy tờ hợp lệ,,5.0
2228,Nhà hẻm ngõ,2.35,56.0,m²,3.0,2.0,,14.0,"Phường Bình Chuẩn, Thành phố Thuận An, Bình Dương",Bình Dương,Thành phố Thuận An,Giấy tờ hợp lệ,Tây,4.0
2229,Nhà mặt tiền,1.65,80.0,m²,3.0,3.0,2.0,16.0,"Xã An Điền, Thị Xã Bến Cát, Bình Dương",Bình Dương,Thị Xã Bến Cát,Giấy tờ hợp lệ,,5.0
2230,Nhà mặt tiền,2.5,70.0,m²,2.0,2.0,,14.0,"Xã Hội Nghĩa, Thị xã Tân Uyên, Bình Dương",Bình Dương,Thị xã Tân Uyên,Giấy tờ hợp lệ,,5.0
2231,Nhà mặt tiền,2.85,120.0,m²,4.0,4.0,2.0,30.0,"Phường Tương Bình Hiệp, Thành phố thủ Dầu Một, Bình Dương",Bình Dương,Thành phố thủ Dầu Một,Giấy tờ hợp lệ,Đông Nam,4.0
2232,Nhà mặt tiền,1.55,100.0,m²,3.0,2.0,,20.0,"Xã Hội Nghĩa, Thị xã Tân Uyên, Bình Dương",Bình Dương,Thị xã Tân Uyên,Giấy tờ hợp lệ,,5.0
2233,Nhà hẻm ngõ,2.15,100.0,m²,3.0,2.0,1.0,20.0,"Phường Tân Phước Khánh, Thị xã Tân Uyên, Bình Dương",Bình Dương,Thị xã Tân Uyên,Giấy tờ hợp lệ,,5.0
2234,Nhà mặt tiền,14.0,121.0,m²,6.0,6.0,4.0,19.0,"Phường Dĩ An, Thành phố Dĩ An, Bình Dương",Bình Dương,Thành phố Dĩ An,Giấy tờ hợp lệ,,6.0
2235,Nhà mặt tiền,1.15,40.0,m²,2.0,2.0,,10.0,"Phường Thái Hòa, Thị xã Tân Uyên, Bình Dương",Bình Dương,Thị xã Tân Uyên,Hợp đồng mua bán,,4.0
2236,Nhà mặt tiền,1.7,90.0,m²,2.0,2.0,2.0,18.0,"Phường Tương Bình Hiệp, Thành phố thủ Dầu Một, Bình Dương",Bình Dương,Thành phố thủ Dầu Một,Giấy tờ hợp lệ,Đông,5.0
2237,Nhà hẻm ngõ,3.15,75.0,m²,4.0,3.0,3.0,15.0,"Phường Thuận Giao, Thành phố Thuận An, Bình Dương",Bình Dương,Thành phố Thuận An,Giấy tờ hợp lệ,Tây Bắc,5.0
2238,Nhà mặt tiền,3.95,90.0,m²,3.0,3.0,2.0,18.0,"Phường Phú Mỹ, Thành phố thủ Dầu Một, Bình Dương",Bình Dương,Thành phố thủ Dầu Một,Giấy tờ hợp lệ,,5.0
2239,Nhà hẻm ngõ,3.99,210.0,m²,8.0,7.0,,21.0,"Phường Tân Đông Hiệp, Thành phố Dĩ An, Bình Dương",Bình Dương,Thành phố Dĩ An,Giấy tờ hợp lệ,Đông Nam,10.0
2240,Nhà mặt tiền,3.35,65.0,m²,4.0,3.0,,,"Phường An Phú, Thành phố Thuận An, Bình Dương",Bình Dương,Thành phố Thuận An,Giấy tờ hợp lệ,,
2241,Nhà mặt tiền,1.5,70.0,m²,3.0,3.0,2.0,17.0,"Phường Tân Hiệp, Thị xã Tân Uyên, Bình Dương",Bình Dương,Thị xã Tân Uyên,Giấy tờ hợp lệ,,4.5
2242,Nhà mặt tiền,1.35,80.0,m²,2.0,1.0,,20.0,"Phường Khánh Bình, Thị xã Tân Uyên, Bình Dương",Bình Dương,Thị xã Tân Uyên,Giấy tờ hợp lệ,,4.2
2243,Nhà mặt tiền,5.5,161.0,m²,3.0,3.0,3.0,32.0,"Phường Thuận Giao, Thành phố Thuận An, Bình Dương",Bình Dương,Thành phố Thuận An,Giấy tờ hợp lệ,Nam,5.0
2244,Nhà mặt tiền,4.0,126.4,m²,4.0,,,,"Phường Tân Đông Hiệp, Thành phố Dĩ An, Bình Dương",Bình Dương,Thành phố Dĩ An,Giấy tờ hợp lệ,,
2245,Nhà mặt tiền,3.9,77.0,m²,4.0,3.0,,17.0,"Phường Tân Phước Khánh, Thị xã Tân Uyên, Bình Dương",Bình Dương,Thị xã Tân Uyên,Sổ hồng,,4.5
2246,Nhà hẻm ngõ,1.55,95.1,m²,3.0,2.0,1.0,19.0,"Phường Phú Mỹ, Thành phố thủ Dầu Một, Bình Dương",Bình Dương,Thành phố thủ Dầu Một,Giấy tờ hợp lệ,,5.0
2247,Nhà mặt tiền,1.89,72.0,m²,3.0,3.0,,16.0,"Đường HL409, Phường Tân Hiệp, Thị xã Tân Uyên, Bình Dương",Bình Dương,Thị xã Tân Uyên,Sổ hồng,Đông Bắc,4.5
2248,Nhà mặt tiền,5.2,122.0,m²,4.0,3.0,2.0,26.0,"Đường Vĩnh Phú 40, Phường Vĩnh Phú, Thành phố Thuận An, Bình Dương",Bình Dương,Thành phố Thuận An,Sổ hồng,,4.7
2249,Nhà mặt tiền,3.35,140.0,m²,6.0,7.0,,28.0,"Phường Tân Hiệp, Thị xã Tân Uyên, Bình Dương",Bình Dương,Thị xã Tân Uyên,Giấy tờ hợp lệ,,5.0
2250,Nhà hẻm ngõ,3.75,81.0,m²,3.0,2.0,2.0,16.5,"Phường Phú Hòa, Thành phố thủ Dầu Một, Bình Dương",Bình Dương,Thành phố thủ Dầu Một,Giấy tờ hợp lệ,Đông,5.0
2251,Nhà mặt tiền,2.85,120.0,m²,3.0,4.0,3.0,30.0,"Phường Tương Bình Hiệp, Thành phố thủ Dầu Một, Bình Dương",Bình Dương,Thành phố thủ Dầu Một,Giấy tờ hợp lệ,,4.0
2252,Nhà mặt tiền,5.6,150.0,m²,4.0,3.0,3.0,30.0,"Phường Phú Mỹ, Thành phố thủ Dầu Một, Bình Dương",Bình Dương,Thành phố thủ Dầu Một,Giấy tờ hợp lệ,,5.0
2253,Nhà mặt tiền,4.9,68.0,m²,3.0,4.0,3.0,,"Phường Tân Đông Hiệp, Thành phố Dĩ An, Bình Dương",Bình Dương,Thành phố Dĩ An,Giấy tờ hợp lệ,Nam,
2254,Nhà mặt tiền,1.35,80.0,m²,2.0,1.0,,20.0,"Phường Uyên Hưng, Thị xã Tân Uyên, Bình Dương",Bình Dương,Thị xã Tân Uyên,Giấy tờ hợp lệ,,4.2
2255,Nhà mặt tiền,4.8,60.0,m²,4.0,5.0,,12.0,"Phường Tân Đông Hiệp, Thành phố Dĩ An, Bình Dương",Bình Dương,Thành phố Dĩ An,Giấy tờ hợp lệ,,5.0
2256,Nhà mặt tiền,2.68,135.0,m²,4.0,5.0,,30.0,"Đường Phan Đăng Lưu, Phường Tương Bình Hiệp, Thành phố thủ Dầu Một, Bình Dương",Bình Dương,Thành phố thủ Dầu Một,Sổ hồng,Tây Bắc,4.5
2257,Nhà mặt tiền,2.6,125.0,m²,3.0,4.0,2.0,25.0,"Phường Tương Bình Hiệp, Thành phố thủ Dầu Một, Bình Dương",Bình Dương,Thành phố thủ Dầu Một,Giấy tờ hợp lệ,Đông Nam,5.0
2258,Nhà mặt tiền,4.48,100.0,m²,2.0,2.0,1.0,20.0,"Phường Hiệp Thành, Thành phố thủ Dầu Một, Bình Dương",Bình Dương,Thành phố thủ Dầu Một,Giấy tờ hợp lệ,Tây Bắc,5.0
2259,Nhà mặt tiền,2.75,120.0,m²,3.0,4.0,3.0,30.0,"Phường Tân An, Thành phố thủ Dầu Một, Bình Dương",Bình Dương,Thành phố thủ Dầu Một,Giấy tờ hợp lệ,,4.0
2260,Nhà mặt tiền,4.7,140.0,m²,4.0,,2.0,20.0,"Xã Thới Hòa, Thị Xã Bến Cát, Bình Dương",Bình Dương,Thị Xã Bến Cát,Giấy tờ hợp lệ,Đông Nam,7.0
2261,Nhà mặt tiền,1.55,150.0,m²,2.0,1.0,,30.0,"Xã Lai Uyên, Huyện Bàu Bàng, Bình Dương",Bình Dương,Huyện Bàu Bàng,Giấy tờ hợp lệ,,5.0
2262,Nhà mặt tiền,1.55,100.0,m²,3.0,1.0,1.0,20.0,"Xã Bạch Đằng, Thị xã Tân Uyên, Bình Dương",Bình Dương,Thị xã Tân Uyên,Giấy tờ hợp lệ,,5.0
2263,Nhà mặt tiền,3.35,60.0,m²,4.0,3.0,3.0,12.0,"Phường An Phú, Thành phố Thuận An, Bình Dương",Bình Dương,Thành phố Thuận An,Giấy tờ hợp lệ,,5.0
2264,Nhà mặt tiền,1.35,100.0,m²,3.0,2.0,,20.0,"Xã Bạch Đằng, Thị xã Tân Uyên, Bình Dương",Bình Dương,Thị xã Tân Uyên,Giấy tờ hợp lệ,,5.0
2265,Nhà mặt tiền,2.68,180.0,m²,2.0,3.0,,20.0,"Xã Trừ Văn Thố, Huyện Bàu Bàng, Bình Dương",Bình Dương,Huyện Bàu Bàng,Giấy tờ hợp lệ,,9.0
2266,Nhà mặt tiền,0.165,70.0,m²,3.0,,1.0,14.0,"Phường Tân Hiệp, Thị xã Tân Uyên, Bình Dương",Bình Dương,Thị xã Tân Uyên,Giấy tờ hợp lệ,,5.0
2267,Nhà mặt tiền,6.5,89.0,m²,4.0,4.0,,16.2,"Phường Dĩ An, Thành phố Dĩ An, Bình Dương",Bình Dương,Thành phố Dĩ An,Giấy tờ hợp lệ,,5.5
2268,Nhà mặt tiền,6.5,89.0,m²,4.0,4.0,3.0,16.2,"50, Đường Nguyễn Đức Thiệu, Phường Dĩ An, Thành phố Dĩ An, Bình Dương",Bình Dương,Thành phố Dĩ An,Sổ đỏ,Tây Bắc,5.5
2269,Nhà mặt tiền,3.45,60.0,m²,4.0,3.0,,12.0,"Phường An Phú, Thành phố Thuận An, Bình Dương",Bình Dương,Thành phố Thuận An,Giấy tờ hợp lệ,,5.0
2270,Nhà mặt tiền,7.8,140.0,m²,4.0,3.0,3.0,20.0,"Phường Hiệp Thành, Thành phố thủ Dầu Một, Bình Dương",Bình Dương,Thành phố thủ Dầu Một,Giấy tờ hợp lệ,Tây,7.0
2271,Nhà hẻm ngõ,1.35,40.0,m²,2.0,2.0,1.0,9.0,"Phường Dĩ An, Thành phố Dĩ An, Bình Dương",Bình Dương,Thành phố Dĩ An,Hợp đồng mua bán,,4.0
2272,Nhà mặt tiền,3.5,70.0,m²,4.0,4.0,3.0,17.0,"Phường Bình Chuẩn, Thành phố Thuận An, Bình Dương",Bình Dương,Thành phố Thuận An,Giấy tờ hợp lệ,,4.0
2273,Nhà mặt tiền,18.0,255.0,m²,11.0,7.0,,25.0,"Phường Dĩ An, Thành phố Dĩ An, Bình Dương",Bình Dương,Thành phố Dĩ An,Giấy tờ hợp lệ,,10.0
2274,Nhà hẻm ngõ,3.75,80.0,m²,3.0,2.0,1.0,16.0,"Phường Phú Hòa, Thành phố thủ Dầu Một, Bình Dương",Bình Dương,Thành phố thủ Dầu Một,Giấy tờ hợp lệ,Đông,5.0
2275,Nhà hẻm ngõ,3.9,90.0,m²,2.0,2.0,,20.0,"Phường Phú Lợi, Thành phố thủ Dầu Một, Bình Dương",Bình Dương,Thành phố thủ Dầu Một,Giấy tờ hợp lệ,,4.5
2276,Nhà mặt tiền,4.8,70.0,m²,3.0,3.0,2.0,14.0,"Phường Dĩ An, Thành phố Dĩ An, Bình Dương",Bình Dương,Thành phố Dĩ An,Giấy tờ hợp lệ,Đông Nam,5.0
2277,Nhà mặt tiền,0.75,80.0,m²,3.0,2.0,2.0,16.0,"Phường An Bình, Thành phố Dĩ An, Bình Dương",Bình Dương,Thành phố Dĩ An,Giấy tờ hợp lệ,,5.0
2278,Nhà mặt tiền,6.9,107.0,m²,5.0,5.0,3.0,20.0,"Phường Thuận Giao, Thành phố Thuận An, Bình Dương",Bình Dương,Thành phố Thuận An,Giấy tờ hợp lệ,Đông Nam,5.0
2279,Biệt thự,5.5,310.0,m²,4.0,3.0,2.0,31.0,"Phường Thuận Giao, Thành phố Thuận An, Bình Dương",Bình Dương,Thành phố Thuận An,Giấy tờ hợp lệ,,10.0
2280,Nhà hẻm ngõ,3.75,80.0,m²,3.0,2.0,1.0,16.0,"Phường Phú Hòa, Thành phố thủ Dầu Một, Bình Dương",Bình Dương,Thành phố thủ Dầu Một,Giấy tờ hợp lệ,Đông,5.0
2281,Nhà mặt tiền,15.0,883.0,m²,3.0,2.0,,,"Phường Dĩ An, Thành phố Dĩ An, Bình Dương",Bình Dương,Thành phố Dĩ An,Giấy tờ hợp lệ,,
2282,Nhà mặt tiền,0.766,95.0,m²,2.0,2.0,,15.0,"Phường Lái Thiêu, Thành phố Thuận An, Bình Dương",Bình Dương,Thành phố Thuận An,Giấy tờ hợp lệ,,6.0
2283,Nhà hẻm ngõ,3.99,209.0,m²,9.0,7.0,,21.0,"Phường Tân Bình, Thành phố Dĩ An, Bình Dương",Bình Dương,Thành phố Dĩ An,Giấy tờ hợp lệ,Đông Nam,10.0
2284,Nhà hẻm ngõ,2.2,200.0,m²,3.0,,,20.0,"Phường Tân An, Thành phố thủ Dầu Một, Bình Dương",Bình Dương,Thành phố thủ Dầu Một,Giấy tờ hợp lệ,,8.0
2285,Nhà mặt tiền,0.779,140.0,m²,2.0,2.0,,20.0,"Xã Hòa Lợi, Thị Xã Bến Cát, Bình Dương",Bình Dương,Thị Xã Bến Cát,Giấy tờ hợp lệ,,7.0
2286,Nhà hẻm ngõ,3.8,93.0,m²,3.0,3.0,3.0,18.5,"Phường Tân Bình, Thành phố Dĩ An, Bình Dương",Bình Dương,Thành phố Dĩ An,Giấy tờ hợp lệ,,5.0
2287,Nhà mặt tiền,8.8,183.0,m²,1.0,1.0,,16.0,"Đường số 2, Phường Dĩ An, Thành phố Dĩ An, Bình Dương",Bình Dương,Thành phố Dĩ An,Sổ hồng,Tây Nam,11.5
2288,Nhà mặt tiền,0.89,90.0,m²,3.0,2.0,2.0,18.0,"Phường An Bình, Thành phố Dĩ An, Bình Dương",Bình Dương,Thành phố Dĩ An,Giấy tờ hợp lệ,,5.0
2289,Nhà mặt tiền,0.65,70.0,m²,3.0,2.0,,14.0,"Xã Vĩnh Tân, Thị xã Tân Uyên, Bình Dương",Bình Dương,Thị xã Tân Uyên,Giấy tờ hợp lệ,,5.0
2290,Nhà hẻm ngõ,4.2,100.0,m²,3.0,2.0,1.0,20.0,"Phường Phú Mỹ, Thành phố thủ Dầu Một, Bình Dương",Bình Dương,Thành phố thủ Dầu Một,Giấy tờ hợp lệ,Đông Nam,5.0
2291,Nhà mặt tiền,0.695,90.0,m²,2.0,2.0,2.0,18.0,"Phường Thuận Giao, Thành phố Thuận An, Bình Dương",Bình Dương,Thành phố Thuận An,Giấy tờ hợp lệ,,5.0
2292,Nhà mặt tiền,1.8,150.0,m²,2.0,,,30.0,"Xã Lai Uyên, Huyện Bàu Bàng, Bình Dương",Bình Dương,Huyện Bàu Bàng,Giấy tờ hợp lệ,Đông Nam,5.0
2293,Nhà mặt tiền,0.76,85.0,m²,2.0,2.0,2.0,17.0,"Phường Phú Lợi, Thành phố thủ Dầu Một, Bình Dương",Bình Dương,Thành phố thủ Dầu Một,Giấy tờ hợp lệ,,5.0
2294,Nhà mặt tiền,1.85,78.0,m²,3.0,3.0,1.0,17.0,"Phường Tân Hiệp, Thị xã Tân Uyên, Bình Dương",Bình Dương,Thị xã Tân Uyên,Giấy tờ hợp lệ,,4.5
2295,Nhà mặt tiền,3.7,100.0,m²,2.0,,,,"Phường Dĩ An, Thành phố Dĩ An, Bình Dương",Bình Dương,Thành phố Dĩ An,Giấy tờ hợp lệ,,
2296,Nhà mặt tiền,0.678,68.0,m²,2.0,2.0,,17.0,"Phường Định Hòa, Thành phố thủ Dầu Một, Bình Dương",Bình Dương,Thành phố thủ Dầu Một,Giấy tờ hợp lệ,,4.0
2297,Nhà hẻm ngõ,4.44,56.0,m²,3.0,3.0,3.0,12.0,"Phường Bình Hòa, Thành phố Thuận An, Bình Dương",Bình Dương,Thành phố Thuận An,Giấy tờ hợp lệ,,4.7
2298,Nhà mặt tiền,0.88,70.0,m²,2.0,2.0,,14.0,"Phường Đông Hòa, Thành phố Dĩ An, Bình Dương",Bình Dương,Thành phố Dĩ An,Giấy tờ hợp lệ,,5.0
2299,Nhà hẻm ngõ,3.5,70.0,m²,3.0,2.0,1.0,18.0,"Phường Tân Đông Hiệp, Thành phố Dĩ An, Bình Dương",Bình Dương,Thành phố Dĩ An,Giấy tờ hợp lệ,Đông Nam,4.0
2300,Nhà mặt tiền,6.95,222.0,m²,2.0,,,38.0,"Phường Vĩnh Phú, Thành phố Thuận An, Bình Dương",Bình Dương,Thành phố Thuận An,Giấy tờ hợp lệ,,5.2
2301,Nhà hẻm ngõ,1.05,45.0,m²,2.0,,1.0,10.0,"Phường Đông Hòa, Thành phố Dĩ An, Bình Dương",Bình Dương,Thành phố Dĩ An,Đang chờ sổ,,4.5
2302,Nhà mặt tiền,0.725,80.0,m²,2.0,2.0,2.0,16.0,"Phường Đông Hòa, Thành phố Dĩ An, Bình Dương",Bình Dương,Thành phố Dĩ An,Giấy tờ hợp lệ,,5.0
2303,Nhà mặt tiền,11.0,300.0,m²,11.0,7.0,2.0,23.0,"Phường Tân Đông Hiệp, Thành phố Dĩ An, Bình Dương",Bình Dương,Thành phố Dĩ An,Giấy tờ hợp lệ,,13.0
2304,Nhà mặt tiền,0.7,78.0,m²,2.0,2.0,,13.0,"Phường Bình Nhâm, Thành phố Thuận An, Bình Dương",Bình Dương,Thành phố Thuận An,Giấy tờ hợp lệ,,6.0
2305,Nhà mặt tiền,0.6,70.0,m²,2.0,1.0,2.0,14.0,"Phường Bình Chuẩn, Thành phố Thuận An, Bình Dương",Bình Dương,Thành phố Thuận An,Giấy tờ hợp lệ,,5.0
2306,Nhà mặt tiền,2.4,100.0,m²,3.0,2.0,2.0,20.0,"Xã Vĩnh Tân, Thị xã Tân Uyên, Bình Dương",Bình Dương,Thị xã Tân Uyên,Giấy tờ hợp lệ,Đông Nam,5.0
2307,Nhà mặt tiền,1.65,99.0,m²,2.0,1.0,,19.0,"Phường Hòa Phú, Thành phố thủ Dầu Một, Bình Dương",Bình Dương,Thành phố thủ Dầu Một,Giấy tờ hợp lệ,,5.0
2308,Nhà mặt tiền,0.71,80.0,m²,3.0,3.0,,16.0,"Phường Thái Hòa, Thị xã Tân Uyên, Bình Dương",Bình Dương,Thị xã Tân Uyên,Giấy tờ hợp lệ,,5.0
2309,Nhà mặt tiền,0.65,75.0,m²,2.0,1.0,2.0,15.0,"Phường Phú Hòa, Thành phố thủ Dầu Một, Bình Dương",Bình Dương,Thành phố thủ Dầu Một,Giấy tờ hợp lệ,,5.0
2310,Nhà mặt tiền,1.1,84.0,m²,3.0,2.0,,17.0,"Phường Phú Hòa, Thành phố thủ Dầu Một, Bình Dương",Bình Dương,Thành phố thủ Dầu Một,Giấy tờ hợp lệ,,5.0
2311,Nhà hẻm ngõ,2.63,64.0,m²,3.0,,,16.0,"Phường Bình Chuẩn, Thành phố Thuận An, Bình Dương",Bình Dương,Thành phố Thuận An,Giấy tờ hợp lệ,,4.0
2312,Nhà mặt tiền,0.79,75.0,m²,2.0,2.0,,15.0,"Phường Vĩnh Phú, Thành phố Thuận An, Bình Dương",Bình Dương,Thành phố Thuận An,Giấy tờ hợp lệ,,5.0
2313,Nhà mặt tiền,0.98,300.0,m²,4.0,4.0,,30.0,"Thị trấn Mỹ Phước, Thị Xã Bến Cát, Bình Dương",Bình Dương,Thị Xã Bến Cát,Giấy tờ hợp lệ,,10.0
2314,Nhà mặt tiền,0.765,60.0,m²,2.0,2.0,,15.0,"Phường Bình Hòa, Thành phố Thuận An, Bình Dương",Bình Dương,Thành phố Thuận An,Giấy tờ hợp lệ,,4.0
2315,Nhà mặt tiền,0.81,75.0,m²,2.0,2.0,,15.0,"Xã Tân Định, Thị Xã Bến Cát, Bình Dương",Bình Dương,Thị Xã Bến Cát,Giấy tờ hợp lệ,,5.0
2316,Nhà mặt tiền,1.16,80.0,m²,3.0,2.0,,16.0,"Phường Vĩnh Phú, Thành phố Thuận An, Bình Dương",Bình Dương,Thành phố Thuận An,Giấy tờ hợp lệ,,5.0
2317,Nhà mặt tiền,0.87,75.0,m²,2.0,2.0,,15.0,"Phường Tân Đông Hiệp, Thành phố Dĩ An, Bình Dương",Bình Dương,Thành phố Dĩ An,Giấy tờ hợp lệ,,5.0
2318,Nhà hẻm ngõ,3.2,78.0,m²,3.0,2.0,1.0,21.0,"Phường Phú Lợi, Thành phố thủ Dầu Một, Bình Dương",Bình Dương,Thành phố thủ Dầu Một,Giấy tờ hợp lệ,Tây Bắc,3.5
2319,Nhà mặt tiền,1.55,150.0,m²,11.0,,,30.0,"Xã Lai Uyên, Huyện Bàu Bàng, Bình Dương",Bình Dương,Huyện Bàu Bàng,Giấy tờ hợp lệ,,5.0
2320,Nhà hẻm ngõ,4.95,75.0,m²,4.0,2.0,2.0,8.0,"Phường Dĩ An, Thành phố Dĩ An, Bình Dương",Bình Dương,Thành phố Dĩ An,Giấy tờ hợp lệ,Tây Nam,9.5
2321,Nhà mặt tiền,6.4,88.0,m²,3.0,4.0,2.0,16.0,"Phường Dĩ An, Thành phố Dĩ An, Bình Dương",Bình Dương,Thành phố Dĩ An,Giấy tờ hợp lệ,Tây Bắc,5.5
2322,Nhà mặt tiền,3.85,73.0,m²,3.0,2.0,2.0,18.5,"Phường Tân Đông Hiệp, Thành phố Dĩ An, Bình Dương",Bình Dương,Thành phố Dĩ An,Giấy tờ hợp lệ,Đông Nam,4.0
2323,Nhà mặt tiền,6.5,74.0,m²,4.0,5.0,2.0,18.0,"Phường Bình Chuẩn, Thành phố Thuận An, Bình Dương",Bình Dương,Thành phố Thuận An,Giấy tờ hợp lệ,Nam,4.0
2324,Nhà mặt tiền,0.75,100.0,m²,3.0,2.0,2.0,20.0,"Phường Khánh Bình, Thị xã Tân Uyên, Bình Dương",Bình Dương,Thị xã Tân Uyên,Giấy tờ hợp lệ,,5.0
2325,Nhà mặt tiền,0.75,85.0,m²,3.0,2.0,2.0,17.0,"Phường Thuận Giao, Thành phố Thuận An, Bình Dương",Bình Dương,Thành phố Thuận An,Giấy tờ hợp lệ,,5.0
2326,Nhà mặt tiền,0.8,100.0,m²,3.0,2.0,1.0,20.0,"Phường Bình Nhâm, Thành phố Thuận An, Bình Dương",Bình Dương,Thành phố Thuận An,Giấy tờ hợp lệ,,5.0
2327,Nhà mặt tiền,1.04,78.0,m²,2.0,,,13.0,"Phường Hiệp An, Thành phố thủ Dầu Một, Bình Dương",Bình Dương,Thành phố thủ Dầu Một,Giấy tờ hợp lệ,,6.0
2328,Nhà mặt tiền,1.05,90.0,m²,3.0,2.0,2.0,15.0,"Phường Dĩ An, Thành phố Dĩ An, Bình Dương",Bình Dương,Thành phố Dĩ An,Giấy tờ hợp lệ,,6.0
2329,Nhà mặt tiền,4.6,88.0,m²,3.0,4.0,2.0,16.0,"Phường Dĩ An, Thành phố Dĩ An, Bình Dương",Bình Dương,Thành phố Dĩ An,Giấy tờ hợp lệ,Tây Bắc,5.5
2330,Nhà mặt tiền,0.9,80.0,m²,2.0,2.0,,16.0,"Phường Chánh Mỹ, Thành phố thủ Dầu Một, Bình Dương",Bình Dương,Thành phố thủ Dầu Một,Giấy tờ hợp lệ,,5.0
2331,Nhà mặt tiền,4.3,82.0,m²,4.0,4.0,4.0,20.0,"Phường Tân Bình, Thành phố Dĩ An, Bình Dương",Bình Dương,Thành phố Dĩ An,Giấy tờ hợp lệ,,4.0
2332,Nhà mặt tiền,0.86,120.0,m²,2.0,2.0,2.0,20.0,"Phường An Bình, Thành phố Dĩ An, Bình Dương",Bình Dương,Thành phố Dĩ An,Giấy tờ hợp lệ,,6.0
2333,Nhà hẻm ngõ,3.15,114.0,m²,3.0,2.0,1.0,19.0,"Phường Hiệp An, Thành phố thủ Dầu Một, Bình Dương",Bình Dương,Thành phố thủ Dầu Một,Giấy tờ hợp lệ,,6.0
2334,Nhà mặt tiền,1.6,63.0,m²,3.0,3.0,2.0,14.0,"Phường Tân Hiệp, Thị xã Tân Uyên, Bình Dương",Bình Dương,Thị xã Tân Uyên,Giấy tờ hợp lệ,Đông Nam,4.5
2335,Nhà mặt tiền,0.95,120.0,m²,4.0,2.0,2.0,20.0,"Phường An Bình, Thành phố Dĩ An, Bình Dương",Bình Dương,Thành phố Dĩ An,Giấy tờ hợp lệ,,6.0
2336,Nhà hẻm ngõ,3.2,62.0,m²,2.0,1.0,,14.8,"Phường An Phú, Thành phố Thuận An, Bình Dương",Bình Dương,Thành phố Thuận An,Giấy tờ hợp lệ,,4.0
2337,Nhà mặt tiền,6.2,60.0,m²,3.0,4.0,2.0,12.0,"Phường Bình An, Thành phố Dĩ An, Bình Dương",Bình Dương,Thành phố Dĩ An,Giấy tờ hợp lệ,,5.0
2338,Nhà mặt tiền,1.26,70.0,m²,2.0,2.0,,14.0,"Phường Bình An, Thành phố Dĩ An, Bình Dương",Bình Dương,Thành phố Dĩ An,Giấy tờ hợp lệ,,5.0
2339,Nhà hẻm ngõ,4.7,72.0,m²,3.0,2.0,2.0,18.0,"Phường An Bình, Thành phố Dĩ An, Bình Dương",Bình Dương,Thành phố Dĩ An,Giấy tờ hợp lệ,,4.0
2340,Nhà mặt tiền,5.0,118.0,m²,2.0,,,17.3,"Phường Lái Thiêu, Thành phố Thuận An, Bình Dương",Bình Dương,Thành phố Thuận An,Giấy tờ hợp lệ,,6.8
2341,Nhà hẻm ngõ,3.1,56.0,m²,3.0,2.0,2.0,14.0,"Phường Đông Hòa, Thành phố Dĩ An, Bình Dương",Bình Dương,Thành phố Dĩ An,Giấy tờ hợp lệ,Đông Nam,4.0
2342,Nhà hẻm ngõ,2.75,70.0,m²,2.0,1.0,1.0,,"Phường Tân Đông Hiệp, Thành phố Dĩ An, Bình Dương",Bình Dương,Thành phố Dĩ An,Giấy tờ hợp lệ,,
2343,Nhà mặt tiền,3.8,69.0,m²,2.0,2.0,1.0,,"Phường Tân Bình, Thành phố Dĩ An, Bình Dương",Bình Dương,Thành phố Dĩ An,Giấy tờ hợp lệ,,
2344,Nhà mặt tiền,12.8,267.0,m²,4.0,3.0,2.0,,"Phường Dĩ An, Thành phố Dĩ An, Bình Dương",Bình Dương,Thành phố Dĩ An,Giấy tờ hợp lệ,,
2345,Nhà hẻm ngõ,1.59,55.0,m²,1.0,1.0,,11.0,"Phường Phú Lợi, Thành phố thủ Dầu Một, Bình Dương",Bình Dương,Thành phố thủ Dầu Một,Giấy tờ hợp lệ,Tây Bắc,5.0
2346,Nhà mặt tiền,3.1,70.0,m²,2.0,2.0,1.0,,"Phường Dĩ An, Thành phố Dĩ An, Bình Dương",Bình Dương,Thành phố Dĩ An,Giấy tờ hợp lệ,,
2347,Nhà mặt tiền,6.0,242.0,m²,11.0,7.0,,20.0,"Phường Phú Tân, Thành phố thủ Dầu Một, Bình Dương",Bình Dương,Thành phố thủ Dầu Một,Giấy tờ hợp lệ,,12.1
2348,Nhà hẻm ngõ,1.75,48.0,m²,2.0,,,,"Phường Phú Cường, Thành phố thủ Dầu Một, Bình Dương",Bình Dương,Thành phố thủ Dầu Một,Giấy tờ hợp lệ,,
2349,Nhà mặt tiền,8.5,364.0,m²,2.0,1.0,,45.5,"Phường Lái Thiêu, Thành phố Thuận An, Bình Dương",Bình Dương,Thành phố Thuận An,Giấy tờ hợp lệ,Đông Nam,8.0
2350,Nhà hẻm ngõ,3.25,81.0,m²,3.0,3.0,2.0,22.0,"Phường Bình Nhâm, Thành phố Thuận An, Bình Dương",Bình Dương,Thành phố Thuận An,Giấy tờ hợp lệ,,4.0
2351,Nhà mặt tiền,4.4,110.0,m²,4.0,2.0,1.0,24.5,"Phường Bình Nhâm, Thành phố Thuận An, Bình Dương",Bình Dương,Thành phố Thuận An,Giấy tờ hợp lệ,Đông Nam,4.5
2352,Nhà hẻm ngõ,6.0,259.0,m²,2.0,2.0,1.0,25.9,"Phường Tân Bình, Thành phố Dĩ An, Bình Dương",Bình Dương,Thành phố Dĩ An,Giấy tờ hợp lệ,,10.0
2353,Nhà mặt tiền,7.89,100.0,m²,2.0,2.0,,20.0,"Phường An Phú, Thành phố Thuận An, Bình Dương",Bình Dương,Thành phố Thuận An,Giấy tờ hợp lệ,,5.0
2354,Nhà mặt tiền,0.85,95.0,m²,3.0,2.0,2.0,19.0,"Phường Phú Cường, Thành phố thủ Dầu Một, Bình Dương",Bình Dương,Thành phố thủ Dầu Một,Giấy tờ hợp lệ,,5.0
2355,Nhà mặt tiền,4.35,64.0,m²,4.0,4.0,2.0,16.0,"Phường Tân Bình, Thành phố Dĩ An, Bình Dương",Bình Dương,Thành phố Dĩ An,Giấy tờ hợp lệ,,4.0
2356,Nhà mặt tiền,2.0,80.0,m²,3.0,3.0,2.0,,"Xã An Điền, Thị Xã Bến Cát, Bình Dương",Bình Dương,Thị Xã Bến Cát,Giấy tờ hợp lệ,,
2357,Nhà hẻm ngõ,3.7,105.1,m²,3.0,2.0,2.0,20.0,"Phường Phú Thọ, Thành phố thủ Dầu Một, Bình Dương",Bình Dương,Thành phố thủ Dầu Một,Giấy tờ hợp lệ,Đông Nam,5.0
2358,Nhà hẻm ngõ,3.7,105.1,m²,3.0,2.0,2.0,20.0,"Phường Phú Thọ, Thành phố thủ Dầu Một, Bình Dương",Bình Dương,Thành phố thủ Dầu Một,Giấy tờ hợp lệ,Đông Nam,5.0
2359,Nhà hẻm ngõ,3.0,130.0,m²,3.0,,1.0,,"Phường Tân Phước Khánh, Thị xã Tân Uyên, Bình Dương",Bình Dương,Thị xã Tân Uyên,Giấy tờ hợp lệ,Bắc,
2360,Nhà mặt tiền,3.88,64.0,m²,4.0,3.0,,,"Phường Thuận Giao, Thành phố Thuận An, Bình Dương",Bình Dương,Thành phố Thuận An,Giấy tờ hợp lệ,,
2361,Nhà hẻm ngõ,3.7,105.1,m²,3.0,2.0,2.0,20.0,"Phường Phú Thọ, Thành phố thủ Dầu Một, Bình Dương",Bình Dương,Thành phố thủ Dầu Một,Giấy tờ hợp lệ,Đông Nam,5.0
2362,Nhà mặt tiền,6.0,123.0,m²,3.0,3.0,1.0,,"Phường Đông Hòa, Thành phố Dĩ An, Bình Dương",Bình Dương,Thành phố Dĩ An,Giấy tờ hợp lệ,,
2363,Nhà hẻm ngõ,2.2,86.0,m²,2.0,1.0,,12.0,"Phường Chánh Mỹ, Thành phố thủ Dầu Một, Bình Dương",Bình Dương,Thành phố thủ Dầu Một,Giấy tờ hợp lệ,,7.2
2364,Nhà mặt tiền,2.4,160.0,m²,2.0,2.0,2.0,14.0,"Xã An Điền, Thị Xã Bến Cát, Bình Dương",Bình Dương,Thị Xã Bến Cát,Giấy tờ hợp lệ,Đông Nam,4.5
2365,Nhà hẻm ngõ,2.39,142.5,m²,2.0,2.0,1.0,31.8,"Phường Tương Bình Hiệp, Thành phố thủ Dầu Một, Bình Dương",Bình Dương,Thành phố thủ Dầu Một,Giấy tờ hợp lệ,Tây Bắc,4.5
2366,Nhà mặt tiền,1.88,150.0,m²,5.0,,,30.0,"Xã Lai Uyên, Huyện Bàu Bàng, Bình Dương",Bình Dương,Huyện Bàu Bàng,Giấy tờ hợp lệ,,5.0
2367,Nhà mặt tiền,4.8,70.0,m²,3.0,3.0,,15.5,"Phường Tân Bình, Thành phố Dĩ An, Bình Dương",Bình Dương,Thành phố Dĩ An,Giấy tờ hợp lệ,Đông Nam,4.5
2368,Nhà mặt tiền,9.0,125.0,m²,1.0,1.0,1.0,25.0,"Phường Dĩ An, Thành phố Dĩ An, Bình Dương",Bình Dương,Thành phố Dĩ An,Giấy tờ hợp lệ,Đông Bắc,5.0
2369,Nhà mặt tiền,3.8,140.0,m²,,,,35.0,"Đường Nguyễn An Ninh, Thị trấn Cần Giuộc, Huyện Cần Giuộc, Long An",Long An,Huyện Cần Giuộc,Sổ hồng,,4.0
2370,Nhà hẻm ngõ,2.4,160.0,m²,3.0,1.0,1.0,32.0,"Đường 36M, Xã Mỹ Hạnh Bắc, Huyện Đức Hoà, Long An",Long An,Huyện Đức Hoà,Sổ hồng,,5.0
2371,Nhà mặt tiền,2.0,160.0,m²,2.0,2.0,,20.0,"235, Đường võ thị sáu, Thị trấn Tân Hưng, Huyện Tân Hưng, Long An",Long An,Huyện Tân Hưng,Sổ hồng,,8.0
2372,Nhà mặt tiền,5.4,300.0,m²,,,1.0,38.0,"Đường Hương Lộ 20, Xã Phước Lâm, Huyện Cần Giuộc, Long An",Long An,Huyện Cần Giuộc,Sổ hồng,,8.0
2373,Nhà mặt tiền,1.0,67.5,m²,2.0,2.0,1.0,15.0,"Đường Tỉnh lộ 9, Xã Mỹ Hạnh Bắc, Huyện Đức Hoà, Long An",Long An,Huyện Đức Hoà,Sổ hồng,,4.5
2374,Nhà mặt tiền,2.8,125.0,m²,3.0,2.0,2.0,23.0,"Xã Mỹ Hạnh Nam, Huyện Đức Hoà, Long An",Long An,Huyện Đức Hoà,Giấy tờ hợp lệ,Đông,5.0
2375,Biệt thự,3.76,100.0,m²,3.0,3.0,,20.0,"TP. Tân An, Long An",Long An,TP. Tân An,Sổ đỏ,Đông Bắc,5.0
2376,Nhà mặt tiền,7.2,146.0,m²,4.0,4.0,3.0,20.0,"Đường Hùng Vương, Phường 6, TP. Tân An, Long An",Long An,TP. Tân An,Sổ đỏ,Đông Bắc,7.2
2377,Nhà mặt tiền,2.5,80.0,m²,4.0,4.0,3.0,16.0,"Xã Mỹ Yên, Huyện Bến Lức, Long An",Long An,Huyện Bến Lức,Giấy tờ hợp lệ,Nam,5.0
2378,Nhà mặt tiền,2.08,80.0,m²,3.0,2.0,1.0,20.0,"Thị trấn Cần Giuộc, Huyện Cần Giuộc, Long An",Long An,Huyện Cần Giuộc,Giấy tờ hợp lệ,,4.0
2379,Nhà mặt tiền,14.5,1196.0,m²,1.0,1.0,1.0,52.0,"Thị trấn Đức Hòa, Huyện Đức Hoà, Long An",Long An,Huyện Đức Hoà,Giấy tờ hợp lệ,Bắc,23.0
2380,Nhà mặt tiền,1.32,48.0,m²,2.0,2.0,,12.0,"Xã Mỹ Hạnh Bắc, Huyện Đức Hoà, Long An",Long An,Huyện Đức Hoà,Giấy tờ hợp lệ,,4.0
2381,Nhà mặt tiền,2.44,110.0,m²,2.0,1.0,,23.1,"Xã Mỹ Lộc, Huyện Cần Giuộc, Long An",Long An,Huyện Cần Giuộc,Giấy tờ hợp lệ,Tây Bắc,4.7
2382,Nhà hẻm ngõ,0.85,80.0,m²,3.0,2.0,,,"Xã Long Trạch, Huyện Cần Đước, Long An",Long An,Huyện Cần Đước,Giấy tờ hợp lệ,,
2383,Nhà mặt tiền,3.37,90.0,m²,3.0,3.0,,18.0,"Xã Phước Lý, Huyện Cần Giuộc, Long An",Long An,Huyện Cần Giuộc,Giấy tờ hợp lệ,,5.0
2384,Nhà mặt tiền,5.6,75.0,m²,4.0,3.0,4.0,15.0,"Thị trấn Hậu Nghĩa, Huyện Đức Hoà, Long An",Long An,Huyện Đức Hoà,Đang chờ sổ,Đông,5.0
2385,Nhà mặt tiền,1.79,306.0,m²,3.0,3.0,1.0,25.0,"Đường Trương Định, Thị trấn Cần Đước, Huyện Cần Đước, Long An",Long An,Huyện Cần Đước,Sổ hồng,Bắc,5.0
2386,Nhà hẻm ngõ,1.5,148.0,m²,2.0,1.0,,30.0,"Đường Hà Văn Sáu, Xã Quê Mỹ Thạnh, Huyện Tân Trụ, Long An",Long An,Huyện Tân Trụ,Sổ hồng,Bắc,5.0
2387,Nhà hẻm ngõ,2.5,330.4,m²,4.0,3.0,3.0,37.0,"Đường Ấp 1, Xã Tân trạch, Huyện Cần Đước, Long An",Long An,Huyện Cần Đước,Sổ hồng,Tây Nam,9.0
2388,Nhà mặt tiền,4.6,93.0,m²,4.0,4.0,4.0,18.6,"Huyện Bến Lức, Long An",Long An,Huyện Bến Lức,Sổ hồng,,5.0
2389,Nhà mặt tiền,3.7,209.0,m²,3.0,3.0,,38.0,"Xã Long Trạch, Huyện Cần Đước, Long An",Long An,Huyện Cần Đước,Giấy tờ hợp lệ,,5.5
2390,Nhà mặt tiền,0.98,48.0,m²,2.0,2.0,1.0,12.0,"Xã Mỹ Hạnh Nam, Huyện Đức Hoà, Long An",Long An,Huyện Đức Hoà,Giấy tờ hợp lệ,,4.0
2391,Nhà hẻm ngõ,1.99,60.0,m²,3.0,3.0,,15.0,"Xã Tân Kim, Huyện Cần Giuộc, Long An",Long An,Huyện Cần Giuộc,Giấy tờ hợp lệ,Nam,4.0
2392,Nhà mặt tiền,3.2,70.0,m²,2.0,2.0,,17.0,"Phường 4, TP. Tân An, Long An",Long An,TP. Tân An,Giấy tờ hợp lệ,Tây Nam,4.0
2393,Nhà mặt tiền,4.5,145.0,m²,5.0,5.0,2.0,29.0,"Xã Mỹ Hạnh Nam, Huyện Đức Hoà, Long An",Long An,Huyện Đức Hoà,Giấy tờ hợp lệ,Tây Nam,5.0
2394,Nhà mặt tiền,0.59,32.0,m²,2.0,2.0,1.0,8.0,"Đường Tỉnh lộ 9, Xã Mỹ Hạnh Bắc, Huyện Đức Hoà, Long An",Long An,Huyện Đức Hoà,Sổ hồng,,4.0
2395,Nhà hẻm ngõ,1.55,117.0,m²,2.0,1.0,1.0,24.0,"Xã Mỹ Hạnh Nam, Huyện Đức Hoà, Long An",Long An,Huyện Đức Hoà,Giấy tờ hợp lệ,Nam,5.0
2396,Nhà mặt tiền,0.98,75.0,m²,2.0,2.0,1.0,15.0,"Xã Mỹ Hạnh Nam, Huyện Đức Hoà, Long An",Long An,Huyện Đức Hoà,Giấy tờ hợp lệ,,5.0
2397,Nhà mặt tiền,0.395,32.0,m²,2.0,2.0,1.0,8.0,"Đường Tỉnh lộ 9, Xã Mỹ Hạnh Bắc, Huyện Đức Hoà, Long An",Long An,Huyện Đức Hoà,Sổ hồng,,4.0
2398,Nhà mặt tiền,5.4,108.0,m²,8.0,7.0,4.0,20.0,"Xã Long Hậu, Huyện Cần Giuộc, Long An",Long An,Huyện Cần Giuộc,Giấy tờ hợp lệ,Tây,6.0
2399,Nhà hẻm ngõ,0.68,48.0,m²,3.0,2.0,1.0,12.0,"Xã Mỹ Hạnh Nam, Huyện Đức Hoà, Long An",Long An,Huyện Đức Hoà,Giấy tờ hợp lệ,,4.0
2400,Nhà hẻm ngõ,0.625,25.0,m²,2.0,2.0,1.0,5.0,"Xã Mỹ Hạnh Nam, Huyện Đức Hoà, Long An",Long An,Huyện Đức Hoà,Giấy tờ hợp lệ,Đông Nam,5.0
2401,Nhà hẻm ngõ,1.05,100.0,m²,3.0,2.0,,,"Xã Long Trạch, Huyện Cần Đước, Long An",Long An,Huyện Cần Đước,Giấy tờ hợp lệ,,
2402,Nhà mặt tiền,1.2,136.0,m²,4.0,4.0,2.0,34.0,"Xã Phước Vân, Huyện Cần Đước, Long An",Long An,Huyện Cần Đước,Giấy tờ hợp lệ,,4.0
2403,Nhà hẻm ngõ,1.8,100.0,m²,2.0,1.0,,25.0,"Xã Long Trạch, Huyện Cần Đước, Long An",Long An,Huyện Cần Đước,Giấy tờ hợp lệ,,4.0
2404,Nhà mặt tiền,2.8,127.0,m²,3.0,3.0,1.0,27.0,"Đường Trương Định, Thị trấn Cần Đước, Huyện Cần Đước, Long An",Long An,Huyện Cần Đước,Sổ hồng,Tây,5.0
2405,Nhà hẻm ngõ,3.6,420.0,m²,11.0,7.0,2.0,61.0,"Xã Đức Hòa Đông, Huyện Đức Hoà, Long An",Long An,Huyện Đức Hoà,Giấy tờ hợp lệ,Nam,7.0
2406,Nhà hẻm ngõ,0.525,20.0,m²,1.0,1.0,1.0,5.0,"Thị trấn Đức Hòa, Huyện Đức Hoà, Long An",Long An,Huyện Đức Hoà,Giấy tờ hợp lệ,Đông Nam,4.0
2407,Nhà mặt tiền,2.65,105.0,m²,3.0,2.0,1.0,21.0,"Xã Mỹ Hạnh Bắc, Huyện Đức Hoà, Long An",Long An,Huyện Đức Hoà,Giấy tờ hợp lệ,Đông,5.0
2408,Nhà mặt tiền,2.9,91.0,m²,3.0,2.0,2.0,24.0,"Xã Phước Lý, Huyện Cần Giuộc, Long An",Long An,Huyện Cần Giuộc,Giấy tờ hợp lệ,,4.0
2409,Nhà hẻm ngõ,1.39,40.0,m²,2.0,2.0,1.0,8.0,"Xã Tân Kim, Huyện Cần Giuộc, Long An",Long An,Huyện Cần Giuộc,Giấy tờ hợp lệ,,5.7
2410,Nhà hẻm ngõ,0.65,32.0,m²,2.0,1.0,1.0,8.0,"Xã Long Thượng, Huyện Cần Giuộc, Long An",Long An,Huyện Cần Giuộc,Hợp đồng mua bán,Tây Nam,4.0
2411,Nhà mặt tiền,4.78,174.0,m²,4.0,4.0,,10.0,"Huyện Đức Hoà, Long An",Long An,Huyện Đức Hoà,Sổ hồng,Bắc,9.0
2412,Nhà hẻm ngõ,0.79,255.0,m²,3.0,2.0,1.0,42.0,"Xã Tân Chánh, Huyện Cần Đước, Long An",Long An,Huyện Cần Đước,Giấy tờ hợp lệ,Tây,6.0
2413,Nhà mặt tiền,6.9,235.0,m²,2.0,1.0,1.0,47.0,"Xã Đức Hòa Hạ, Huyện Đức Hoà, Long An",Long An,Huyện Đức Hoà,Giấy tờ hợp lệ,Đông Nam,5.0
2414,Nhà hẻm ngõ,0.59,32.0,m²,2.0,1.0,1.0,8.0,"Đường Nguyễn Thị Chanh, Xã Long Thượng, Huyện Cần Giuộc, Long An",Long An,Huyện Cần Giuộc,Hợp đồng mua bán,Tây Nam,4.0
2415,Nhà mặt tiền,2.4,75.0,m²,4.0,3.0,,15.0,"Xã Mỹ Hạnh Nam, Huyện Đức Hoà, Long An",Long An,Huyện Đức Hoà,Đang chờ sổ,,5.0
2416,Nhà mặt tiền,1.25,68.0,m²,2.0,2.0,1.0,15.0,"Xã Mỹ Hạnh Nam, Huyện Đức Hoà, Long An",Long An,Huyện Đức Hoà,Giấy tờ hợp lệ,,4.5
2417,Nhà mặt tiền,3.75,367.0,m²,2.0,3.0,1.0,37.0,"Xã Long Cang, Huyện Cần Đước, Long An",Long An,Huyện Cần Đước,Giấy tờ hợp lệ,Tây,10.0
2418,Nhà mặt tiền,0.69,40.0,m²,2.0,2.0,1.0,10.0,"Xã Mỹ Hạnh Nam, Huyện Đức Hoà, Long An",Long An,Huyện Đức Hoà,Giấy tờ hợp lệ,,4.0
2419,Nhà hẻm ngõ,0.829,57.0,m²,3.0,2.0,1.0,11.4,"Xã Tân Lân, Huyện Cần Đước, Long An",Long An,Huyện Cần Đước,Giấy tờ hợp lệ,,5.0
2420,Nhà hẻm ngõ,0.94,76.4,m²,3.0,2.0,,18.0,"Xã Mỹ Lộc, Huyện Cần Giuộc, Long An",Long An,Huyện Cần Giuộc,Giấy tờ hợp lệ,,4.5
2421,Nhà mặt tiền,0.48,39.0,m²,2.0,2.0,1.0,,"Xã Hòa Khánh Đông, Huyện Đức Hoà, Long An",Long An,Huyện Đức Hoà,Hợp đồng mua bán,Đông Nam,
2422,Nhà hẻm ngõ,0.65,40.0,m²,2.0,2.0,,8.0,"Xã Mỹ Hạnh Nam, Huyện Đức Hoà, Long An",Long An,Huyện Đức Hoà,Giấy tờ hợp lệ,,4.0
2423,Nhà mặt tiền,2.8,96.7,m²,3.0,3.0,2.0,17.3,"Xã Mỹ Hạnh Bắc, Huyện Đức Hoà, Long An",Long An,Huyện Đức Hoà,Giấy tờ hợp lệ,,5.0
2424,Nhà hẻm ngõ,0.595,40.0,m²,2.0,2.0,1.0,10.0,"Xã Mỹ Hạnh Nam, Huyện Đức Hoà, Long An",Long An,Huyện Đức Hoà,Giấy tờ hợp lệ,,4.0
2425,Nhà mặt tiền,0.35,44.0,m²,2.0,2.0,1.0,11.0,"Đường DT 824, Thị trấn Đức Hòa, Huyện Đức Hoà, Long An",Long An,Huyện Đức Hoà,Sổ hồng,Đông Bắc,4.0
2426,Nhà hẻm ngõ,0.485,16.0,m²,1.0,1.0,2.0,4.0,"Xã Mỹ Hạnh Bắc, Huyện Đức Hoà, Long An",Long An,Huyện Đức Hoà,Giấy tờ hợp lệ,Đông Bắc,4.0
2427,Nhà mặt tiền,2.28,108.0,m²,4.0,,,24.0,"Thị trấn Cần Đước, Huyện Cần Đước, Long An",Long An,Huyện Cần Đước,Giấy tờ hợp lệ,,4.5
2428,Nhà mặt tiền,1.9,50.0,m²,3.0,3.0,3.0,12.0,"Đường N5, Xã Đức Lập Hạ, Huyện Đức Hoà, Long An",Long An,Huyện Đức Hoà,Sổ hồng,Bắc,4.0
2429,Nhà mặt tiền,0.525,20.0,m²,1.0,1.0,,5.0,"Thị trấn Đức Hòa, Huyện Đức Hoà, Long An",Long An,Huyện Đức Hoà,Giấy tờ hợp lệ,,4.0
2430,Nhà hẻm ngõ,1.69,39.0,m²,3.0,3.0,2.0,11.0,"Xã Tân Kim, Huyện Cần Giuộc, Long An",Long An,Huyện Cần Giuộc,Giấy tờ hợp lệ,,3.6
2431,Nhà mặt tiền,11.5,150.0,m²,,,,15.0,"Đường Phan Văn Mảng, Thị trấn Bến Lức, Huyện Bến Lức, Long An",Long An,Huyện Bến Lức,Sổ hồng,,10.0
2432,Nhà hẻm ngõ,0.55,20.0,m²,2.0,2.0,1.0,5.0,"Xã Mỹ Hạnh Nam, Huyện Đức Hoà, Long An",Long An,Huyện Đức Hoà,Giấy tờ hợp lệ,,4.0
2433,Nhà hẻm ngõ,0.735,82.8,m²,2.0,,1.0,15.9,"Thị trấn Cần Giuộc, Huyện Cần Giuộc, Long An",Long An,Huyện Cần Giuộc,Giấy tờ hợp lệ,,5.2
2434,Nhà mặt tiền,3.6,150.0,m²,11.0,7.0,2.0,25.0,"Xã Long Hiệp, Huyện Bến Lức, Long An",Long An,Huyện Bến Lức,Giấy tờ hợp lệ,,6.0
2435,Nhà hẻm ngõ,0.69,48.0,m²,2.0,2.0,1.0,12.0,"Xã Mỹ Hạnh Nam, Huyện Đức Hoà, Long An",Long An,Huyện Đức Hoà,Giấy tờ hợp lệ,,4.0
2436,Nhà mặt tiền,3.5,262.0,m²,3.0,2.0,,32.0,"Xã Long Thượng, Huyện Cần Giuộc, Long An",Long An,Huyện Cần Giuộc,Giấy tờ hợp lệ,,8.0
2437,Nhà mặt tiền,2.5,96.5,m²,3.0,2.0,1.0,19.5,"Xã Mỹ Hạnh Nam, Huyện Đức Hoà, Long An",Long An,Huyện Đức Hoà,Giấy tờ hợp lệ,Đông Nam,5.1
2438,Nhà hẻm ngõ,2.5,50.9,m²,2.0,2.0,,12.5,"Xã Long Hậu, Huyện Cần Giuộc, Long An",Long An,Huyện Cần Giuộc,Giấy tờ hợp lệ,Bắc,4.0
2439,Nhà hẻm ngõ,1.65,42.0,m²,2.0,2.0,2.0,10.5,"Xã Tân Kim, Huyện Cần Giuộc, Long An",Long An,Huyện Cần Giuộc,Giấy tờ hợp lệ,Nam,4.0
2440,Nhà hẻm ngõ,1.75,126.0,m²,1.0,,,27.0,"Xã Long Thượng, Huyện Cần Giuộc, Long An",Long An,Huyện Cần Giuộc,Giấy tờ hợp lệ,Đông Bắc,4.2
2441,Nhà hẻm ngõ,5.3,1000.0,m²,3.0,1.0,,33.0,"Xã Thanh Phú, Huyện Bến Lức, Long An",Long An,Huyện Bến Lức,Giấy tờ hợp lệ,,31.0
2442,Nhà hẻm ngõ,0.825,48.2,m²,2.0,2.0,1.0,12.0,"Xã Tân Kim, Huyện Cần Giuộc, Long An",Long An,Huyện Cần Giuộc,Giấy tờ hợp lệ,,4.0
2443,Nhà mặt tiền,105.0,7500.0,m²,20.0,20.0,3.0,85.0,"Đường Tỉnh Lộ 10, Xã Đức Hòa Hạ, Huyện Đức Hoà, Long An",Long An,Huyện Đức Hoà,Sổ hồng,,89.0
2444,Nhà mặt tiền,1.2,40.0,m²,2.0,2.0,2.0,10.0,"Xã Mỹ Hạnh Nam, Huyện Đức Hoà, Long An",Long An,Huyện Đức Hoà,Giấy tờ hợp lệ,Đông Bắc,4.0
2445,Nhà hẻm ngõ,2.8,160.0,m²,2.0,2.0,1.0,20.0,"Xã Phước Lý, Huyện Cần Giuộc, Long An",Long An,Huyện Cần Giuộc,Giấy tờ hợp lệ,Tây Nam,8.0
2446,Nhà hẻm ngõ,0.65,40.0,m²,2.0,2.0,1.0,10.0,"Xã Mỹ Hạnh Nam, Huyện Đức Hoà, Long An",Long An,Huyện Đức Hoà,Giấy tờ hợp lệ,,4.0
2447,Nhà mặt tiền,1.35,40.0,m²,2.0,2.0,1.0,10.0,"Thị trấn Đức Hòa, Huyện Đức Hoà, Long An",Long An,Huyện Đức Hoà,Giấy tờ hợp lệ,Đông Bắc,4.0
2448,Nhà mặt tiền,0.75,44.0,m²,2.0,2.0,1.0,11.0,"Xã Mỹ Hạnh Nam, Huyện Đức Hoà, Long An",Long An,Huyện Đức Hoà,Giấy tờ hợp lệ,,4.0
2449,Nhà hẻm ngõ,0.595,32.0,m²,2.0,2.0,2.0,8.0,"Xã Mỹ Hạnh Nam, Huyện Đức Hoà, Long An",Long An,Huyện Đức Hoà,Giấy tờ hợp lệ,,4.0
2450,Nhà mặt tiền,2.2,161.0,m²,4.0,3.0,,32.0,"Xã Mỹ Hạnh Nam, Huyện Đức Hoà, Long An",Long An,Huyện Đức Hoà,Giấy tờ hợp lệ,Đông Nam,5.0
2451,Nhà mặt tiền,1.65,59.0,m²,3.0,2.0,2.0,8.0,"Xã Mỹ Hạnh Nam, Huyện Đức Hoà, Long An",Long An,Huyện Đức Hoà,Giấy tờ hợp lệ,,7.0
2452,Nhà hẻm ngõ,0.465,76.0,m²,2.0,1.0,1.0,19.0,"Xã Mỹ Hạnh Nam, Huyện Đức Hoà, Long An",Long An,Huyện Đức Hoà,Giấy tờ hợp lệ,,4.0
2453,Nhà mặt tiền,1.3,40.0,m²,2.0,2.0,2.0,10.0,"Xã Long Thượng, Huyện Cần Giuộc, Long An",Long An,Huyện Cần Giuộc,Giấy tờ hợp lệ,Nam,4.0
2454,Nhà hẻm ngõ,4.5,1200.0,m²,1.0,1.0,1.0,,"Xã Phước Lại, Huyện Cần Giuộc, Long An",Long An,Huyện Cần Giuộc,Giấy tờ hợp lệ,,
2455,Nhà hẻm ngõ,2.58,125.0,m²,3.0,2.0,1.0,25.0,"Xã Mỹ Hạnh Bắc, Huyện Đức Hoà, Long An",Long An,Huyện Đức Hoà,Giấy tờ hợp lệ,Nam,5.0
2456,Nhà hẻm ngõ,0.68,24.0,m²,2.0,,2.0,6.0,"Xã Tân Kim, Huyện Cần Giuộc, Long An",Long An,Huyện Cần Giuộc,Hợp đồng mua bán,,4.0
2457,Nhà mặt tiền,1.75,72.0,m²,4.0,2.0,,18.0,"Xã Mỹ Hạnh Bắc, Huyện Đức Hoà, Long An",Long An,Huyện Đức Hoà,Giấy tờ hợp lệ,,4.0
2458,Nhà mặt tiền,2.9,120.0,m²,3.0,3.0,,24.0,"Xã Long Trạch, Huyện Cần Đước, Long An",Long An,Huyện Cần Đước,Giấy tờ hợp lệ,,5.0
2459,Nhà hẻm ngõ,2.4,85.0,m²,6.0,3.0,4.0,17.0,"Thị trấn Cần Đước, Huyện Cần Đước, Long An",Long An,Huyện Cần Đước,Giấy tờ hợp lệ,,5.0
2460,Nhà mặt tiền,2.1,85.0,m²,4.0,2.0,1.0,19.6,"Xã Long Trạch, Huyện Cần Đước, Long An",Long An,Huyện Cần Đước,Giấy tờ hợp lệ,Đông Bắc,4.2
2461,Nhà hẻm ngõ,1.35,100.0,m²,3.0,2.0,,20.0,"Xã Phước Lý, Huyện Cần Giuộc, Long An",Long An,Huyện Cần Giuộc,Giấy tờ hợp lệ,,5.0
2462,Nhà mặt tiền,0.479,16.0,m²,2.0,,1.0,4.0,"Xã Mỹ Hạnh Bắc, Huyện Đức Hoà, Long An",Long An,Huyện Đức Hoà,Giấy tờ hợp lệ,,4.0
2463,Nhà hẻm ngõ,1.5,70.0,m²,3.0,1.0,1.0,13.0,"Xã Mỹ Hạnh Nam, Huyện Đức Hoà, Long An",Long An,Huyện Đức Hoà,Giấy tờ hợp lệ,Đông Bắc,5.2
2464,Nhà hẻm ngõ,2.58,125.0,m²,3.0,3.0,,25.0,"Xã Mỹ Hạnh Bắc, Huyện Đức Hoà, Long An",Long An,Huyện Đức Hoà,Giấy tờ hợp lệ,,5.0
2465,Nhà hẻm ngõ,1.34,40.0,m²,2.0,2.0,1.0,10.0,"Thị trấn Đức Hòa, Huyện Đức Hoà, Long An",Long An,Huyện Đức Hoà,Giấy tờ hợp lệ,Tây Nam,4.0
2466,Nhà mặt tiền,0.78,40.0,m²,2.0,2.0,1.0,10.0,"Xã Mỹ Hạnh Bắc, Huyện Đức Hoà, Long An",Long An,Huyện Đức Hoà,Giấy tờ hợp lệ,,4.0
2467,Nhà hẻm ngõ,2.8,104.0,m²,3.0,3.0,1.0,26.0,"Xã Long Trạch, Huyện Cần Đước, Long An",Long An,Huyện Cần Đước,Giấy tờ hợp lệ,,4.0
2468,Nhà mặt tiền,2.3,75.0,m²,3.0,3.0,,15.0,"Xã Mỹ Hạnh Nam, Huyện Đức Hoà, Long An",Long An,Huyện Đức Hoà,Giấy tờ hợp lệ,,5.0
2469,Nhà mặt tiền,33.0,3172.0,m²,5.0,6.0,2.0,57.0,"Xã Long Khê, Huyện Cần Đước, Long An",Long An,Huyện Cần Đước,Giấy tờ hợp lệ,,20.0
2470,Nhà hẻm ngõ,0.59,48.0,m²,2.0,2.0,1.0,12.0,"Xã Mỹ Hạnh Nam, Huyện Đức Hoà, Long An",Long An,Huyện Đức Hoà,Giấy tờ hợp lệ,,4.0
2471,Nhà mặt tiền,2.75,136.0,m²,3.0,2.0,2.0,22.7,"Xã Mỹ Hạnh Nam, Huyện Đức Hoà, Long An",Long An,Huyện Đức Hoà,Giấy tờ hợp lệ,,6.0
2472,Nhà mặt tiền,1.49,105.0,m²,3.0,2.0,,21.0,"Xã Phước Lợi, Huyện Bến Lức, Long An",Long An,Huyện Bến Lức,Giấy tờ hợp lệ,,5.0
2473,Nhà hẻm ngõ,1.15,115.0,m²,2.0,1.0,,23.0,"Xã Mỹ Hạnh Bắc, Huyện Đức Hoà, Long An",Long An,Huyện Đức Hoà,Giấy tờ hợp lệ,,5.0
2474,Nhà mặt tiền,1.9,75.0,m²,4.0,3.0,,15.0,"Xã Mỹ Hạnh Nam, Huyện Đức Hoà, Long An",Long An,Huyện Đức Hoà,Đang chờ sổ,,5.0
2475,Nhà mặt tiền,1.25,36.0,m²,2.0,2.0,1.0,9.0,"Xã Long Thượng, Huyện Cần Giuộc, Long An",Long An,Huyện Cần Giuộc,Giấy tờ hợp lệ,Đông,4.0
2476,Nhà mặt tiền,1.45,66.7,m²,3.0,2.0,2.0,16.5,"Xã Mỹ Hạnh Bắc, Huyện Đức Hoà, Long An",Long An,Huyện Đức Hoà,Đang chờ sổ,Tây,4.0
2477,Nhà mặt tiền,4.5,100.8,m²,4.0,4.0,4.0,,"Thị trấn Bến Lức, Huyện Bến Lức, Long An",Long An,Huyện Bến Lức,Giấy tờ hợp lệ,Nam,
2478,Nhà mặt tiền,4.5,100.0,m²,4.0,,4.0,20.0,"Thị trấn Bến Lức, Huyện Bến Lức, Long An",Long An,Huyện Bến Lức,Giấy tờ hợp lệ,Nam,5.0
2479,Nhà mặt tiền,3.6,90.0,m²,3.0,3.0,,15.0,"Xã Lương Hòa, Huyện Bến Lức, Long An",Long An,Huyện Bến Lức,Đang chờ sổ,,6.0
2480,Nhà hẻm ngõ,2.39,160.0,m²,3.0,2.0,,32.0,"Xã Mỹ Hạnh Bắc, Huyện Đức Hoà, Long An",Long An,Huyện Đức Hoà,Giấy tờ hợp lệ,Tây,5.0
2481,Nhà mặt tiền,12.5,157.5,m²,1.0,1.0,1.0,15.0,"Thị trấn Bến Lức, Huyện Bến Lức, Long An",Long An,Huyện Bến Lức,Giấy tờ hợp lệ,Bắc,10.0
2482,Nhà mặt tiền,12.5,150.0,m²,1.0,1.0,1.0,15.0,"Thị trấn Bến Lức, Huyện Bến Lức, Long An",Long An,Huyện Bến Lức,Giấy tờ hợp lệ,Bắc,10.0
2483,Nhà hẻm ngõ,1.1,100.0,m²,2.0,3.0,,25.0,"Xã Long Hòa, Huyện Cần Đước, Long An",Long An,Huyện Cần Đước,Giấy tờ hợp lệ,,4.0
2484,Nhà hẻm ngõ,2.8,100.0,m²,2.0,3.0,1.0,20.0,"Xã Long Trạch, Huyện Cần Đước, Long An",Long An,Huyện Cần Đước,Giấy tờ hợp lệ,,5.0
2485,Nhà mặt tiền,2.7,90.0,m²,4.0,3.0,3.0,18.0,"Xã An Thạnh, Huyện Bến Lức, Long An",Long An,Huyện Bến Lức,Giấy tờ hợp lệ,,5.0
2486,Nhà mặt tiền,3.1,115.0,m²,3.0,2.0,,23.0,"Xã Long Trạch, Huyện Cần Đước, Long An",Long An,Huyện Cần Đước,Giấy tờ hợp lệ,,5.0
2487,Nhà mặt tiền,1.5,100.0,m²,3.0,2.0,1.0,20.0,"Thị trấn Cần Đước, Huyện Cần Đước, Long An",Long An,Huyện Cần Đước,Giấy tờ hợp lệ,,5.0
2488,Nhà mặt tiền,0.75,104.0,m²,3.0,3.0,,26.0,"Xã Long Trạch, Huyện Cần Đước, Long An",Long An,Huyện Cần Đước,Giấy tờ hợp lệ,,4.0
2489,Nhà mặt tiền,1.35,48.0,m²,2.0,2.0,2.0,12.0,"Xã Mỹ Hạnh Bắc, Huyện Đức Hoà, Long An",Long An,Huyện Đức Hoà,Giấy tờ hợp lệ,Bắc,4.0
2490,Nhà hẻm ngõ,1.7,200.0,m²,2.0,1.0,,33.0,"Đường ĐT 835, Xã Phước Lâm, Huyện Cần Giuộc, Long An",Long An,Huyện Cần Giuộc,Sổ hồng,Tây Bắc,5.2
2491,Nhà mặt tiền,1.95,60.0,m²,2.0,2.0,1.0,12.0,"Xã Phước Hậu, Huyện Cần Giuộc, Long An",Long An,Huyện Cần Giuộc,Giấy tờ hợp lệ,Nam,5.0
2492,Nhà mặt tiền,2.2,85.0,m²,3.0,3.0,2.0,17.0,"Xã Mỹ Hạnh Nam, Huyện Đức Hoà, Long An",Long An,Huyện Đức Hoà,Giấy tờ hợp lệ,Đông,5.0
2493,Nhà hẻm ngõ,1.18,40.0,m²,2.0,2.0,1.0,10.5,"Xã Mỹ Lộc, Huyện Cần Giuộc, Long An",Long An,Huyện Cần Giuộc,Giấy tờ hợp lệ,Bắc,3.8
2494,Nhà mặt tiền,1.75,48.0,m²,2.0,2.0,1.0,12.0,"Xã Long Hòa, Huyện Cần Đước, Long An",Long An,Huyện Cần Đước,Giấy tờ hợp lệ,Đông Bắc,4.0
2495,Nhà hẻm ngõ,2.3,64.0,m²,3.0,3.0,,16.0,"Xã Long Hậu, Huyện Cần Giuộc, Long An",Long An,Huyện Cần Giuộc,Sổ hồng,,4.0
2496,Nhà mặt tiền,2.35,69.6,m²,2.0,2.0,1.0,17.4,"Thị trấn Cần Giuộc, Huyện Cần Giuộc, Long An",Long An,Huyện Cần Giuộc,Giấy tờ hợp lệ,,4.0
2497,Nhà hẻm ngõ,2.45,100.0,m²,3.0,2.0,2.0,20.0,"Xã Mỹ Hạnh Nam, Huyện Đức Hoà, Long An",Long An,Huyện Đức Hoà,Giấy tờ hợp lệ,Đông,5.0
2498,Nhà mặt tiền,2.0,123.0,m²,2.0,1.0,,24.5,"Thị trấn Đức Hòa, Huyện Đức Hoà, Long An",Long An,Huyện Đức Hoà,Giấy tờ hợp lệ,,5.0
2499,Nhà mặt tiền,0.25,16.0,m²,1.0,1.0,1.0,4.0,"Xã Mỹ Hạnh Bắc, Huyện Đức Hoà, Long An",Long An,Huyện Đức Hoà,Giấy tờ hợp lệ,,4.0
2500,Nhà mặt tiền,1.75,72.0,m²,3.0,3.0,2.0,18.0,"Xã Mỹ Hạnh Bắc, Huyện Đức Hoà, Long An",Long An,Huyện Đức Hoà,Giấy tờ hợp lệ,Bắc,4.0
2501,Nhà mặt tiền,4.0,60.0,m²,3.0,3.0,4.0,12.0,"Thị trấn Hậu Nghĩa, Huyện Đức Hoà, Long An",Long An,Huyện Đức Hoà,Đang chờ sổ,Đông Nam,5.0
2502,Nhà mặt tiền,2.35,80.0,m²,4.0,3.0,1.0,20.0,"Xã Long Thượng, Huyện Cần Giuộc, Long An",Long An,Huyện Cần Giuộc,Giấy tờ hợp lệ,Tây,4.0
2503,Nhà hẻm ngõ,6.0,3000.0,m²,,,,50.0,"Đường Quốc Lộ 50, Xã Phước Lại, Huyện Cần Giuộc, Long An",Long An,Huyện Cần Giuộc,Sổ hồng,,60.0
2504,Biệt thự,14.2,3500.0,m²,,,,,"Đường Ấp Phước Thới, Xã Phước Lại, Huyện Cần Giuộc, Long An",Long An,Huyện Cần Giuộc,Sổ hồng,,
2505,Nhà mặt tiền,3.6,152.0,m²,,,,30.0,"Đường Quốc Lộ 50, Xã Mỹ Lệ, Huyện Cần Đước, Long An",Long An,Huyện Cần Đước,Giấy tờ hợp lệ,,5.0
2506,Nhà hẻm ngõ,2.3,64.0,m²,4.0,3.0,3.0,16.0,"Đường Nguyễn An Ninh, Thị trấn Cần Giuộc, Huyện Cần Giuộc, Long An",Long An,Huyện Cần Giuộc,Sổ hồng,Bắc,4.0
2507,Biệt thự,5.46,112.0,m²,4.0,3.0,2.0,14.0,"Huyện Bến Lức, Long An",Long An,Huyện Bến Lức,Sổ hồng,,8.0
2508,Nhà mặt tiền,2.55,60.0,m²,3.0,3.0,2.0,15.0,"Xã Mỹ Hạnh Bắc, Huyện Đức Hoà, Long An",Long An,Huyện Đức Hoà,Giấy tờ hợp lệ,,4.0
2509,Nhà mặt tiền,3.6,80.0,m²,3.0,3.0,3.0,16.0,"Xã Lương Hòa, Huyện Bến Lức, Long An",Long An,Huyện Bến Lức,Đang chờ sổ,,5.0
2510,Nhà mặt tiền,3.7,119.0,m²,2.0,2.0,,29.0,"Đường Gò Hưu, Xã Mỹ Hạnh Nam, Huyện Đức Hoà, Long An",Long An,Huyện Đức Hoà,Sổ hồng,,4.0
2511,Nhà mặt tiền,4.09,60.0,m²,4.0,4.0,,12.0,"Huyện Đức Hoà, Long An",Long An,Huyện Đức Hoà,Hợp đồng mua bán,,5.0
2512,Nhà mặt tiền,3.28,80.0,m²,4.0,5.0,3.0,20.0,"Thị trấn Đức Hòa, Huyện Đức Hoà, Long An",Long An,Huyện Đức Hoà,Giấy tờ hợp lệ,,4.0
2513,Nhà mặt tiền,2.25,60.0,m²,4.0,4.0,3.0,15.0,"Xã Mỹ Hạnh Bắc, Huyện Đức Hoà, Long An",Long An,Huyện Đức Hoà,Giấy tờ hợp lệ,Đông,4.0
2514,Nhà mặt tiền,2.5,99.0,m²,4.0,2.0,2.0,19.5,"Xã Tân Kim, Huyện Cần Giuộc, Long An",Long An,Huyện Cần Giuộc,Giấy tờ hợp lệ,,5.0
2515,Nhà hẻm ngõ,2.4,160.0,m²,3.0,1.0,1.0,32.0,"Xã Mỹ Hạnh Bắc, Huyện Đức Hoà, Long An",Long An,Huyện Đức Hoà,Giấy tờ hợp lệ,Tây,5.0
2516,Nhà mặt tiền,0.73,32.0,m²,2.0,1.0,1.0,8.0,"Xã Mỹ Yên, Huyện Bến Lức, Long An",Long An,Huyện Bến Lức,Giấy tờ hợp lệ,Đông,4.0
2517,Nhà mặt tiền,1.8,110.0,m²,4.0,2.0,1.0,22.0,"Xã Long Trạch, Huyện Cần Đước, Long An",Long An,Huyện Cần Đước,Giấy tờ hợp lệ,Tây Bắc,5.0
2518,Nhà mặt tiền,3.9,80.0,m²,3.0,,,16.0,"Xã Long Hậu, Huyện Cần Giuộc, Long An",Long An,Huyện Cần Giuộc,Giấy tờ hợp lệ,,5.0
2519,Nhà mặt tiền,3.3,80.0,m²,3.0,,3.0,16.0,"Xã Lương Hòa, Huyện Bến Lức, Long An",Long An,Huyện Bến Lức,Đang chờ sổ,,5.0
2520,Nhà mặt tiền,2.5,96.5,m²,3.0,2.0,1.0,19.5,"Xã Mỹ Hạnh Nam, Huyện Đức Hoà, Long An",Long An,Huyện Đức Hoà,Giấy tờ hợp lệ,Nam,5.1
2521,Nhà hẻm ngõ,0.998,98.0,m²,3.0,2.0,1.0,19.6,"Thị trấn Cần Giuộc, Huyện Cần Giuộc, Long An",Long An,Huyện Cần Giuộc,Giấy tờ hợp lệ,,5.0
2522,Nhà mặt tiền,0.575,28.0,m²,2.0,2.0,1.0,7.0,"Đường Gò Hưu, Xã Mỹ Hạnh Nam, Huyện Đức Hoà, Long An",Long An,Huyện Đức Hoà,Sổ hồng,,4.0
2523,Nhà mặt tiền,0.78,115.0,m²,2.0,1.0,,23.0,"Đường Lục Viên, Xã Mỹ Hạnh Bắc, Huyện Đức Hoà, Long An",Long An,Huyện Đức Hoà,Sổ hồng,,5.0
2524,Nhà hẻm ngõ,2.44,100.0,m²,3.0,2.0,2.0,20.0,"Xã Mỹ Hạnh Nam, Huyện Đức Hoà, Long An",Long An,Huyện Đức Hoà,Giấy tờ hợp lệ,,5.0
2525,Nhà hẻm ngõ,0.78,44.0,m²,2.0,2.0,2.0,11.0,"Thị trấn Cần Giuộc, Huyện Cần Giuộc, Long An",Long An,Huyện Cần Giuộc,Giấy tờ hợp lệ,Bắc,4.0
2526,Nhà mặt tiền,5.5,222.6,m²,4.0,4.0,,53.0,"Phường 7, TP. Tân An, Long An",Long An,TP. Tân An,Giấy tờ hợp lệ,,4.2
2527,Nhà hẻm ngõ,0.95,25.0,m²,2.0,1.0,2.0,8.5,"Xã Long Hậu, Huyện Cần Giuộc, Long An",Long An,Huyện Cần Giuộc,Giấy tờ hợp lệ,,3.0
2528,Nhà mặt tiền,1.25,73.0,m²,2.0,2.0,,12.0,"Xã Long Định, Huyện Cần Đước, Long An",Long An,Huyện Cần Đước,Giấy tờ hợp lệ,,6.0
2529,Nhà mặt tiền,185.0,22000.0,m²,4.0,4.0,,220.0,"Đường D3, Xã Mỹ Hạnh Bắc, Huyện Đức Hoà, Long An",Long An,Huyện Đức Hoà,Sổ hồng,,100.0
2530,Nhà mặt tiền,3.8,100.0,m²,4.0,4.0,,20.0,"TP. Tân An, Long An",Long An,TP. Tân An,Sổ hồng,,5.0
2531,Nhà mặt tiền,110.0,14000.0,m²,4.0,6.0,,140.0,"Đường 10, Xã Đức Hòa Hạ, Huyện Đức Hoà, Long An",Long An,Huyện Đức Hoà,Sổ hồng,,100.0
2532,Nhà mặt tiền,57.0,11500.0,m²,5.0,4.0,,,"Đường ĐT 827A, Xã An Lục Long, Huyện Châu Thành, Long An",Long An,Huyện Châu Thành,Sổ hồng,,
2533,Nhà mặt tiền,60.0,8000.0,m²,3.0,3.0,,,"Đường DT830, Xã Lương Bình, Huyện Bến Lức, Long An",Long An,Huyện Bến Lức,Sổ hồng,,
2534,Nhà mặt tiền,0.65,85.0,m²,2.0,1.0,,17.0,"Huyện Cần Đước, Long An",Long An,Huyện Cần Đước,Sổ hồng,,5.0
2535,Nhà hẻm ngõ,1.2,90.0,m²,4.0,2.0,1.0,18.0,"Xã Tân Kim, Huyện Cần Giuộc, Long An",Long An,Huyện Cần Giuộc,Giấy tờ hợp lệ,,5.0
2536,Nhà mặt tiền,1.6,150.0,m²,3.0,3.0,1.0,30.0,"Xã Phước Vân, Huyện Cần Đước, Long An",Long An,Huyện Cần Đước,Giấy tờ hợp lệ,,5.0
2537,Nhà mặt tiền,0.73,100.0,m²,3.0,3.0,,20.0,"Thị trấn Bến Lức, Huyện Bến Lức, Long An",Long An,Huyện Bến Lức,Giấy tờ hợp lệ,,5.0
2538,Nhà mặt tiền,3.6,240.0,m²,3.0,2.0,,24.0,"Xã Mỹ Lộc, Huyện Cần Giuộc, Long An",Long An,Huyện Cần Giuộc,Giấy tờ hợp lệ,,10.0
2539,Nhà mặt tiền,0.465,40.0,m²,2.0,2.0,,10.0,"Xã Mỹ Hạnh Nam, Huyện Đức Hoà, Long An",Long An,Huyện Đức Hoà,Giấy tờ hợp lệ,,4.0
2540,Nhà mặt tiền,2.59,90.0,m²,3.0,,4.0,18.0,"Xã Hựu Thạnh, Huyện Đức Hoà, Long An",Long An,Huyện Đức Hoà,Giấy tờ hợp lệ,Tây Bắc,5.0
2541,Nhà mặt tiền,1.49,144.0,m²,4.0,4.0,11.0,32.0,"Xã Long Trạch, Huyện Cần Đước, Long An",Long An,Huyện Cần Đước,Giấy tờ hợp lệ,Nam,4.8
2542,Nhà mặt tiền,1.7,729.0,m²,3.0,3.0,1.0,33.0,"Xã Mỹ Lộc, Huyện Cần Giuộc, Long An",Long An,Huyện Cần Giuộc,Giấy tờ hợp lệ,,21.3
2543,Nhà mặt tiền,2.35,123.0,m²,2.0,1.0,,25.0,"Xã Mỹ Hạnh Bắc, Huyện Đức Hoà, Long An",Long An,Huyện Đức Hoà,Giấy tờ hợp lệ,Đông,5.0
2544,Nhà hẻm ngõ,1.05,36.0,m²,2.0,2.0,1.0,9.0,"Xã Tân Kim, Huyện Cần Giuộc, Long An",Long An,Huyện Cần Giuộc,Giấy tờ hợp lệ,,4.0
2545,Nhà hẻm ngõ,1.9,118.1,m²,1.0,1.0,1.0,11.7,"Phường 7, TP. Tân An, Long An",Long An,TP. Tân An,Giấy tờ hợp lệ,Tây Bắc,10.1
2546,Nhà mặt tiền,5.0,60.0,m²,3.0,3.0,4.0,12.0,"Thị trấn Đức Hòa, Huyện Đức Hoà, Long An",Long An,Huyện Đức Hoà,Đang chờ sổ,Đông Nam,5.0
2547,Nhà mặt tiền,1.7,56.0,m²,2.0,2.0,56.0,14.0,"Xã Tân Kim, Huyện Cần Giuộc, Long An",Long An,Huyện Cần Giuộc,Giấy tờ hợp lệ,Đông Bắc,4.0
2548,Nhà mặt tiền,5.6,102.0,m²,3.0,3.0,3.0,17.0,"Xã Lương Hòa, Huyện Bến Lức, Long An",Long An,Huyện Bến Lức,Giấy tờ hợp lệ,Tây Bắc,6.0
2549,Nhà hẻm ngõ,0.465,40.0,m²,3.0,2.0,,10.0,"Xã Mỹ Hạnh Nam, Huyện Đức Hoà, Long An",Long An,Huyện Đức Hoà,Giấy tờ hợp lệ,,4.0
2550,Nhà mặt tiền,2.5,125.0,m²,7.0,7.0,2.0,25.0,"Xã Đức Hòa Hạ, Huyện Đức Hoà, Long An",Long An,Huyện Đức Hoà,Giấy tờ hợp lệ,Đông Nam,5.0
2551,Biệt thự,5.8,146.8,m²,3.0,4.0,,15.0,"Thị trấn Bến Lức, Huyện Bến Lức, Long An",Long An,Huyện Bến Lức,Giấy tờ hợp lệ,,10.0
2552,Nhà mặt tiền,2.28,80.0,m²,4.0,5.0,3.0,20.0,"Thị trấn Đức Hòa, Huyện Đức Hoà, Long An",Long An,Huyện Đức Hoà,Giấy tờ hợp lệ,,4.0
2553,Nhà mặt tiền,2.98,52.0,m²,4.0,3.0,3.0,14.0,"Xã Mỹ Hạnh Bắc, Huyện Đức Hoà, Long An",Long An,Huyện Đức Hoà,Giấy tờ hợp lệ,Tây,4.0
2554,Nhà mặt tiền,0.45,44.0,m²,2.0,2.0,,11.0,"Đường Giòng Lớn, Xã Mỹ Hạnh Bắc, Huyện Đức Hoà, Long An",Long An,Huyện Đức Hoà,Sổ hồng,,4.0
2555,Nhà mặt tiền,16.9,871.0,m²,2.0,2.0,1.0,95.0,"02, Đường Quốc Lộ 1A, Thị trấn Bến Lức, Huyện Bến Lức, Long An",Long An,Huyện Bến Lức,Sổ hồng,Đông Nam,10.0
2556,Nhà mặt tiền,0.75,70.0,m²,2.0,1.0,,14.0,"Đường Trần Thị Non, Xã Long Thượng, Huyện Cần Giuộc, Long An",Long An,Huyện Cần Giuộc,Sổ hồng,,5.0
2557,Biệt thự,9.0,1509.0,m²,7.0,3.0,2.0,40.0,"Xã Hòa Khánh Tây, Huyện Đức Hoà, Long An",Long An,Huyện Đức Hoà,Giấy tờ hợp lệ,Bắc,38.0
2558,Nhà hẻm ngõ,4.5,445.0,m²,,,,,"Đường Ấp 1, Xã Tân Bửu, Huyện Bến Lức, Long An",Long An,Huyện Bến Lức,Giấy tờ hợp lệ,,
2559,Nhà mặt tiền,5.3,170.0,m²,,,,,"Xã Phước Lý, Huyện Cần Giuộc, Long An",Long An,Huyện Cần Giuộc,Sổ hồng,,
2560,Nhà mặt tiền,0.567,289.0,m²,,,,,"Đường An Lục Long, Xã An Lục Long, Huyện Châu Thành, Long An",Long An,Huyện Châu Thành,Sổ đỏ,,
2561,Nhà mặt tiền,0.85,40.0,m²,2.0,2.0,2.0,10.0,"Thị trấn Đức Hòa, Huyện Đức Hoà, Long An",Long An,Huyện Đức Hoà,Đang chờ sổ,Bắc,4.0
2562,Nhà mặt tiền,0.68,28.0,m²,2.0,2.0,2.0,7.0,"Xã Mỹ Yên, Huyện Bến Lức, Long An",Long An,Huyện Bến Lức,Hợp đồng mua bán,Đông Bắc,4.0
2563,Nhà mặt tiền,0.55,32.0,m²,2.0,,2.0,8.0,"Xã Mỹ Hạnh Nam, Huyện Đức Hoà, Long An",Long An,Huyện Đức Hoà,Hợp đồng mua bán,Tây,4.0
2564,Nhà hẻm ngõ,1.4,40.0,m²,4.0,2.0,2.0,12.0,"Xã Mỹ Hạnh Bắc, Huyện Đức Hoà, Long An",Long An,Huyện Đức Hoà,Giấy tờ hợp lệ,Bắc,3.5
2565,Nhà mặt tiền,0.42,20.0,m²,2.0,1.0,1.0,5.0,"Xã Mỹ Lộc, Huyện Cần Giuộc, Long An",Long An,Huyện Cần Giuộc,Hợp đồng mua bán,,4.0
2566,Nhà hẻm ngõ,0.485,16.0,m²,2.0,2.0,2.0,4.0,"Xã Mỹ Hạnh Bắc, Huyện Đức Hoà, Long An",Long An,Huyện Đức Hoà,Giấy tờ hợp lệ,Đông,4.0
2567,Nhà mặt tiền,1.1,100.0,m²,8.0,7.0,1.0,20.0,"Xã Long Cang, Huyện Cần Đước, Long An",Long An,Huyện Cần Đước,Giấy tờ hợp lệ,,5.0
2568,Nhà hẻm ngõ,1.17,56.0,m²,11.0,2.0,11.0,14.0,"Xã Mỹ Lộc, Huyện Cần Giuộc, Long An",Long An,Huyện Cần Giuộc,Giấy tờ hợp lệ,,4.0
2569,Nhà hẻm ngõ,1.5,100.0,m²,1.0,,1.0,20.0,"Xã Mỹ Hạnh Nam, Huyện Đức Hoà, Long An",Long An,Huyện Đức Hoà,Giấy tờ hợp lệ,Tây Bắc,5.0
2570,Nhà mặt tiền,1.35,44.0,m²,3.0,2.0,2.0,11.0,"Thị trấn Cần Giuộc, Huyện Cần Giuộc, Long An",Long An,Huyện Cần Giuộc,Giấy tờ hợp lệ,Đông Nam,4.0
2571,Nhà hẻm ngõ,1.38,105.0,m²,2.0,1.0,,21.2,"Xã Long Hòa, Huyện Cần Đước, Long An",Long An,Huyện Cần Đước,Giấy tờ hợp lệ,,5.0
2572,Nhà hẻm ngõ,1.5,36.0,m²,2.0,2.0,1.0,9.0,"Xã Tân Kim, Huyện Cần Giuộc, Long An",Long An,Huyện Cần Giuộc,Giấy tờ hợp lệ,Nam,4.0
2573,Nhà hẻm ngõ,2.15,122.0,m²,3.0,3.0,1.0,24.5,"Xã Long Trạch, Huyện Cần Đước, Long An",Long An,Huyện Cần Đước,Giấy tờ hợp lệ,,5.0
2574,Nhà mặt tiền,3.98,90.0,m²,5.0,6.0,2.0,18.0,"Xã Mỹ Hạnh Bắc, Huyện Đức Hoà, Long An",Long An,Huyện Đức Hoà,Giấy tờ hợp lệ,Bắc,5.0
2575,Nhà mặt tiền,6.2,60.0,m²,4.0,4.0,3.0,13.0,"Xã Phước Lại, Huyện Cần Giuộc, Long An",Long An,Huyện Cần Giuộc,Giấy tờ hợp lệ,,4.9
2576,Nhà mặt tiền,6.35,1231.0,m²,4.0,5.0,2.0,,"Đường Bờ Mồi, Xã Tân Lân, Huyện Cần Đước, Long An",Long An,Huyện Cần Đước,Sổ đỏ,Bắc,
2577,Nhà mặt tiền,3.75,105.0,m²,3.0,2.0,2.0,15.0,"Thị trấn Cần Giuộc, Huyện Cần Giuộc, Long An",Long An,Huyện Cần Giuộc,Giấy tờ hợp lệ,Tây,7.0
2578,Nhà hẻm ngõ,1.95,136.0,m²,2.0,1.0,1.0,33.0,"236/252, Đường 826C, Xã Long Hậu, Huyện Cần Giuộc, Long An",Long An,Huyện Cần Giuộc,Sổ hồng,Nam,4.2
2579,Nhà hẻm ngõ,5.5,611.0,m²,1.0,1.0,1.0,41.0,"Xã Đức Hòa Đông, Huyện Đức Hoà, Long An",Long An,Huyện Đức Hoà,Giấy tờ hợp lệ,,15.0
2580,Nhà mặt tiền,2.75,150.0,m²,4.0,2.0,1.0,30.0,"Xã Tân Tập, Huyện Cần Giuộc, Long An",Long An,Huyện Cần Giuộc,Giấy tờ hợp lệ,Tây,5.0
2581,Nhà hẻm ngõ,2.0,65.0,m²,4.0,2.0,,14.0,"Thị trấn Cần Giuộc, Huyện Cần Giuộc, Long An",Long An,Huyện Cần Giuộc,Giấy tờ hợp lệ,,4.7
2582,Nhà mặt tiền,3.0,240.0,m²,2.0,3.0,1.0,24.0,"Thị trấn Tân Hưng, Huyện Tân Hưng, Long An",Long An,Huyện Tân Hưng,Giấy tờ hợp lệ,Tây Nam,10.0
2583,Nhà mặt tiền,2.1,90.0,m²,5.0,5.0,4.0,18.0,"Đường DT 824, Xã Hựu Thạnh, Huyện Đức Hoà, Long An",Long An,Huyện Đức Hoà,Sổ hồng,Nam,5.0
2584,Nhà mặt tiền,0.59,40.0,m²,2.0,2.0,,10.0,"Đường Ấp Rừng Dầu, Xã Mỹ Hạnh Bắc, Huyện Đức Hoà, Long An",Long An,Huyện Đức Hoà,Sổ hồng,,4.0
2585,Biệt thự,5.8,150.0,m²,3.0,4.0,3.0,15.0,"Khu dân cư Trần Anh Riverside , Đường Nguyễn Văn T, Khu dân cư Trần Anh Riverside , Đường Nguyễn Văn T, Huyện Bến Lức, Long An",Long An,Huyện Bến Lức,Sổ hồng,Đông Nam,10.0
2586,Nhà mặt tiền,2.58,125.0,m²,,,,25.0,"Đường 9, Xã Mỹ Hạnh Bắc, Huyện Đức Hoà, Long An",Long An,Huyện Đức Hoà,Sổ hồng,,5.0
2587,Nhà mặt tiền,3.9,105.0,m²,4.0,2.0,3.0,17.5,"I34, I34, Xã Đức Hòa Hạ, Huyện Đức Hoà, Long An",Long An,Huyện Đức Hoà,Sổ hồng,,6.0
2588,Nhà hẻm ngõ,0.63,40.0,m²,2.0,,,10.0,"Xã Đức Hòa Đông, Huyện Đức Hoà, Long An",Long An,Huyện Đức Hoà,Giấy tờ hợp lệ,,4.0
2589,Nhà mặt tiền,0.6,40.0,m²,2.0,2.0,2.0,10.0,"Xã Mỹ Hạnh Nam, Huyện Đức Hoà, Long An",Long An,Huyện Đức Hoà,Giấy tờ hợp lệ,Đông Nam,4.0
2590,Nhà hẻm ngõ,1.75,48.0,m²,2.0,2.0,1.0,13.0,"Xã Tân Kim, Huyện Cần Giuộc, Long An",Long An,Huyện Cần Giuộc,Giấy tờ hợp lệ,,4.0
2591,Nhà mặt tiền,0.45,90.0,m²,6.0,,,12.0,"Thị trấn Hậu Nghĩa, Huyện Đức Hoà, Long An",Long An,Huyện Đức Hoà,Đang chờ sổ,,7.5
2592,Nhà hẻm ngõ,2.0,68.0,m²,3.0,2.0,1.0,17.0,"Xã Tân Kim, Huyện Cần Giuộc, Long An",Long An,Huyện Cần Giuộc,Giấy tờ hợp lệ,Đông,4.0
2593,Nhà mặt tiền,2.6,90.0,m²,3.0,3.0,3.0,18.0,"Xã Hựu Thạnh, Huyện Đức Hoà, Long An",Long An,Huyện Đức Hoà,Giấy tờ hợp lệ,Tây Bắc,5.0
2594,Nhà mặt tiền,15.9,891.0,m²,,,,,"Thị trấn Bến Lức, Huyện Bến Lức, Long An",Long An,Huyện Bến Lức,Sổ hồng,,
2595,Nhà mặt tiền,0.45,36.0,m²,2.0,2.0,1.0,9.0,"Đường DT 824, Xã Mỹ Hạnh Nam, Huyện Đức Hoà, Long An",Long An,Huyện Đức Hoà,Sổ hồng,,4.0
2596,Nhà mặt tiền,1.35,90.0,m²,3.0,3.0,3.0,16.0,"Xã Long Hậu, Huyện Cần Giuộc, Long An",Long An,Huyện Cần Giuộc,Giấy tờ hợp lệ,Nam,5.0
2597,Nhà mặt tiền,2.5,90.0,m²,4.0,4.0,33.0,18.0,"Xã Hựu Thạnh, Huyện Đức Hoà, Long An",Long An,Huyện Đức Hoà,Giấy tờ hợp lệ,Tây Bắc,5.0
2598,Nhà hẻm ngõ,1.98,46.0,m²,3.0,2.0,2.0,11.5,"Xã Tân Kim, Huyện Cần Giuộc, Long An",Long An,Huyện Cần Giuộc,Giấy tờ hợp lệ,Bắc,4.0
2599,Nhà mặt tiền,0.45,36.0,m²,2.0,2.0,1.0,10.0,"Đường Tỉnh lộ 824, Xã Mỹ Hạnh Nam, Huyện Đức Hoà, Long An",Long An,Huyện Đức Hoà,Sổ hồng,,4.0
2600,Nhà mặt tiền,10.5,1977.0,m²,,,,,"Đường ĐT 830, Xã Thuận Thành, Huyện Cần Giuộc, Long An",Long An,Huyện Cần Giuộc,Sổ đỏ,,
2601,Nhà hẻm ngõ,2.58,125.0,m²,3.0,2.0,1.0,25.0,"Đường Tỉnh lộ 9, Xã Mỹ Hạnh Bắc, Huyện Đức Hoà, Long An",Long An,Huyện Đức Hoà,Sổ hồng,Nam,5.0
2602,Nhà hẻm ngõ,1.25,44.5,m²,3.0,2.0,3.0,11.0,"Thị trấn Cần Giuộc, Huyện Cần Giuộc, Long An",Long An,Huyện Cần Giuộc,Giấy tờ hợp lệ,Đông Nam,4.0
2603,Nhà hẻm ngõ,0.87,63.0,m²,3.0,2.0,,12.6,"Xã Tân Kim, Huyện Cần Giuộc, Long An",Long An,Huyện Cần Giuộc,Giấy tờ hợp lệ,,5.0
2604,Nhà mặt tiền,0.88,30.0,m²,2.0,2.0,2.0,6.0,"Xã Long Hậu, Huyện Cần Giuộc, Long An",Long An,Huyện Cần Giuộc,Giấy tờ hợp lệ,Đông,5.0
2605,Nhà mặt tiền,2.3,77.5,m²,3.0,2.0,2.0,13.0,"Xã Mỹ Hạnh Nam, Huyện Đức Hoà, Long An",Long An,Huyện Đức Hoà,Giấy tờ hợp lệ,Tây Nam,5.8
2606,Nhà mặt tiền,6.0,250.0,m²,10.0,6.0,2.0,25.0,"Xã Đức Hòa Hạ, Huyện Đức Hoà, Long An",Long An,Huyện Đức Hoà,Giấy tờ hợp lệ,Đông Nam,10.0
2607,Nhà hẻm ngõ,2.0,80.0,m²,4.0,3.0,2.0,14.0,"Xã Tân Kim, Huyện Cần Giuộc, Long An",Long An,Huyện Cần Giuộc,Giấy tờ hợp lệ,Đông,4.0
2608,Nhà hẻm ngõ,0.76,40.0,m²,2.0,2.0,1.0,10.0,"Xã Tân Kim, Huyện Cần Giuộc, Long An",Long An,Huyện Cần Giuộc,Giấy tờ hợp lệ,,4.0
2609,Nhà hẻm ngõ,2.9,132.4,m²,2.0,1.0,1.0,26.5,"Thị trấn Cần Giuộc, Huyện Cần Giuộc, Long An",Long An,Huyện Cần Giuộc,Giấy tờ hợp lệ,,5.0
2610,Nhà hẻm ngõ,1.54,48.0,m²,2.0,2.0,1.0,12.0,"Xã Tân Kim, Huyện Cần Giuộc, Long An",Long An,Huyện Cần Giuộc,Giấy tờ hợp lệ,Nam,4.5
2611,Nhà hẻm ngõ,0.72,40.0,m²,2.0,2.0,1.0,10.0,"Xã Tân Kim, Huyện Cần Giuộc, Long An",Long An,Huyện Cần Giuộc,Giấy tờ hợp lệ,,4.0
2612,Nhà hẻm ngõ,0.89,60.0,m²,2.0,2.0,2.0,15.0,"Xã Tân Kim, Huyện Cần Giuộc, Long An",Long An,Huyện Cần Giuộc,Giấy tờ hợp lệ,Tây Nam,4.0
2613,Nhà hẻm ngõ,2.0,80.0,m²,3.0,2.0,2.0,16.0,"Xã Long Hậu, Huyện Cần Giuộc, Long An",Long An,Huyện Cần Giuộc,Giấy tờ hợp lệ,,5.0
2614,Nhà mặt tiền,5.3,192.0,m²,5.0,,2.0,32.0,"Xã Long Thượng, Huyện Cần Giuộc, Long An",Long An,Huyện Cần Giuộc,Giấy tờ hợp lệ,Đông Nam,6.0
2615,Nhà mặt tiền,2.2,108.0,m²,3.0,2.0,2.0,27.0,"Xã Long Sơn, Huyện Cần Đước, Long An",Long An,Huyện Cần Đước,Giấy tờ hợp lệ,,4.0
2616,Nhà hẻm ngõ,1.05,99.0,m²,4.0,2.0,1.0,19.0,"Xã Tân Kim, Huyện Cần Giuộc, Long An",Long An,Huyện Cần Giuộc,Giấy tờ hợp lệ,,5.0
2617,Nhà mặt tiền,2.28,75.0,m²,3.0,3.0,2.0,15.0,"Xã Mỹ Hạnh Nam, Huyện Đức Hoà, Long An",Long An,Huyện Đức Hoà,Giấy tờ hợp lệ,Nam,5.0
2618,Nhà hẻm ngõ,2.58,125.0,m²,3.0,2.0,1.0,25.0,"Đường Tỉnh lộ 9, Xã Mỹ Hạnh Bắc, Huyện Đức Hoà, Long An",Long An,Huyện Đức Hoà,Sổ hồng,Nam,5.0
2619,Nhà hẻm ngõ,2.0,65.0,m²,3.0,3.0,2.0,14.0,"Xã Tân Kim, Huyện Cần Giuộc, Long An",Long An,Huyện Cần Giuộc,Sổ hồng,,4.7
2620,Nhà mặt tiền,2.8,90.0,m²,2.0,2.0,2.0,18.0,"E27, E27, Huyện Đức Hoà, Long An",Long An,Huyện Đức Hoà,Sổ hồng,,5.0
2621,Nhà hẻm ngõ,0.51,28.0,m²,2.0,2.0,2.0,6.3,"Căn A1, Căn A1, Huyện Bến Lức, Long An",Long An,Huyện Bến Lức,Hợp đồng mua bán,Đông Nam,3.6
2622,Nhà mặt tiền,1.95,75.0,m²,4.0,,,15.0,"Xã Mỹ Hạnh Nam, Huyện Đức Hoà, Long An",Long An,Huyện Đức Hoà,Đang chờ sổ,,5.0
2623,Nhà mặt tiền,3.25,100.0,m²,3.0,2.0,2.0,20.0,"Thị trấn Cần Giuộc, Huyện Cần Giuộc, Long An",Long An,Huyện Cần Giuộc,Giấy tờ hợp lệ,Đông Nam,5.0
2624,Nhà mặt tiền,1.27,48.0,m²,2.0,2.0,2.0,12.0,"Xã Mỹ Hạnh Bắc, Huyện Đức Hoà, Long An",Long An,Huyện Đức Hoà,Giấy tờ hợp lệ,Bắc,4.0
2625,Biệt thự,1.84,125.0,m²,3.0,2.0,,25.0,"Xã Mỹ Hạnh Nam, Huyện Đức Hoà, Long An",Long An,Huyện Đức Hoà,Giấy tờ hợp lệ,,5.0
2626,Nhà mặt tiền,2.6,90.0,m²,4.0,,2.0,18.0,"Xã Hựu Thạnh, Huyện Đức Hoà, Long An",Long An,Huyện Đức Hoà,Giấy tờ hợp lệ,Đông Nam,5.0
2627,Biệt thự,2.2,160.0,m²,4.0,3.0,1.0,32.0,"Xã Mỹ Hạnh Bắc, Huyện Đức Hoà, Long An",Long An,Huyện Đức Hoà,Giấy tờ hợp lệ,,5.0
2628,Nhà hẻm ngõ,2.45,144.0,m²,4.0,3.0,1.0,20.0,"Đường 01, Xã Mỹ Hạnh Nam, Huyện Đức Hoà, Long An",Long An,Huyện Đức Hoà,Sổ hồng,,7.2
2629,Nhà mặt tiền,0.485,200.0,m²,3.0,2.0,1.0,12.0,"Xã Đức Hòa Hạ, Huyện Đức Hoà, Long An",Long An,Huyện Đức Hoà,Hợp đồng mua bán,,4.0
2630,Nhà hẻm ngõ,0.995,40.0,m²,2.0,2.0,1.0,10.0,"Xã Mỹ Lộc, Huyện Cần Giuộc, Long An",Long An,Huyện Cần Giuộc,Giấy tờ hợp lệ,,4.0
2631,Nhà hẻm ngõ,1.05,90.0,m²,3.0,2.0,1.0,18.0,"Xã Tân Kim, Huyện Cần Giuộc, Long An",Long An,Huyện Cần Giuộc,Giấy tờ hợp lệ,,5.0
2632,Nhà hẻm ngõ,2.8,94.6,m²,2.0,1.0,2.0,34.0,"Thị trấn Bến Lức, Huyện Bến Lức, Long An",Long An,Huyện Bến Lức,Giấy tờ hợp lệ,Tây,5.0
2633,Nhà mặt tiền,2.5,90.0,m²,4.0,4.0,3.0,18.0,"Xã Hựu Thạnh, Huyện Đức Hoà, Long An",Long An,Huyện Đức Hoà,Giấy tờ hợp lệ,Tây Bắc,5.0
2634,Nhà mặt tiền,3.25,116.7,m²,4.0,3.0,2.0,23.0,"Xã Mỹ Lộc, Huyện Cần Giuộc, Long An",Long An,Huyện Cần Giuộc,Giấy tờ hợp lệ,Đông,5.0
2635,Biệt thự,4.65,108.0,m²,3.0,,,18.0,"Xã Long Hậu, Huyện Cần Giuộc, Long An",Long An,Huyện Cần Giuộc,Giấy tờ hợp lệ,,6.0
2636,Nhà hẻm ngõ,0.55,25.6,m²,2.0,2.0,,8.0,"Xã Long Trạch, Huyện Cần Đước, Long An",Long An,Huyện Cần Đước,Hợp đồng mua bán,,3.2
2637,Nhà mặt tiền,1.5,149.0,m²,3.0,3.0,2.0,,"Thị trấn Cần Đước, Huyện Cần Đước, Long An",Long An,Huyện Cần Đước,Giấy tờ hợp lệ,,
2638,Nhà hẻm ngõ,0.489,44.0,m²,2.0,2.0,,11.0,"Xã Mỹ Hạnh Nam, Huyện Đức Hoà, Long An",Long An,Huyện Đức Hoà,Giấy tờ hợp lệ,,4.0
2639,Nhà hẻm ngõ,2.5,100.0,m²,3.0,,2.0,20.0,"Xã Long Hậu, Huyện Cần Giuộc, Long An",Long An,Huyện Cần Giuộc,Giấy tờ hợp lệ,Đông Nam,5.0
2640,Nhà mặt tiền,2.6,80.0,m²,4.0,5.0,2.0,18.0,"Thị trấn Đức Hòa, Huyện Đức Hoà, Long An",Long An,Huyện Đức Hoà,Giấy tờ hợp lệ,Đông Nam,5.0
2641,Nhà mặt tiền,2.4,125.0,m²,7.0,7.0,2.0,25.0,"Xã Hựu Thạnh, Huyện Đức Hoà, Long An",Long An,Huyện Đức Hoà,Giấy tờ hợp lệ,Tây Nam,5.0
2642,Nhà mặt tiền,1.89,56.0,m²,3.0,2.0,,14.0,"Xã Tân Kim, Huyện Cần Giuộc, Long An",Long An,Huyện Cần Giuộc,Giấy tờ hợp lệ,Nam,4.0
2643,Mặt tiền,1.69,90.0,m²,2.0,2.0,1.0,18.0,"Xã Tân Kim, Huyện Cần Giuộc, Long An",Long An,Huyện Cần Giuộc,Giấy tờ hợp lệ,Đông Bắc,5.0
2644,Nhà hẻm ngõ,2.6,150.0,m²,3.0,2.0,2.0,30.0,"Xã Đức Hòa Đông, Huyện Đức Hoà, Long An",Long An,Huyện Đức Hoà,Giấy tờ hợp lệ,Bắc,5.0
2645,Mặt tiền,6.4,120.0,m²,3.0,3.0,,20.0,"Xã Long Hậu, Huyện Cần Giuộc, Long An",Long An,Huyện Cần Giuộc,Giấy tờ hợp lệ,,6.0
2646,Mặt tiền,0.799,40.0,m²,3.0,2.0,,10.0,"Xã Phước Lý, Huyện Cần Giuộc, Long An",Long An,Huyện Cần Giuộc,Giấy tờ hợp lệ,,4.0
2647,Nhà mặt tiền,3.3,80.0,m²,3.0,3.0,4.0,16.0,"Xã Lương Hòa, Huyện Bến Lức, Long An",Long An,Huyện Bến Lức,Giấy tờ hợp lệ,Đông,5.0
2648,Mặt tiền,2.8,90.0,m²,2.0,2.0,2.0,18.0,"E27, E27, Huyện Đức Hoà, Long An",Long An,Huyện Đức Hoà,Sổ hồng,,5.0
2649,Nhà mặt tiền,0.75,80.0,m²,3.0,3.0,3.0,16.0,"Đường DT 824, Xã Lương Hòa, Huyện Bến Lức, Long An",Long An,Huyện Bến Lức,Giấy tờ hợp lệ,,5.0
2650,Nhà mặt tiền,2.55,125.0,m²,7.0,7.0,2.0,25.0,"Xã Đức Hòa Hạ, Huyện Đức Hoà, Long An",Long An,Huyện Đức Hoà,Giấy tờ hợp lệ,Đông Bắc,5.0
2651,Biệt thự,6.5,136.0,m²,4.0,4.0,,17.0,"Xã Lương Hòa, Huyện Bến Lức, Long An",Long An,Huyện Bến Lức,Giấy tờ hợp lệ,,8.0
2652,Mặt tiền,4.6,125.0,m²,1.0,1.0,1.0,25.0,"Xã Đức Hòa Hạ, Huyện Đức Hoà, Long An",Long An,Huyện Đức Hoà,Giấy tờ hợp lệ,Tây Nam,5.0
2653,Nhà mặt tiền,3.99,90.0,m²,3.0,3.0,4.0,15.0,"Xã Long Hậu, Huyện Cần Giuộc, Long An",Long An,Huyện Cần Giuộc,Giấy tờ hợp lệ,,6.0
2654,Nhà hẻm ngõ,2.38,90.0,m²,3.0,3.0,1.0,18.0,"Xã Mỹ Hạnh Nam, Huyện Đức Hoà, Long An",Long An,Huyện Đức Hoà,Giấy tờ hợp lệ,Tây Bắc,5.0
2655,Nhà hẻm ngõ,0.78,33.0,m²,2.0,,2.0,10.0,"Xã Phước Lý, Huyện Cần Giuộc, Long An",Long An,Huyện Cần Giuộc,Hợp đồng mua bán,Bắc,3.3
2656,Nhà hẻm ngõ,1.2,60.0,m²,1.0,1.0,,15.0,"Thị trấn Cần Đước, Huyện Cần Đước, Long An",Long An,Huyện Cần Đước,Giấy tờ hợp lệ,Đông Nam,4.0
2657,Biệt thự,2.7,90.0,m²,4.0,3.0,,15.0,"Xã Mỹ Hạnh Nam, Huyện Đức Hoà, Long An",Long An,Huyện Đức Hoà,Đang chờ sổ,,6.0
2658,Nhà hẻm ngõ,0.87,89.0,m²,1.0,1.0,,20.0,"Phường 5, TP. Tân An, Long An",Long An,TP. Tân An,Giấy tờ hợp lệ,Đông,4.2
2659,Nhà hẻm ngõ,0.93,500.0,m²,2.0,1.0,1.0,42.0,"Xã Phú Ngãi Trị, Huyện Châu Thành, Long An",Long An,Huyện Châu Thành,Giấy tờ hợp lệ,Nam,12.0
2660,Mặt tiền,4.9,158.0,m²,2.0,1.0,1.0,38.0,"Xã Long Trạch, Huyện Cần Đước, Long An",Long An,Huyện Cần Đước,Giấy tờ hợp lệ,Tây,4.0
2661,Mặt tiền,2.28,100.0,m²,2.0,3.0,2.0,22.0,"Xã Long Hòa, Huyện Cần Đước, Long An",Long An,Huyện Cần Đước,Giấy tờ hợp lệ,,4.5
2662,Mặt tiền,1.65,50.0,m²,2.0,2.0,2.0,10.0,"Xã Mỹ Hạnh Nam, Huyện Đức Hoà, Long An",Long An,Huyện Đức Hoà,Giấy tờ hợp lệ,Tây Nam,5.0
2663,Mặt tiền,2.3,85.0,m²,6.0,,,17.0,"Xã Long Trạch, Huyện Cần Đước, Long An",Long An,Huyện Cần Đước,Giấy tờ hợp lệ,,5.0
2664,Biệt thự,3.6,234.0,m²,3.0,2.0,1.0,20.0,"Xã Mỹ Lộc, Huyện Cần Giuộc, Long An",Long An,Huyện Cần Giuộc,Giấy tờ hợp lệ,,12.0
2665,Nhà hẻm ngõ,1.35,30.0,m²,2.0,1.0,2.0,10.0,"Xã Long Hậu, Huyện Cần Giuộc, Long An",Long An,Huyện Cần Giuộc,Giấy tờ hợp lệ,,3.0
2666,Nhà mặt tiền,3.7,119.0,m²,2.0,,1.0,29.0,"Xã Mỹ Hạnh Nam, Huyện Đức Hoà, Long An",Long An,Huyện Đức Hoà,Giấy tờ hợp lệ,,4.0
2667,Nhà hẻm ngõ,0.9,100.0,m²,2.0,1.0,,20.0,"Xã An Ninh Tây, Huyện Đức Hoà, Long An",Long An,Huyện Đức Hoà,Giấy tờ hợp lệ,Tây Nam,5.0
2668,Biệt thự,4.5,700.0,m²,3.0,3.0,2.0,32.0,"Xã Tân Kim, Huyện Cần Giuộc, Long An",Long An,Huyện Cần Giuộc,Giấy tờ hợp lệ,,25.0
2669,Nhà hẻm ngõ,2.05,129.0,m²,4.0,2.0,,18.6,"Xã Phước Lý, Huyện Cần Giuộc, Long An",Long An,Huyện Cần Giuộc,Giấy tờ hợp lệ,Nam,7.0
2670,Nhà mặt tiền,2.3,90.0,m²,4.0,4.0,,18.0,"Thị trấn Đức Hòa, Huyện Đức Hoà, Long An",Long An,Huyện Đức Hoà,Giấy tờ hợp lệ,,5.0
2671,Nhà mặt tiền,2.2,160.0,m²,4.0,3.0,,32.0,"Xã Mỹ Hạnh Nam, Huyện Đức Hoà, Long An",Long An,Huyện Đức Hoà,Giấy tờ hợp lệ,Đông Nam,5.0
2672,Biệt thự,1.8,80.0,m²,5.0,5.0,3.0,16.0,"Thị trấn Bến Lức, Huyện Bến Lức, Long An",Long An,Huyện Bến Lức,Sổ hồng,,5.0
2673,Nhà mặt tiền,0.9,92.4,m²,3.0,2.0,1.0,21.0,"Xã Mỹ Lộc, Huyện Cần Giuộc, Long An",Long An,Huyện Cần Giuộc,Giấy tờ hợp lệ,Tây Nam,4.4
2674,Nhà mặt tiền,2.68,84.0,m²,4.0,2.0,1.0,21.0,"Xã Tân Kim, Huyện Cần Giuộc, Long An",Long An,Huyện Cần Giuộc,Giấy tờ hợp lệ,,4.0
2675,Biệt thự,14.5,325.0,m²,4.0,5.0,2.0,25.0,"Xã Đức Hòa Hạ, Huyện Đức Hoà, Long An",Long An,Huyện Đức Hoà,Giấy tờ hợp lệ,Đông Bắc,13.5
2676,Nhà hẻm ngõ,0.799,88.0,m²,2.0,2.0,,11.0,"Xã Mỹ Hạnh Nam, Huyện Đức Hoà, Long An",Long An,Huyện Đức Hoà,Giấy tờ hợp lệ,,4.0
2677,Mặt tiền,2.5,90.0,m²,4.0,4.0,2.0,18.0,"Thị trấn Đức Hòa, Huyện Đức Hoà, Long An",Long An,Huyện Đức Hoà,Giấy tờ hợp lệ,,5.0
2678,Nhà hẻm ngõ,1.45,145.0,m²,3.0,1.0,1.0,29.0,"Xã Mỹ Lộc, Huyện Cần Giuộc, Long An",Long An,Huyện Cần Giuộc,Giấy tờ hợp lệ,Tây,5.0
2679,Nhà mặt tiền,3.2,100.0,m²,4.0,2.0,1.0,20.0,"Xã Tân Kim, Huyện Cần Giuộc, Long An",Long An,Huyện Cần Giuộc,Giấy tờ hợp lệ,,5.0
2680,Nhà hẻm ngõ,1.12,103.5,m²,3.0,3.0,1.0,21.0,"Thị trấn Cần Giuộc, Huyện Cần Giuộc, Long An",Long An,Huyện Cần Giuộc,Giấy tờ hợp lệ,,5.0
2681,Mặt tiền,1.22,40.0,m²,2.0,2.0,,10.0,"Thị trấn Đức Hòa, Huyện Đức Hoà, Long An",Long An,Huyện Đức Hoà,Giấy tờ hợp lệ,Đông Nam,4.0
2682,Nhà mặt tiền,3.55,100.0,m²,4.0,2.0,1.0,20.0,"Xã Tân Kim, Huyện Cần Giuộc, Long An",Long An,Huyện Cần Giuộc,Giấy tờ hợp lệ,,5.0
2683,Nhà mặt tiền,1.99,125.0,m²,3.0,2.0,,25.0,"Xã Mỹ Hạnh Nam, Huyện Đức Hoà, Long An",Long An,Huyện Đức Hoà,Giấy tờ hợp lệ,Nam,5.0
2684,Nhà hẻm ngõ,4.5,3000.0,m²,3.0,1.0,,,"Xã Thạnh Hòa, Huyện Bến Lức, Long An",Long An,Huyện Bến Lức,Giấy tờ hợp lệ,Nam,
2685,Nhà hẻm ngõ,0.73507,46.0,m²,2.0,2.0,1.0,11.5,"Xã Tân Kim, Huyện Cần Giuộc, Long An",Long An,Huyện Cần Giuộc,Giấy tờ hợp lệ,,4.0
2686,Nhà mặt tiền,6.7,112.5,m²,5.0,5.0,5.0,19.0,"Xã Tân Mỹ, Huyện Đức Hoà, Long An",Long An,Huyện Đức Hoà,Đang chờ sổ,Bắc,6.0
2687,Mặt tiền,1.05,38.5,m²,2.0,2.0,2.0,11.0,"Xã Long Hậu, Huyện Cần Giuộc, Long An",Long An,Huyện Cần Giuộc,Giấy tờ hợp lệ,Bắc,3.5
2688,Nhà hẻm ngõ,1.5,71.5,m²,2.0,1.0,1.0,16.0,"Phường 3, TP. Tân An, Long An",Long An,TP. Tân An,Giấy tờ hợp lệ,Đông Bắc,4.0
2689,Nhà mặt tiền,0.845,60.0,m²,2.0,2.0,2.0,15.0,"Thị trấn Cần Giuộc, Huyện Cần Giuộc, Long An",Long An,Huyện Cần Giuộc,Giấy tờ hợp lệ,,4.0
2690,Nhà hẻm ngõ,1.12,65.0,m²,3.0,3.0,1.0,13.0,"Xã Mỹ Lộc, Huyện Cần Giuộc, Long An",Long An,Huyện Cần Giuộc,Giấy tờ hợp lệ,,5.0
2691,Mặt tiền,1.78,113.0,m²,3.0,3.0,1.0,25.0,"Thị trấn Cần Đước, Huyện Cần Đước, Long An",Long An,Huyện Cần Đước,Giấy tờ hợp lệ,,4.5
2692,Nhà hẻm ngõ,1.85,100.0,m²,3.0,2.0,1.0,20.0,"Xã Mỹ Hạnh Nam, Huyện Đức Hoà, Long An",Long An,Huyện Đức Hoà,Giấy tờ hợp lệ,Tây,5.0
2693,Nhà mặt tiền,1.45,60.0,m²,2.0,2.0,2.0,12.0,"Xã Mỹ Hạnh Bắc, Huyện Đức Hoà, Long An",Long An,Huyện Đức Hoà,Giấy tờ hợp lệ,Nam,5.0
2694,Nhà mặt tiền,5.07,75.0,m²,4.0,3.0,3.0,14.0,"Xã Tân Mỹ, Huyện Đức Hoà, Long An",Long An,Huyện Đức Hoà,Đang chờ sổ,Nam,5.0
2695,Mặt tiền,4.69,180.0,m²,3.0,2.0,1.0,30.0,"Xã Phước Lợi, Huyện Bến Lức, Long An",Long An,Huyện Bến Lức,Giấy tờ hợp lệ,,6.0
2696,Mặt tiền,0.745,40.0,m²,2.0,2.0,1.0,8.0,"Xã Mỹ Hạnh Nam, Huyện Đức Hoà, Long An",Long An,Huyện Đức Hoà,Giấy tờ hợp lệ,,5.0
2697,Mặt tiền,1.99,113.0,m²,3.0,3.0,1.0,25.0,"Thị trấn Cần Đước, Huyện Cần Đước, Long An",Long An,Huyện Cần Đước,Giấy tờ hợp lệ,,4.5
2698,Nhà hẻm ngõ,0.5,20.0,m²,2.0,2.0,1.0,5.0,"Xã Mỹ Hạnh Nam, Huyện Đức Hoà, Long An",Long An,Huyện Đức Hoà,Giấy tờ hợp lệ,,4.0
2699,Mặt tiền,3.7,119.0,m²,2.0,2.0,,29.0,"Đường Gò Hưu, Xã Mỹ Hạnh Nam, Huyện Đức Hoà, Long An",Long An,Huyện Đức Hoà,Sổ hồng,,4.0
2700,Mặt tiền,3.5,100.0,m²,4.0,4.0,,20.0,"TP. Tân An, Long An",Long An,TP. Tân An,Sổ hồng,,5.0
2701,Mặt tiền,1.75,92.0,m²,3.0,3.0,2.0,23.0,"Đường ĐT 826, Xã Long Trạch, Huyện Cần Đước, Long An",Long An,Huyện Cần Đước,Sổ hồng,,4.0
2702,Mặt tiền,1.24,100.0,m²,3.0,3.0,2.0,22.0,"Xã Long Trạch, Huyện Cần Đước, Long An",Long An,Huyện Cần Đước,Giấy tờ hợp lệ,,4.5
2703,Mặt tiền,1.35,135.8,m²,1.0,1.0,,27.0,"Đường Tỉnh lộ 816, Xã Bình Đức, Huyện Bến Lức, Long An",Long An,Huyện Bến Lức,Sổ hồng,,5.0
2704,Mặt tiền,2.2,100.0,m²,3.0,3.0,2.0,20.0,"Xã Long Trạch, Huyện Cần Đước, Long An",Long An,Huyện Cần Đước,Giấy tờ hợp lệ,,5.0
2705,Nhà hẻm ngõ,1.3,54.0,m²,2.0,1.0,1.0,12.0,"Xã Mỹ Lộc, Huyện Cần Giuộc, Long An",Long An,Huyện Cần Giuộc,Giấy tờ hợp lệ,,4.5
2706,Nhà hẻm ngõ,0.55,23.1,m²,2.0,2.0,2.0,5.5,"Xã Mỹ Hạnh Nam, Huyện Đức Hoà, Long An",Long An,Huyện Đức Hoà,Hợp đồng mua bán,,4.2
2707,Mặt tiền,0.86,100.0,m²,2.0,2.0,,13.0,"Xã Tân Kim, Huyện Cần Giuộc, Long An",Long An,Huyện Cần Giuộc,Giấy tờ hợp lệ,,4.0
2708,Nhà hẻm ngõ,1.53,91.0,m²,3.0,2.0,1.0,18.0,"Xã Phước Lâm, Huyện Cần Giuộc, Long An",Long An,Huyện Cần Giuộc,Giấy tờ hợp lệ,,5.0
2709,Nhà hẻm ngõ,1.99,56.0,m²,3.0,2.0,2.0,17.0,"Xã Tân Kim, Huyện Cần Giuộc, Long An",Long An,Huyện Cần Giuộc,Giấy tờ hợp lệ,,4.0
2710,Nhà hẻm ngõ,1.05,75.0,m²,2.0,1.0,,15.0,"Xã Hòa Khánh Đông, Huyện Đức Hoà, Long An",Long An,Huyện Đức Hoà,Giấy tờ hợp lệ,,5.0
2711,Mặt tiền,0.85,40.0,m²,3.0,2.0,1.0,10.0,"Xã Mỹ Hạnh Nam, Huyện Đức Hoà, Long An",Long An,Huyện Đức Hoà,Giấy tờ hợp lệ,,4.0
2712,Mặt tiền,0.815,120.0,m²,4.0,2.0,1.0,24.0,"Xã Trường Bình, Huyện Cần Giuộc, Long An",Long An,Huyện Cần Giuộc,Giấy tờ hợp lệ,,5.0
2713,Mặt tiền,0.825,44.0,m²,2.0,2.0,2.0,11.0,"Xã Mỹ Hạnh Nam, Huyện Đức Hoà, Long An",Long An,Huyện Đức Hoà,Giấy tờ hợp lệ,,4.0
2714,Mặt tiền,0.725,28.0,m²,2.0,2.0,2.0,7.0,"Xã Mỹ Hạnh Nam, Huyện Đức Hoà, Long An",Long An,Huyện Đức Hoà,Giấy tờ hợp lệ,,4.0
2715,Biệt thự,10.5,225.0,m²,4.0,3.0,2.0,15.0,"Xã An Thạnh, Huyện Bến Lức, Long An",Long An,Huyện Bến Lức,Đang chờ sổ,Nam,15.0
2716,Mặt tiền,0.7,85.0,m²,3.0,1.0,,17.0,"Xã Trường Bình, Huyện Cần Giuộc, Long An",Long An,Huyện Cần Giuộc,Giấy tờ hợp lệ,,5.0
2717,Mặt tiền,5.2,90.0,m²,3.0,3.0,,15.0,"Xã An Thạnh, Huyện Bến Lức, Long An",Long An,Huyện Bến Lức,Đang chờ sổ,,6.0
2718,Biệt thự,6.8,150.0,m²,4.0,3.0,2.0,15.0,"Xã An Thạnh, Huyện Bến Lức, Long An",Long An,Huyện Bến Lức,Đang chờ sổ,Bắc,10.0
2719,Nhà hẻm ngõ,2.8,140.0,m²,2.0,2.0,1.0,14.0,"Xã Phước Lý, Huyện Cần Giuộc, Long An",Long An,Huyện Cần Giuộc,Giấy tờ hợp lệ,Tây Bắc,10.0
2720,Biệt thự,3.9,90.0,m²,4.0,4.0,3.0,18.0,"Thị trấn Hậu Nghĩa, Huyện Đức Hoà, Long An",Long An,Huyện Đức Hoà,Giấy tờ hợp lệ,Đông Nam,5.0
2721,Mặt tiền,8.9,531.0,m²,,,,53.0,"Đường Huỳnh Văn Đảnh, Phường 3, TP. Tân An, Long An",Long An,TP. Tân An,Sổ hồng,,10.0
2722,Mặt tiền,2.85,421.0,m²,4.0,3.0,,44.0,"Xã Hòa Khánh Nam, Huyện Đức Hoà, Long An",Long An,Huyện Đức Hoà,Giấy tờ hợp lệ,,10.0
2723,Mặt tiền,0.87,100.0,m²,4.0,2.0,1.0,20.0,"Xã Tân Kim, Huyện Cần Giuộc, Long An",Long An,Huyện Cần Giuộc,Giấy tờ hợp lệ,,5.0
2724,Mặt tiền,1.85,87.0,m²,5.0,5.0,2.0,22.0,"Thị trấn Đức Hòa, Huyện Đức Hoà, Long An",Long An,Huyện Đức Hoà,Giấy tờ hợp lệ,,4.0
2725,Nhà hẻm ngõ,0.435,20.0,m²,2.0,2.0,,5.0,"Xã Mỹ Hạnh Nam, Huyện Đức Hoà, Long An",Long An,Huyện Đức Hoà,Giấy tờ hợp lệ,,4.0
2726,Nhà hẻm ngõ,0.28,24.0,m²,2.0,1.0,,6.0,"Xã Mỹ Hạnh Bắc, Huyện Đức Hoà, Long An",Long An,Huyện Đức Hoà,Giấy tờ hợp lệ,,4.0
2727,Biệt thự,5.75,500.0,m²,3.0,3.0,2.0,30.0,"Xã Phước Lý, Huyện Cần Giuộc, Long An",Long An,Huyện Cần Giuộc,Giấy tờ hợp lệ,Bắc,10.7
2728,Mặt tiền,3.0,100.0,m²,3.0,2.0,1.0,20.0,"Xã Long Thượng, Huyện Cần Giuộc, Long An",Long An,Huyện Cần Giuộc,Giấy tờ hợp lệ,,5.0
2729,Nhà hẻm ngõ,1.75,80.0,m²,3.0,2.0,2.0,20.0,"Xã Long Trạch, Huyện Cần Đước, Long An",Long An,Huyện Cần Đước,Giấy tờ hợp lệ,,4.0
2730,Nhà hẻm ngõ,1.17,52.0,m²,3.0,2.0,1.0,13.0,"Thị trấn Cần Giuộc, Huyện Cần Giuộc, Long An",Long An,Huyện Cần Giuộc,Giấy tờ hợp lệ,,4.0
2731,Nhà hẻm ngõ,1.4,95.0,m²,1.0,1.0,,10.5,"Xã Phước Lại, Huyện Cần Giuộc, Long An",Long An,Huyện Cần Giuộc,Giấy tờ hợp lệ,,9.2
2732,Mặt tiền,0.2,32.0,m²,2.0,2.0,,8.0,"Xã Mỹ Hạnh Nam, Huyện Đức Hoà, Long An",Long An,Huyện Đức Hoà,Giấy tờ hợp lệ,,4.0
2733,Nhà hẻm ngõ,0.68,28.0,m²,2.0,2.0,,7.0,"Xã Mỹ Hạnh Bắc, Huyện Đức Hoà, Long An",Long An,Huyện Đức Hoà,Giấy tờ hợp lệ,,4.0
2734,Nhà hẻm ngõ,1.4,120.0,m²,2.0,1.0,,24.0,"Xã Đức Hòa Thượng, Huyện Đức Hoà, Long An",Long An,Huyện Đức Hoà,Sổ hồng,,5.0
2735,Nhà hẻm ngõ,1.7,60.0,m²,3.0,2.0,2.0,,"Đường Ấp Long Phú, Thị trấn Cần Giuộc, Huyện Cần Giuộc, Long An",Long An,Huyện Cần Giuộc,Sổ hồng,,
2736,Mặt tiền,180.0,15191.0,m²,,,,190.0,"Đường Quốc Lộ 1A, Xã Thạnh Đức, Huyện Bến Lức, Long An",Long An,Huyện Bến Lức,Sổ đỏ,,80.0
2737,Nhà hẻm ngõ,10.2,151.0,m²,6.0,5.0,1.0,11.0,"21/5, Đường Trần Phú, Phường 3, TP. Đà Lạt, Lâm Đồng",Lâm Đồng,TP. Đà Lạt,Sổ hồng,Đông,15.0
2738,Biệt thự,27.0,360.0,m²,5.0,3.0,2.0,,"Phường 9, TP. Đà Lạt, Lâm Đồng",Lâm Đồng,TP. Đà Lạt,Giấy tờ hợp lệ,,
2739,Nhà hẻm ngõ,3.1,308.0,m²,2.0,1.0,,40.0,"Lộc Châu, TP. Bảo Lộc, Lâm Đồng",Lâm Đồng,TP. Bảo Lộc,Giấy tờ hợp lệ,Bắc,8.0
2740,Nhà mặt tiền,9.8,67.4,m²,7.0,7.0,5.0,,"Phường 3, TP. Đà Lạt, Lâm Đồng",Lâm Đồng,TP. Đà Lạt,Giấy tờ hợp lệ,,
2741,Nhà hẻm ngõ,2.5,334.0,m²,2.0,1.0,1.0,40.0,"Xã Lộc An, Huyện Bảo Lâm, Lâm Đồng",Lâm Đồng,Huyện Bảo Lâm,Giấy tờ hợp lệ,Tây,10.0
2742,Nhà mặt tiền,2.7,144.0,m²,2.0,1.0,,24.0,"Xã Lộc Thành, Huyện Bảo Lâm, Lâm Đồng",Lâm Đồng,Huyện Bảo Lâm,Giấy tờ hợp lệ,Đông,6.0
2743,Biệt thự,22.0,220.3,m²,10.0,7.0,5.0,,"Phường 10, TP. Đà Lạt, Lâm Đồng",Lâm Đồng,TP. Đà Lạt,Giấy tờ hợp lệ,,
2744,Nhà mặt tiền,13.8,58.1,m²,5.0,5.0,5.0,,"Phường 2, TP. Đà Lạt, Lâm Đồng",Lâm Đồng,TP. Đà Lạt,Giấy tờ hợp lệ,,
2745,Biệt thự,18.3,311.0,m²,5.0,6.0,2.0,20.0,"Phường 11, TP. Đà Lạt, Lâm Đồng",Lâm Đồng,TP. Đà Lạt,Giấy tờ hợp lệ,Đông Nam,10.0
2746,Nhà mặt tiền,15.5,980.0,m²,,,,70.0,"Đường ĐT 725, Xã Tân Hà, Huyện Lâm Hà, Lâm Đồng",Lâm Đồng,Huyện Lâm Hà,Sổ hồng,,14.0
2747,Nhà mặt tiền,14.0,228.0,m²,3.0,2.0,1.0,22.0,"Phường 8, TP. Đà Lạt, Lâm Đồng",Lâm Đồng,TP. Đà Lạt,Giấy tờ hợp lệ,,10.5
2748,Nhà mặt tiền,5.5,1500.0,m²,3.0,2.0,,100.0,"Lộc Châu, TP. Bảo Lộc, Lâm Đồng",Lâm Đồng,TP. Bảo Lộc,Giấy tờ hợp lệ,Tây,15.0
2749,Nhà hẻm ngõ,4.7,600.0,m²,3.0,2.0,1.0,40.0,"Phường Lộc Tiến, TP. Bảo Lộc, Lâm Đồng",Lâm Đồng,TP. Bảo Lộc,Giấy tờ hợp lệ,Đông,15.0
2750,Biệt thự,13.5,276.0,m²,11.0,7.0,4.0,,"Phường 5, TP. Đà Lạt, Lâm Đồng",Lâm Đồng,TP. Đà Lạt,Giấy tờ hợp lệ,,
2751,Biệt thự,69.0,460.7,m²,4.0,5.0,2.0,27.0,"Đường Măng Lin, Phường 7, TP. Đà Lạt, Lâm Đồng",Lâm Đồng,TP. Đà Lạt,Sổ hồng,,17.0
2752,Nhà mặt tiền,20.0,133.0,m²,11.0,7.0,5.0,,"Phường 5, TP. Đà Lạt, Lâm Đồng",Lâm Đồng,TP. Đà Lạt,Giấy tờ hợp lệ,,
2753,Nhà mặt tiền,36.0,179.0,m²,5.0,6.0,5.0,,"Phường 3, TP. Đà Lạt, Lâm Đồng",Lâm Đồng,TP. Đà Lạt,Giấy tờ hợp lệ,,
2754,Nhà mặt tiền,27.0,98.0,m²,5.0,3.0,4.0,,"Phường 6, TP. Đà Lạt, Lâm Đồng",Lâm Đồng,TP. Đà Lạt,Giấy tờ hợp lệ,,
2755,Biệt thự,14.0,294.3,m²,4.0,4.0,3.0,,"Phường 10, TP. Đà Lạt, Lâm Đồng",Lâm Đồng,TP. Đà Lạt,Giấy tờ hợp lệ,,
2756,Nhà mặt tiền,12.0,100.9,m²,5.0,6.0,,17.7,"Phường 6, TP. Đà Lạt, Lâm Đồng",Lâm Đồng,TP. Đà Lạt,Sổ đỏ,,5.7
2757,Nhà mặt tiền,7.5,107.0,m²,2.0,1.0,1.0,20.0,"Đường Thái Phiên, Phường 12, TP. Đà Lạt, Lâm Đồng",Lâm Đồng,TP. Đà Lạt,Sổ hồng,Đông Nam,5.0
2758,Nhà mặt tiền,14.8,75.2,m²,4.0,3.0,3.0,,"Phường 2, TP. Đà Lạt, Lâm Đồng",Lâm Đồng,TP. Đà Lạt,Giấy tờ hợp lệ,,
2759,Nhà mặt tiền,10.0,66.6,m²,7.0,7.0,5.0,,"Phường 6, TP. Đà Lạt, Lâm Đồng",Lâm Đồng,TP. Đà Lạt,Giấy tờ hợp lệ,Đông,
2760,Biệt thự,52.0,756.5,m²,10.0,7.0,2.0,,"Phường 3, TP. Đà Lạt, Lâm Đồng",Lâm Đồng,TP. Đà Lạt,Giấy tờ hợp lệ,Đông Bắc,
2761,Biệt thự,16.8,1513.0,m²,3.0,4.0,1.0,49.0,"Xã Đại Lào, TP. Bảo Lộc, Lâm Đồng",Lâm Đồng,TP. Bảo Lộc,Giấy tờ hợp lệ,Tây Nam,29.0
2762,Biệt thự,16.0,1687.0,m²,11.0,7.0,1.0,63.0,"Phường 5, TP. Đà Lạt, Lâm Đồng",Lâm Đồng,TP. Đà Lạt,Giấy tờ hợp lệ,Tây Nam,12.0
2763,Nhà mặt tiền,6.5,300.0,m²,5.0,2.0,2.0,20.0,"Phường BLao, TP. Bảo Lộc, Lâm Đồng",Lâm Đồng,TP. Bảo Lộc,Giấy tờ hợp lệ,Nam,15.0
2764,Biệt thự,12.5,735.0,m²,5.0,3.0,3.0,,"Phường BLao, TP. Bảo Lộc, Lâm Đồng",Lâm Đồng,TP. Bảo Lộc,Giấy tờ hợp lệ,Tây,
2765,Nhà mặt tiền,3.74,322.0,m²,2.0,1.0,1.0,28.0,"Lộc Châu, TP. Bảo Lộc, Lâm Đồng",Lâm Đồng,TP. Bảo Lộc,Giấy tờ hợp lệ,Nam,11.0
2766,Nhà hẻm ngõ,4.15,94.0,m²,2.0,1.0,,,"Phường 4, TP. Đà Lạt, Lâm Đồng",Lâm Đồng,TP. Đà Lạt,Giấy tờ hợp lệ,Đông Nam,
2767,Nhà mặt tiền,8.6,62.0,m²,7.0,,3.0,,"Phường 4, TP. Đà Lạt, Lâm Đồng",Lâm Đồng,TP. Đà Lạt,Giấy tờ hợp lệ,,
2768,Nhà mặt tiền,1.65,429.0,m²,3.0,2.0,,35.0,"Đường DT725, Xã Mê Linh, Huyện Lâm Hà, Lâm Đồng",Lâm Đồng,Huyện Lâm Hà,Sổ hồng,Nam,11.0
2769,Nhà hẻm ngõ,2.2,80.0,m²,2.0,2.0,2.0,16.0,"Phường 1, TP. Bảo Lộc, Lâm Đồng",Lâm Đồng,TP. Bảo Lộc,Giấy tờ hợp lệ,,5.0
2770,Nhà hẻm ngõ,7.8,500.0,m²,3.0,2.0,1.0,40.0,"Phường Lộc Sơn, TP. Bảo Lộc, Lâm Đồng",Lâm Đồng,TP. Bảo Lộc,Giấy tờ hợp lệ,Đông,12.5
2771,Nhà hẻm ngõ,3.2,369.0,m²,2.0,,,30.0,"Phường Lộc Tiến, TP. Bảo Lộc, Lâm Đồng",Lâm Đồng,TP. Bảo Lộc,Giấy tờ hợp lệ,Tây Bắc,13.7
2772,Nhà hẻm ngõ,5.5,245.0,m²,3.0,2.0,,24.0,"Phường 2, TP. Bảo Lộc, Lâm Đồng",Lâm Đồng,TP. Bảo Lộc,Giấy tờ hợp lệ,Bắc,8.0
2773,Nhà hẻm ngõ,2.3,196.4,m²,3.0,2.0,2.0,24.0,"Xã Lộc An, Huyện Bảo Lâm, Lâm Đồng",Lâm Đồng,Huyện Bảo Lâm,Giấy tờ hợp lệ,Đông,8.5
2774,Nhà mặt tiền,4.5,137.0,m²,2.0,1.0,1.0,29.0,"Phường 2, TP. Bảo Lộc, Lâm Đồng",Lâm Đồng,TP. Bảo Lộc,Giấy tờ hợp lệ,Bắc,5.0
2775,Biệt thự,16.8,165.6,m²,9.0,7.0,3.0,16.0,"Phường BLao, TP. Bảo Lộc, Lâm Đồng",Lâm Đồng,TP. Bảo Lộc,Giấy tờ hợp lệ,Tây,8.8
2776,Nhà mặt tiền,6.5,100.0,m²,5.0,,3.0,20.0,"Phường 1, TP. Bảo Lộc, Lâm Đồng",Lâm Đồng,TP. Bảo Lộc,Giấy tờ hợp lệ,Bắc,5.0
2777,Nhà mặt tiền,8.2,156.5,m²,2.0,1.0,1.0,35.0,"Phường Lộc Tiến, TP. Bảo Lộc, Lâm Đồng",Lâm Đồng,TP. Bảo Lộc,Giấy tờ hợp lệ,Đông Nam,5.8
2778,Biệt thự,4.7,194.0,m²,4.0,4.0,1.0,15.5,"Phường 1, TP. Bảo Lộc, Lâm Đồng",Lâm Đồng,TP. Bảo Lộc,Giấy tờ hợp lệ,Tây Nam,13.3
2779,Nhà mặt tiền,2.8,72.0,m²,2.0,1.0,1.0,13.3,"Phường 2, TP. Bảo Lộc, Lâm Đồng",Lâm Đồng,TP. Bảo Lộc,Giấy tờ hợp lệ,Nam,5.4
2780,Nhà hẻm ngõ,9.5,13800.0,m²,2.0,1.0,,,"Xã Lộc Thành, Huyện Bảo Lâm, Lâm Đồng",Lâm Đồng,Huyện Bảo Lâm,Giấy tờ hợp lệ,,
2781,Nhà mặt tiền,4.9,217.5,m²,4.0,1.0,1.0,30.0,"Phường BLao, TP. Bảo Lộc, Lâm Đồng",Lâm Đồng,TP. Bảo Lộc,Giấy tờ hợp lệ,Đông Nam,7.5
2782,Nhà hẻm ngõ,5.5,57.0,m²,5.0,2.0,2.0,14.0,"Phường 9, TP. Đà Lạt, Lâm Đồng",Lâm Đồng,TP. Đà Lạt,Giấy tờ hợp lệ,Tây Nam,3.5
2783,Nhà hẻm ngõ,5.8,75.0,m²,3.0,3.0,2.0,12.0,"Phường 4, TP. Đà Lạt, Lâm Đồng",Lâm Đồng,TP. Đà Lạt,Giấy tờ hợp lệ,Đông Nam,6.0
2784,Nhà hẻm ngõ,5.9,66.0,m²,5.0,4.0,3.0,13.7,"Phường 10, TP. Đà Lạt, Lâm Đồng",Lâm Đồng,TP. Đà Lạt,Giấy tờ hợp lệ,Tây Nam,4.5
2785,Nhà hẻm ngõ,5.8,82.0,m²,1.0,1.0,,21.0,"Phường 8, TP. Đà Lạt, Lâm Đồng",Lâm Đồng,TP. Đà Lạt,Giấy tờ hợp lệ,Đông Bắc,3.9
2786,Nhà hẻm ngõ,5.4,60.0,m²,2.0,2.0,,,"Phường 4, TP. Đà Lạt, Lâm Đồng",Lâm Đồng,TP. Đà Lạt,Giấy tờ hợp lệ,Đông,
2787,Nhà hẻm ngõ,6.5,511.0,m²,3.0,1.0,,41.0,"Lộc Châu, TP. Bảo Lộc, Lâm Đồng",Lâm Đồng,TP. Bảo Lộc,Giấy tờ hợp lệ,Nam,13.0
2788,Nhà hẻm ngõ,5.9,58.0,m²,5.0,3.0,2.0,8.0,"Phường 2, TP. Đà Lạt, Lâm Đồng",Lâm Đồng,TP. Đà Lạt,Giấy tờ hợp lệ,Đông Nam,6.5
2789,Nhà hẻm ngõ,5.1,65.0,m²,2.0,1.0,,12.0,"Phường 4, TP. Đà Lạt, Lâm Đồng",Lâm Đồng,TP. Đà Lạt,Giấy tờ hợp lệ,Đông Bắc,6.0
2790,Nhà hẻm ngõ,5.6,111.0,m²,2.0,,2.0,20.0,"Phường 4, TP. Đà Lạt, Lâm Đồng",Lâm Đồng,TP. Đà Lạt,Giấy tờ hợp lệ,Đông Nam,4.6
2791,Nhà mặt tiền,2.65,141.0,m²,2.0,2.0,,23.5,"Phường Lộc Tiến, TP. Bảo Lộc, Lâm Đồng",Lâm Đồng,TP. Bảo Lộc,Giấy tờ hợp lệ,,6.0
2792,Nhà mặt tiền,5.9,50.0,m²,2.0,2.0,1.0,12.0,"Phường 6, TP. Đà Lạt, Lâm Đồng",Lâm Đồng,TP. Đà Lạt,Giấy tờ hợp lệ,,4.0
2793,Nhà hẻm ngõ,5.5,73.0,m²,3.0,2.0,,12.0,"Phường 6, TP. Đà Lạt, Lâm Đồng",Lâm Đồng,TP. Đà Lạt,Giấy tờ hợp lệ,Đông Nam,6.2
2794,Nhà hẻm ngõ,5.9,73.0,m²,3.0,,1.0,15.0,"Phường 3, TP. Đà Lạt, Lâm Đồng",Lâm Đồng,TP. Đà Lạt,Giấy tờ hợp lệ,Tây Nam,4.0
2795,Nhà hẻm ngõ,5.7,46.0,m²,3.0,4.0,3.0,7.0,"Phường 9, TP. Đà Lạt, Lâm Đồng",Lâm Đồng,TP. Đà Lạt,Giấy tờ hợp lệ,Đông Bắc,6.8
2796,Nhà hẻm ngõ,5.0,65.0,m²,2.0,2.0,1.0,10.0,"Phường 6, TP. Đà Lạt, Lâm Đồng",Lâm Đồng,TP. Đà Lạt,Giấy tờ hợp lệ,Tây Nam,6.5
2797,Nhà hẻm ngõ,5.99,71.0,m²,6.0,4.0,2.0,5.7,"Phường 5, TP. Đà Lạt, Lâm Đồng",Lâm Đồng,TP. Đà Lạt,Giấy tờ hợp lệ,Bắc,5.3
2798,Nhà mặt tiền,5.8,75.0,m²,3.0,3.0,2.0,12.0,"Phường 4, TP. Đà Lạt, Lâm Đồng",Lâm Đồng,TP. Đà Lạt,Giấy tờ hợp lệ,Đông Nam,6.0
2799,Nhà mặt tiền,5.6,113.0,m²,3.0,1.0,,20.0,"Phường 12, TP. Đà Lạt, Lâm Đồng",Lâm Đồng,TP. Đà Lạt,Giấy tờ hợp lệ,Đông Bắc,5.0
2800,Nhà hẻm ngõ,5.5,64.0,m²,3.0,2.0,1.0,11.0,"Phường 4, TP. Đà Lạt, Lâm Đồng",Lâm Đồng,TP. Đà Lạt,Giấy tờ hợp lệ,Tây,6.0
2801,Nhà hẻm ngõ,5.5,87.0,m²,3.0,3.0,1.0,12.0,"Phường 4, TP. Đà Lạt, Lâm Đồng",Lâm Đồng,TP. Đà Lạt,Giấy tờ hợp lệ,Bắc,6.0
2802,Nhà mặt tiền,5.5,84.0,m²,3.0,2.0,1.0,11.0,"Phường 2, TP. Đà Lạt, Lâm Đồng",Lâm Đồng,TP. Đà Lạt,Giấy tờ hợp lệ,Đông Nam,7.6
2803,Nhà hẻm ngõ,5.8,90.0,m²,4.0,4.0,3.0,15.0,"Phường 9, TP. Đà Lạt, Lâm Đồng",Lâm Đồng,TP. Đà Lạt,Giấy tờ hợp lệ,Đông Nam,6.0
2804,Nhà hẻm ngõ,5.8,112.0,m²,2.0,2.0,,20.0,"Phường 4, TP. Đà Lạt, Lâm Đồng",Lâm Đồng,TP. Đà Lạt,Giấy tờ hợp lệ,Tây,5.3
2805,Nhà hẻm ngõ,5.5,40.0,m²,4.0,3.0,2.0,10.0,"Phường 8, TP. Đà Lạt, Lâm Đồng",Lâm Đồng,TP. Đà Lạt,Giấy tờ hợp lệ,Tây Nam,4.2
2806,Nhà hẻm ngõ,5.6,70.0,m²,3.0,,2.0,12.0,"Phường 5, TP. Đà Lạt, Lâm Đồng",Lâm Đồng,TP. Đà Lạt,Giấy tờ hợp lệ,,6.0
2807,Nhà hẻm ngõ,5.75,87.0,m²,2.0,,,9.5,"Phường 9, TP. Đà Lạt, Lâm Đồng",Lâm Đồng,TP. Đà Lạt,Giấy tờ hợp lệ,Đông Bắc,9.0
2808,Nhà hẻm ngõ,5.5,100.0,m²,4.0,5.0,2.0,22.0,"Phường 5, TP. Đà Lạt, Lâm Đồng",Lâm Đồng,TP. Đà Lạt,Giấy tờ hợp lệ,Tây,4.5
2809,Nhà mặt tiền,4.8,73.0,m²,2.0,2.0,,17.0,"Phường 10, TP. Đà Lạt, Lâm Đồng",Lâm Đồng,TP. Đà Lạt,Giấy tờ hợp lệ,Đông Bắc,4.4
2810,Nhà hẻm ngõ,4.5,119.0,m²,3.0,3.0,,14.7,"Phường 4, TP. Đà Lạt, Lâm Đồng",Lâm Đồng,TP. Đà Lạt,Giấy tờ hợp lệ,Tây,8.5
2811,Nhà hẻm ngõ,5.5,84.0,m²,3.0,2.0,1.0,11.0,"Phường 2, TP. Đà Lạt, Lâm Đồng",Lâm Đồng,TP. Đà Lạt,Giấy tờ hợp lệ,,7.0
2812,Nhà hẻm ngõ,5.54,66.0,m²,3.0,3.0,1.0,14.4,"Phường 4, TP. Đà Lạt, Lâm Đồng",Lâm Đồng,TP. Đà Lạt,Giấy tờ hợp lệ,Tây,4.4
2813,Nhà hẻm ngõ,4.5,48.0,m²,4.0,3.0,2.0,12.0,"Phường 6, TP. Đà Lạt, Lâm Đồng",Lâm Đồng,TP. Đà Lạt,Giấy tờ hợp lệ,,4.0
2814,Nhà hẻm ngõ,5.2,110.0,m²,3.0,2.0,1.0,7.0,"Phường 12, TP. Đà Lạt, Lâm Đồng",Lâm Đồng,TP. Đà Lạt,Giấy tờ hợp lệ,Đông Nam,14.0
2815,Nhà hẻm ngõ,5.65,134.0,m²,2.0,2.0,1.0,16.0,"Phường 4, TP. Đà Lạt, Lâm Đồng",Lâm Đồng,TP. Đà Lạt,Giấy tờ hợp lệ,Tây Nam,15.0
2816,Nhà hẻm ngõ,6.2,100.0,m²,5.0,6.0,,20.0,"Phường 11, TP. Đà Lạt, Lâm Đồng",Lâm Đồng,TP. Đà Lạt,Giấy tờ hợp lệ,,5.0
2817,Nhà hẻm ngõ,5.5,158.0,m²,3.0,2.0,,13.0,"Phường 4, TP. Đà Lạt, Lâm Đồng",Lâm Đồng,TP. Đà Lạt,Giấy tờ hợp lệ,Tây Bắc,9.0
2818,Nhà hẻm ngõ,4.7,28.0,m²,2.0,2.0,1.0,8.0,"Phường 2, TP. Đà Lạt, Lâm Đồng",Lâm Đồng,TP. Đà Lạt,Giấy tờ hợp lệ,Tây Bắc,3.5
2819,Nhà hẻm ngõ,4.2,60.0,m²,3.0,3.0,2.0,14.0,"Phường 9, TP. Đà Lạt, Lâm Đồng",Lâm Đồng,TP. Đà Lạt,Giấy tờ hợp lệ,Đông Bắc,4.0
2820,Nhà hẻm ngõ,1.3,1000.0,m²,2.0,2.0,,35.0,"Xã Tà Nung, TP. Đà Lạt, Lâm Đồng",Lâm Đồng,TP. Đà Lạt,Giấy tờ hợp lệ,,30.0
2821,Nhà hẻm ngõ,4.35,71.0,m²,4.0,3.0,1.0,5.0,"Phường 6, TP. Đà Lạt, Lâm Đồng",Lâm Đồng,TP. Đà Lạt,Giấy tờ hợp lệ,Đông Bắc,15.2
2822,Nhà hẻm ngõ,5.15,108.0,m²,3.0,2.0,1.0,23.0,"Phường 6, TP. Đà Lạt, Lâm Đồng",Lâm Đồng,TP. Đà Lạt,Giấy tờ hợp lệ,Đông Nam,4.5
2823,Nhà hẻm ngõ,4.5,55.0,m²,3.0,1.0,1.0,14.0,"Phường 9, TP. Đà Lạt, Lâm Đồng",Lâm Đồng,TP. Đà Lạt,Giấy tờ hợp lệ,Tây,4.1
2824,Nhà hẻm ngõ,4.2,60.0,m²,5.0,6.0,2.0,17.0,"Phường 6, TP. Đà Lạt, Lâm Đồng",Lâm Đồng,TP. Đà Lạt,Giấy tờ hợp lệ,Tây Bắc,3.5
2825,Nhà hẻm ngõ,4.8,70.0,m²,3.0,1.0,1.0,13.0,"Phường 2, TP. Đà Lạt, Lâm Đồng",Lâm Đồng,TP. Đà Lạt,Giấy tờ hợp lệ,Tây,5.0
2826,Nhà hẻm ngõ,5.2,66.0,m²,3.0,3.0,,11.0,"Phường 10, TP. Đà Lạt, Lâm Đồng",Lâm Đồng,TP. Đà Lạt,Giấy tờ hợp lệ,Đông Nam,6.2
2827,Nhà hẻm ngõ,4.65,67.0,m²,5.0,3.0,,15.0,"Phường 9, TP. Đà Lạt, Lâm Đồng",Lâm Đồng,TP. Đà Lạt,Giấy tờ hợp lệ,Đông Nam,4.5
2828,Nhà hẻm ngõ,4.1,65.0,m²,3.0,,,10.0,"Phường 6, TP. Đà Lạt, Lâm Đồng",Lâm Đồng,TP. Đà Lạt,Giấy tờ hợp lệ,,5.5
2829,Nhà hẻm ngõ,4.5,34.0,m²,3.0,3.0,3.0,12.0,"Phường 6, TP. Đà Lạt, Lâm Đồng",Lâm Đồng,TP. Đà Lạt,Giấy tờ hợp lệ,Đông Bắc,3.0
2830,Nhà hẻm ngõ,4.0,85.0,m²,3.0,2.0,,19.0,"Phường 9, TP. Đà Lạt, Lâm Đồng",Lâm Đồng,TP. Đà Lạt,Giấy tờ hợp lệ,Tây Bắc,4.5
2831,Nhà hẻm ngõ,5.5,157.0,m²,1.0,,,21.0,"Phường 12, TP. Đà Lạt, Lâm Đồng",Lâm Đồng,TP. Đà Lạt,Giấy tờ hợp lệ,,8.0
2832,Nhà hẻm ngõ,4.7,70.0,m²,4.0,4.0,2.0,16.5,"Phường 5, TP. Đà Lạt, Lâm Đồng",Lâm Đồng,TP. Đà Lạt,Giấy tờ hợp lệ,Đông Nam,4.6
2833,Nhà hẻm ngõ,4.1,100.0,m²,2.0,,1.0,20.0,"Phường 7, TP. Đà Lạt, Lâm Đồng",Lâm Đồng,TP. Đà Lạt,Giấy tờ hợp lệ,Đông Bắc,5.0
2834,Nhà hẻm ngõ,3.7,88.0,m²,3.0,3.0,,18.0,"Phường 3, TP. Đà Lạt, Lâm Đồng",Lâm Đồng,TP. Đà Lạt,Giấy tờ hợp lệ,,5.0
2835,Nhà hẻm ngõ,4.5,59.0,m²,3.0,,1.0,11.0,"Phường 2, TP. Đà Lạt, Lâm Đồng",Lâm Đồng,TP. Đà Lạt,Giấy tờ hợp lệ,Đông Bắc,4.7
2836,Nhà mặt tiền,4.99,522.0,m²,4.0,4.0,2.0,7.0,"134, Đường Phùng Hưng, Phường Lộc Tiến, TP. Bảo Lộc, Lâm Đồng",Lâm Đồng,TP. Bảo Lộc,Giấy tờ hợp lệ,Tây Bắc,10.0
2837,Nhà mặt tiền,4.3,63.0,m²,3.0,,,17.0,"Phường 5, TP. Đà Lạt, Lâm Đồng",Lâm Đồng,TP. Đà Lạt,Giấy tờ hợp lệ,Bắc,8.0
2838,Nhà hẻm ngõ,4.0,100.0,m²,2.0,2.0,,20.0,"Phường 10, TP. Đà Lạt, Lâm Đồng",Lâm Đồng,TP. Đà Lạt,Giấy tờ hợp lệ,,5.0
2839,Nhà hẻm ngõ,4.5,288.0,m²,2.0,2.0,1.0,19.0,"Phường 12, TP. Đà Lạt, Lâm Đồng",Lâm Đồng,TP. Đà Lạt,Giấy tờ hợp lệ,Tây Nam,15.0
2840,Nhà hẻm ngõ,4.0,77.0,m²,2.0,2.0,,15.0,"Phường 12, TP. Đà Lạt, Lâm Đồng",Lâm Đồng,TP. Đà Lạt,Giấy tờ hợp lệ,Đông Nam,5.3
2841,Nhà hẻm ngõ,4.2,76.0,m²,2.0,2.0,,15.0,"Phường 2, TP. Đà Lạt, Lâm Đồng",Lâm Đồng,TP. Đà Lạt,Giấy tờ hợp lệ,Tây Bắc,4.3
2842,Nhà hẻm ngõ,5.5,83.0,m²,2.0,1.0,,13.0,"Phường 10, TP. Đà Lạt, Lâm Đồng",Lâm Đồng,TP. Đà Lạt,Giấy tờ hợp lệ,Tây Nam,6.0
2843,Nhà mặt tiền,4.5,120.0,m²,2.0,,,16.0,"Phường 12, TP. Đà Lạt, Lâm Đồng",Lâm Đồng,TP. Đà Lạt,Giấy tờ hợp lệ,Đông Bắc,18.0
2844,Nhà hẻm ngõ,4.2,94.0,m²,2.0,2.0,,17.0,"Phường 4, TP. Đà Lạt, Lâm Đồng",Lâm Đồng,TP. Đà Lạt,Giấy tờ hợp lệ,Đông Nam,5.4
2845,Nhà hẻm ngõ,4.7,259.0,m²,4.0,4.0,,20.0,"Phường 10, TP. Đà Lạt, Lâm Đồng",Lâm Đồng,TP. Đà Lạt,Giấy tờ hợp lệ,Đông Bắc,15.0
2846,Nhà hẻm ngõ,3.8,109.0,m²,2.0,,,16.5,"Phường 12, TP. Đà Lạt, Lâm Đồng",Lâm Đồng,TP. Đà Lạt,Giấy tờ hợp lệ,Đông Nam,6.8
2847,Nhà mặt tiền,300.0,1067.0,m²,11.0,7.0,3.0,,"Phường 1, TP. Đà Lạt, Lâm Đồng",Lâm Đồng,TP. Đà Lạt,Giấy tờ hợp lệ,,
2848,Nhà hẻm ngõ,3.5,67.0,m²,2.0,2.0,1.0,9.0,"Phường 6, TP. Đà Lạt, Lâm Đồng",Lâm Đồng,TP. Đà Lạt,Giấy tờ hợp lệ,Tây Bắc,8.6
2849,Nhà hẻm ngõ,3.8,41.0,m²,2.0,,1.0,10.0,"Phường 10, TP. Đà Lạt, Lâm Đồng",Lâm Đồng,TP. Đà Lạt,Giấy tờ hợp lệ,Đông Nam,4.0
2850,Nhà hẻm ngõ,3.55,375.0,m²,3.0,,,,"Xã Gia Lâm, Huyện Lâm Hà, Lâm Đồng",Lâm Đồng,Huyện Lâm Hà,Giấy tờ hợp lệ,,
2851,Nhà hẻm ngõ,3.85,100.0,m²,3.0,,1.0,25.0,"Phường 9, TP. Đà Lạt, Lâm Đồng",Lâm Đồng,TP. Đà Lạt,Giấy tờ hợp lệ,,4.0
2852,Nhà mặt tiền,4.6,68.0,m²,2.0,2.0,1.0,15.8,"Phường 2, TP. Đà Lạt, Lâm Đồng",Lâm Đồng,TP. Đà Lạt,Giấy tờ hợp lệ,Đông Nam,5.0
2853,Nhà hẻm ngõ,3.05,45.0,m²,3.0,2.0,1.0,11.0,"Phường 7, TP. Đà Lạt, Lâm Đồng",Lâm Đồng,TP. Đà Lạt,Giấy tờ hợp lệ,Tây Bắc,4.4
2854,Nhà hẻm ngõ,3.3,32.0,m²,3.0,3.0,3.0,6.8,"Phường 12, TP. Đà Lạt, Lâm Đồng",Lâm Đồng,TP. Đà Lạt,Giấy tờ hợp lệ,,4.8
2855,Nhà hẻm ngõ,4.5,1050.0,m²,1.0,2.0,1.0,45.0,"Thị Trấn Nam Ban, Huyện Lâm Hà, Lâm Đồng",Lâm Đồng,Huyện Lâm Hà,Giấy tờ hợp lệ,Đông,25.0
2856,Nhà hẻm ngõ,3.95,36.0,m²,3.0,,,8.0,"Phường 2, TP. Đà Lạt, Lâm Đồng",Lâm Đồng,TP. Đà Lạt,Giấy tờ hợp lệ,Đông Nam,4.0
2857,Biệt thự,27.0,360.0,m²,5.0,3.0,2.0,,"Phường 9, TP. Đà Lạt, Lâm Đồng",Lâm Đồng,TP. Đà Lạt,Giấy tờ hợp lệ,,
2858,Nhà mặt tiền,17.0,171.0,m²,5.0,4.0,3.0,,"Phường 2, TP. Đà Lạt, Lâm Đồng",Lâm Đồng,TP. Đà Lạt,Giấy tờ hợp lệ,,
2859,Nhà hẻm ngõ,5.0,99.0,m²,5.0,4.0,,20.0,"Phường 3, TP. Đà Lạt, Lâm Đồng",Lâm Đồng,TP. Đà Lạt,Giấy tờ hợp lệ,,5.0
2860,Nhà hẻm ngõ,3.5,60.0,m²,4.0,5.0,2.0,12.0,"Phường 12, TP. Đà Lạt, Lâm Đồng",Lâm Đồng,TP. Đà Lạt,Giấy tờ hợp lệ,Đông Nam,5.0
2861,Nhà hẻm ngõ,1.8,210.0,m²,1.0,1.0,,21.0,"Lộc Châu, TP. Bảo Lộc, Lâm Đồng",Lâm Đồng,TP. Bảo Lộc,Giấy tờ hợp lệ,,10.0
2862,Biệt thự,3.5,447.0,m²,3.0,3.0,1.0,47.0,"Xã Gia Lâm, Huyện Lâm Hà, Lâm Đồng",Lâm Đồng,Huyện Lâm Hà,Giấy tờ hợp lệ,Tây Bắc,10.0
2863,Nhà mặt tiền,13.5,340.0,m²,9.0,7.0,,20.0,"Phường 10, TP. Đà Lạt, Lâm Đồng",Lâm Đồng,TP. Đà Lạt,Giấy tờ hợp lệ,,17.0
2864,Nhà hẻm ngõ,6.0,32.0,m²,1.0,1.0,,10.0,"Phường 2, TP. Đà Lạt, Lâm Đồng",Lâm Đồng,TP. Đà Lạt,Giấy tờ hợp lệ,,4.0
2865,Biệt thự,8.5,360.0,m²,4.0,4.0,,36.0,"Thị Trấn Lạc Dương, Huyện Lạc Dương, Lâm Đồng",Lâm Đồng,Huyện Lạc Dương,Giấy tờ hợp lệ,,10.0
2866,Biệt thự,3.5,841.0,m²,2.0,1.0,,25.0,"Thị Trấn Lạc Dương, Huyện Lạc Dương, Lâm Đồng",Lâm Đồng,Huyện Lạc Dương,Giấy tờ hợp lệ,,17.0
2867,Nhà mặt tiền,10.9,102.0,m²,4.0,4.0,4.0,,"Phường 6, TP. Đà Lạt, Lâm Đồng",Lâm Đồng,TP. Đà Lạt,Giấy tờ hợp lệ,,
2868,Nhà mặt tiền,8.7,150.0,m²,8.0,7.0,2.0,15.0,"A40, Đường Tô Vĩnh Diện, Phường 6, TP. Đà Lạt, Lâm Đồng",Lâm Đồng,TP. Đà Lạt,Sổ hồng,,10.0
2869,Nhà hẻm ngõ,6.0,68.0,m²,5.0,4.0,3.0,17.0,"Phường 8, TP. Đà Lạt, Lâm Đồng",Lâm Đồng,TP. Đà Lạt,Giấy tờ hợp lệ,,4.0
2870,Biệt thự,10.5,1151.0,m²,2.0,2.0,1.0,57.0,"Xã Tà Nung, TP. Đà Lạt, Lâm Đồng",Lâm Đồng,TP. Đà Lạt,Giấy tờ hợp lệ,,21.0
2871,Biệt thự,5.2,500.0,m²,2.0,2.0,1.0,42.0,"Phường 7, TP. Đà Lạt, Lâm Đồng",Lâm Đồng,TP. Đà Lạt,Giấy tờ hợp lệ,,12.0
2872,Nhà hẻm ngõ,4.5,1000.0,m²,3.0,4.0,2.0,50.0,"Thị Trấn Nam Ban, Huyện Lâm Hà, Lâm Đồng",Lâm Đồng,Huyện Lâm Hà,Giấy tờ hợp lệ,Đông,20.0
2873,Nhà mặt tiền,15.0,5000.0,m²,3.0,2.0,2.0,100.0,"Xã Gia Lâm, Huyện Lâm Hà, Lâm Đồng",Lâm Đồng,Huyện Lâm Hà,Giấy tờ hợp lệ,Đông,50.0
2874,Nhà hẻm ngõ,0.95,556.0,m²,2.0,1.0,1.0,28.0,"401, Đường Đinh Công Tráng, Lộc Châu, TP. Bảo Lộc, Lâm Đồng",Lâm Đồng,TP. Bảo Lộc,Sổ hồng,Đông Bắc,19.0
2875,Nhà mặt tiền,8.5,63.0,m²,6.0,6.0,,6.6,"Phường 4, TP. Đà Lạt, Lâm Đồng",Lâm Đồng,TP. Đà Lạt,Giấy tờ hợp lệ,,11.0
2876,Nhà hẻm ngõ,3.55,375.0,m²,3.0,,,,"Xã Gia Lâm, Huyện Lâm Hà, Lâm Đồng",Lâm Đồng,Huyện Lâm Hà,Giấy tờ hợp lệ,,
2877,Biệt thự,2.97,540.0,m²,3.0,2.0,2.0,30.0,"Đường Lý Thái Tổ, Xã Đạm Bri, TP. Bảo Lộc, Lâm Đồng",Lâm Đồng,TP. Bảo Lộc,Sổ hồng,Tây Bắc,18.0
2878,Biệt thự,3.5,500.0,m²,3.0,2.0,1.0,50.0,"Xã Gia Lâm, Huyện Lâm Hà, Lâm Đồng",Lâm Đồng,Huyện Lâm Hà,Giấy tờ hợp lệ,Tây Bắc,10.0
2879,Biệt thự,3.7,600.0,m²,3.0,2.0,1.0,60.0,"Xã Gia Lâm, Huyện Lâm Hà, Lâm Đồng",Lâm Đồng,Huyện Lâm Hà,Giấy tờ hợp lệ,Đông Nam,10.0
2880,Nhà mặt tiền,0.799,595.0,m²,2.0,1.0,,29.8,"Lộc Châu, TP. Bảo Lộc, Lâm Đồng",Lâm Đồng,TP. Bảo Lộc,Giấy tờ hợp lệ,Tây Nam,20.0
2881,Nhà mặt tiền,3.7,151.0,m²,2.0,2.0,,30.0,"Thị Trấn Nam Ban, Huyện Lâm Hà, Lâm Đồng",Lâm Đồng,Huyện Lâm Hà,Giấy tờ hợp lệ,Đông Bắc,5.0
2882,Nhà hẻm ngõ,2.5,161.0,m²,2.0,3.0,,23.0,"Phường Lộc Tiến, TP. Bảo Lộc, Lâm Đồng",Lâm Đồng,TP. Bảo Lộc,Giấy tờ hợp lệ,,7.0
2883,Biệt thự,29.0,312.0,m²,9.0,10.0,3.0,25.0,"Đường An Sơn, Phường 4, TP. Đà Lạt, Lâm Đồng",Lâm Đồng,TP. Đà Lạt,Sổ hồng,Đông Bắc,12.0
2884,Biệt thự,10.5,1151.0,m²,2.0,2.0,1.0,57.0,"Xã Tà Nung, TP. Đà Lạt, Lâm Đồng",Lâm Đồng,TP. Đà Lạt,Sổ đỏ,,21.0
2885,Biệt thự,11.5,200.0,m²,4.0,3.0,1.0,20.0,"Đường Nam Hồ, Phường 11, TP. Đà Lạt, Lâm Đồng",Lâm Đồng,TP. Đà Lạt,Sổ hồng,Nam,10.0
2886,Nhà hẻm ngõ,5.2,500.0,m²,2.0,2.0,1.0,42.0,"Đường Phước Thành, Phường 7, TP. Đà Lạt, Lâm Đồng",Lâm Đồng,TP. Đà Lạt,Sổ đỏ,,22.0
2887,Nhà mặt tiền,3.0,246.0,m²,3.0,,,,"Phường 2, TP. Bảo Lộc, Lâm Đồng",Lâm Đồng,TP. Bảo Lộc,Giấy tờ hợp lệ,,
2888,Nhà mặt tiền,0.63,220.0,m²,2.0,,,25.0,"Phường 2, TP. Bảo Lộc, Lâm Đồng",Lâm Đồng,TP. Bảo Lộc,Giấy tờ hợp lệ,,8.0
2889,Nhà mặt tiền,15.0,99.0,m²,4.0,6.0,3.0,18.0,"Phường 1, TP. Bảo Lộc, Lâm Đồng",Lâm Đồng,TP. Bảo Lộc,Giấy tờ hợp lệ,Tây Bắc,5.5
2890,Nhà hẻm ngõ,1.55,61.0,m²,2.0,2.0,,12.0,"Phường 8, TP. Đà Lạt, Lâm Đồng",Lâm Đồng,TP. Đà Lạt,Giấy tờ hợp lệ,,4.0
2891,Biệt thự,11.5,200.0,m²,4.0,3.0,,20.0,"Phường 11, TP. Đà Lạt, Lâm Đồng",Lâm Đồng,TP. Đà Lạt,Giấy tờ hợp lệ,,10.0
2892,Biệt thự,36.0,500.0,m²,5.0,5.0,,25.0,"Đường Trần Nhân Tông, Phường 8, TP. Đà Lạt, Lâm Đồng",Lâm Đồng,TP. Đà Lạt,Sổ đỏ,,20.0
2893,Nhà mặt tiền,13.5,80.0,m²,4.0,4.0,3.0,,"Phường 4, TP. Đà Lạt, Lâm Đồng",Lâm Đồng,TP. Đà Lạt,Giấy tờ hợp lệ,,
2894,Biệt thự,13.9,203.0,m²,6.0,6.0,3.0,,"Phường 7, TP. Đà Lạt, Lâm Đồng",Lâm Đồng,TP. Đà Lạt,Giấy tờ hợp lệ,,
2895,Biệt thự,34.0,378.0,m²,7.0,5.0,2.0,26.0,"Phường 8, TP. Đà Lạt, Lâm Đồng",Lâm Đồng,TP. Đà Lạt,Giấy tờ hợp lệ,,14.0
2896,Nhà mặt tiền,18.0,335.0,m²,6.0,5.0,2.0,,"Phường 11, TP. Đà Lạt, Lâm Đồng",Lâm Đồng,TP. Đà Lạt,Giấy tờ hợp lệ,,
2897,Nhà hẻm ngõ,2.8,43.0,m²,2.0,1.0,2.0,6.7,"Phường 2, TP. Đà Lạt, Lâm Đồng",Lâm Đồng,TP. Đà Lạt,Giấy tờ hợp lệ,Đông Bắc,7.6
2898,Biệt thự,29.0,594.0,m²,,,,,"TP. Đà Lạt, Lâm Đồng",Lâm Đồng,TP. Đà Lạt,Sổ hồng,,
2899,Biệt thự,6.5,43.0,m²,4.0,3.0,,9.0,"Phường 3, TP. Đà Lạt, Lâm Đồng",Lâm Đồng,TP. Đà Lạt,Giấy tờ hợp lệ,,5.0
2900,Nhà mặt tiền,27.0,121.0,m²,5.0,6.0,,24.0,"Phường 9, TP. Đà Lạt, Lâm Đồng",Lâm Đồng,TP. Đà Lạt,Giấy tờ hợp lệ,,5.0
2901,Nhà mặt tiền,1.2,200.0,m²,4.0,,,20.0,"Phường 11, TP. Đà Lạt, Lâm Đồng",Lâm Đồng,TP. Đà Lạt,Giấy tờ hợp lệ,,10.0
2902,Nhà hẻm ngõ,0.599,100.0,m²,1.0,,,20.0,"Phường 3, TP. Đà Lạt, Lâm Đồng",Lâm Đồng,TP. Đà Lạt,Giấy tờ hợp lệ,,5.0
2903,Mặt tiền,10.0,220.0,m²,5.0,5.0,3.0,20.0,"Phường 5, TP. Đà Lạt, Lâm Đồng",Lâm Đồng,TP. Đà Lạt,Giấy tờ hợp lệ,,11.0
2904,Mặt tiền,8.2,75.0,m²,5.0,5.0,,16.0,"Phường 8, TP. Đà Lạt, Lâm Đồng",Lâm Đồng,TP. Đà Lạt,Giấy tờ hợp lệ,,5.5
2905,Mặt tiền,21.0,300.0,m²,,,,17.0,"Đường Xuân Thành, Phường 11, TP. Đà Lạt, Lâm Đồng",Lâm Đồng,TP. Đà Lạt,Sổ hồng,,17.0
2906,Mặt tiền,6.5,53.0,m²,2.0,2.0,2.0,10.0,"Đường Thủ Khoa Huân, Phường 1, TP. Đà Lạt, Lâm Đồng",Lâm Đồng,TP. Đà Lạt,Sổ hồng,,5.0
2907,Mặt tiền,0.92,760.0,m²,3.0,3.0,,38.0,"Phường Lộc Phát, TP. Bảo Lộc, Lâm Đồng",Lâm Đồng,TP. Bảo Lộc,Giấy tờ hợp lệ,,20.0
2908,Nhà hẻm ngõ,7.0,65.4,m²,5.0,5.0,4.0,15.2,"Phường 4, TP. Đà Lạt, Lâm Đồng",Lâm Đồng,TP. Đà Lạt,Giấy tờ hợp lệ,Tây Bắc,4.3
2909,Nhà hẻm ngõ,0.9,325.0,m²,3.0,,,,"Phường 3, TP. Đà Lạt, Lâm Đồng",Lâm Đồng,TP. Đà Lạt,Giấy tờ hợp lệ,Đông Nam,
2910,Mặt tiền,0.73,260.0,m²,2.0,,,26.0,"Phường Lộc Phát, TP. Bảo Lộc, Lâm Đồng",Lâm Đồng,TP. Bảo Lộc,Giấy tờ hợp lệ,,10.0
2911,Mặt tiền,0.76,120.0,m²,2.0,,,30.0,"Phường BLao, TP. Bảo Lộc, Lâm Đồng",Lâm Đồng,TP. Bảo Lộc,Giấy tờ hợp lệ,,4.0
2912,Mặt tiền,8.0,95.0,m²,3.0,3.0,,15.0,"Phường 5, TP. Đà Lạt, Lâm Đồng",Lâm Đồng,TP. Đà Lạt,Giấy tờ hợp lệ,,5.5
2913,Nhà mặt tiền,2.77,1.05,m²,2.0,1.0,1.0,100.0,"Đường Tháp Nước, Xã Láng Dài, Huyện Đất Đỏ, Bà Rịa - Vũng Tàu",Bà Rịa - Vũng Tàu,Huyện Đất Đỏ,Sổ hồng,,10.0
2914,Nhà hẻm ngõ,3.5,201.0,m²,3.0,2.0,2.0,32.0,"Thị trấn Long Hải, Huyện Long Điền, Bà Rịa - Vũng Tàu",Bà Rịa - Vũng Tàu,Huyện Long Điền,Giấy tờ hợp lệ,Tây Nam,6.0
2915,Nhà hẻm ngõ,6.2,76.0,m²,2.0,1.0,1.0,,"Phường 8, TP. Vũng Tàu, Bà Rịa - Vũng Tàu",Bà Rịa - Vũng Tàu,TP. Vũng Tàu,Giấy tờ hợp lệ,Đông Bắc,
2916,Nhà hẻm ngõ,6.2,76.0,m²,2.0,1.0,1.0,15.0,"Phường 8, TP. Vũng Tàu, Bà Rịa - Vũng Tàu",Bà Rịa - Vũng Tàu,TP. Vũng Tàu,Giấy tờ hợp lệ,Đông Bắc,4.8
2917,Nhà mặt tiền,1.0,23.0,m²,2.0,2.0,2.0,4.5,"Đường Quốc Lộ 51, Xã Tân Hải, Thị Xã Phú Mỹ, Bà Rịa - Vũng Tàu",Bà Rịa - Vũng Tàu,Thị Xã Phú Mỹ,Sổ đỏ,Tây,5.0
2918,Nhà hẻm ngõ,8.7,140.0,m²,4.0,,4.0,,"Phường 4, TP. Vũng Tàu, Bà Rịa - Vũng Tàu",Bà Rịa - Vũng Tàu,TP. Vũng Tàu,Giấy tờ hợp lệ,Bắc,
2919,Nhà hẻm ngõ,4.95,43.0,m²,4.0,4.0,,,"Phường 8, TP. Vũng Tàu, Bà Rịa - Vũng Tàu",Bà Rịa - Vũng Tàu,TP. Vũng Tàu,Giấy tờ hợp lệ,Đông Bắc,
2920,Nhà hẻm ngõ,3.35,46.0,m²,2.0,2.0,,16.0,"Đường Lê Lợi, Phường Thắng Nhì, TP. Vũng Tàu, Bà Rịa - Vũng Tàu",Bà Rịa - Vũng Tàu,TP. Vũng Tàu,Sổ hồng,,3.2
2921,Biệt thự,18.7,170.0,m²,4.0,5.0,3.0,17.0,"Phường 9, TP. Vũng Tàu, Bà Rịa - Vũng Tàu",Bà Rịa - Vũng Tàu,TP. Vũng Tàu,Giấy tờ hợp lệ,Đông Nam,10.0
2922,Biệt thự,14.8,131.0,m²,4.0,5.0,3.0,,"Phường Nguyễn An Ninh, TP. Vũng Tàu, Bà Rịa - Vũng Tàu",Bà Rịa - Vũng Tàu,TP. Vũng Tàu,Giấy tờ hợp lệ,Đông Nam,
2923,Nhà hẻm ngõ,5.55,50.0,m²,3.0,4.0,3.0,10.5,"Phường 8, TP. Vũng Tàu, Bà Rịa - Vũng Tàu",Bà Rịa - Vũng Tàu,TP. Vũng Tàu,Giấy tờ hợp lệ,Đông Bắc,4.7
2924,Nhà mặt tiền,2.2,160.0,m²,2.0,1.0,1.0,29.0,"Thị trấn Long Hải, Huyện Long Điền, Bà Rịa - Vũng Tàu",Bà Rịa - Vũng Tàu,Huyện Long Điền,Giấy tờ hợp lệ,,5.5
2925,Biệt thự,4.7,195.0,m²,3.0,2.0,,,"Đường số 20, Xã Tam Phước, Huyện Long Điền, Bà Rịa - Vũng Tàu",Bà Rịa - Vũng Tàu,Huyện Long Điền,Sổ đỏ,Tây,
2926,Nhà hẻm ngõ,9.2,155.0,m²,5.0,5.0,,27.0,"Phường 7, TP. Vũng Tàu, Bà Rịa - Vũng Tàu",Bà Rịa - Vũng Tàu,TP. Vũng Tàu,Giấy tờ hợp lệ,Đông Bắc,5.7
2927,Nhà mặt tiền,15.0,101.0,m²,4.0,4.0,2.0,12.7,"Phường 4, TP. Vũng Tàu, Bà Rịa - Vũng Tàu",Bà Rịa - Vũng Tàu,TP. Vũng Tàu,Giấy tờ hợp lệ,Tây Nam,8.0
2928,Biệt thự,16.0,236.0,m²,5.0,,,27.0,"Đường Nguyễn Kim, Phường 4, TP. Vũng Tàu, Bà Rịa - Vũng Tàu",Bà Rịa - Vũng Tàu,TP. Vũng Tàu,Sổ hồng,Đông Nam,8.0
2929,Nhà mặt tiền,2.39,139.0,m²,3.0,1.0,1.0,7.3,"Thị trấn Phước Hải, Huyện Đất Đỏ, Bà Rịa - Vũng Tàu",Bà Rịa - Vũng Tàu,Huyện Đất Đỏ,Giấy tờ hợp lệ,Đông Nam,19.0
2930,Nhà mặt tiền,6.9,82.5,m²,4.0,5.0,3.0,15.0,"TP. Vũng Tàu, Bà Rịa - Vũng Tàu",Bà Rịa - Vũng Tàu,TP. Vũng Tàu,Hợp đồng mua bán,Bắc,5.4
2931,Nhà hẻm ngõ,2.2,60.0,m²,2.0,2.0,2.0,15.0,"Phường Thắng Nhất, TP. Vũng Tàu, Bà Rịa - Vũng Tàu",Bà Rịa - Vũng Tàu,TP. Vũng Tàu,Sổ hồng,Tây Nam,4.0
2932,Nhà hẻm ngõ,4.3,76.0,m²,2.0,2.0,1.0,18.0,"Phường 4, TP. Vũng Tàu, Bà Rịa - Vũng Tàu",Bà Rịa - Vũng Tàu,TP. Vũng Tàu,Giấy tờ hợp lệ,Tây Nam,4.2
2933,Nhà mặt tiền,12.5,80.0,m²,3.0,4.0,3.0,16.0,"Phường 8, TP. Vũng Tàu, Bà Rịa - Vũng Tàu",Bà Rịa - Vũng Tàu,TP. Vũng Tàu,Giấy tờ hợp lệ,Tây Bắc,5.0
2934,Nhà hẻm ngõ,7.3,76.0,m²,3.0,4.0,3.0,10.5,"Phường Thắng Tam, TP. Vũng Tàu, Bà Rịa - Vũng Tàu",Bà Rịa - Vũng Tàu,TP. Vũng Tàu,Giấy tờ hợp lệ,Tây Nam,7.3
2935,Nhà hẻm ngõ,4.35,280.0,m²,11.0,7.0,,28.0,"Phường Mỹ Xuân, Thị Xã Phú Mỹ, Bà Rịa - Vũng Tàu",Bà Rịa - Vũng Tàu,Thị Xã Phú Mỹ,Giấy tờ hợp lệ,Đông,10.0
2936,Nhà mặt tiền,10.5,2248.0,m²,3.0,3.0,,90.0,"Xã Xuyên Mộc, Huyện Xuyên Mộc, Bà Rịa - Vũng Tàu",Bà Rịa - Vũng Tàu,Huyện Xuyên Mộc,Giấy tờ hợp lệ,,25.0
2937,Nhà hẻm ngõ,5.3,42.0,m²,3.0,4.0,2.0,,"Phường 2, TP. Vũng Tàu, Bà Rịa - Vũng Tàu",Bà Rịa - Vũng Tàu,TP. Vũng Tàu,Giấy tờ hợp lệ,Đông Bắc,
2938,Nhà mặt tiền,6.8,57.0,m²,2.0,3.0,2.0,12.3,"Phường 1, TP. Vũng Tàu, Bà Rịa - Vũng Tàu",Bà Rịa - Vũng Tàu,TP. Vũng Tàu,Giấy tờ hợp lệ,Đông Nam,4.6
2939,Nhà mặt tiền,10.79,327.0,m²,3.0,2.0,2.0,,"Thị trấn Long Hải, Huyện Long Điền, Bà Rịa - Vũng Tàu",Bà Rịa - Vũng Tàu,Huyện Long Điền,Giấy tờ hợp lệ,Tây Bắc,
2940,Nhà mặt tiền,17.2,134.0,m²,5.0,5.0,4.0,33.0,"Phường 3, TP. Vũng Tàu, Bà Rịa - Vũng Tàu",Bà Rịa - Vũng Tàu,TP. Vũng Tàu,Giấy tờ hợp lệ,Tây,5.2
2941,Nhà hẻm ngõ,2.2,1250.0,m²,2.0,2.0,1.0,75.0,"Đường Ấp 5, Xã Tóc Tiên, Thị Xã Phú Mỹ, Bà Rịa - Vũng Tàu",Bà Rịa - Vũng Tàu,Thị Xã Phú Mỹ,Sổ hồng,,15.0
2942,Nhà mặt tiền,4.1,120.0,m²,1.0,,,24.0,"Xã Kim Long, Huyện Châu Đức, Bà Rịa - Vũng Tàu",Bà Rịa - Vũng Tàu,Huyện Châu Đức,Giấy tờ hợp lệ,,5.0
2943,Nhà mặt tiền,0.42,21.0,m²,1.0,1.0,1.0,4.2,"Xã Tam Phước, Huyện Long Điền, Bà Rịa - Vũng Tàu",Bà Rịa - Vũng Tàu,Huyện Long Điền,Hợp đồng mua bán,,5.0
2944,Nhà mặt tiền,3.75,100.0,m²,3.0,2.0,2.0,20.0,"Phường Mỹ Xuân, Thị Xã Phú Mỹ, Bà Rịa - Vũng Tàu",Bà Rịa - Vũng Tàu,Thị Xã Phú Mỹ,Giấy tờ hợp lệ,Bắc,5.0
2945,Nhà mặt tiền,20.0,131.0,m²,6.0,3.0,4.0,19.0,"Phường 10, TP. Vũng Tàu, Bà Rịa - Vũng Tàu",Bà Rịa - Vũng Tàu,TP. Vũng Tàu,Đang chờ sổ,Tây Bắc,7.5
2946,Nhà hẻm ngõ,3.7,73.0,m²,2.0,1.0,1.0,20.0,"Phường 4, TP. Vũng Tàu, Bà Rịa - Vũng Tàu",Bà Rịa - Vũng Tàu,TP. Vũng Tàu,Giấy tờ hợp lệ,Tây Bắc,3.6
2947,Nhà hẻm ngõ,6.79,75.0,m²,3.0,4.0,3.0,18.5,"Phường Nguyễn An Ninh, TP. Vũng Tàu, Bà Rịa - Vũng Tàu",Bà Rịa - Vũng Tàu,TP. Vũng Tàu,Giấy tờ hợp lệ,Tây Bắc,4.0
2948,Nhà mặt tiền,25.0,174.1,m²,4.0,,3.0,33.0,"Phường Thắng Tam, TP. Vũng Tàu, Bà Rịa - Vũng Tàu",Bà Rịa - Vũng Tàu,TP. Vũng Tàu,Giấy tờ hợp lệ,Tây Bắc,5.2
2949,Nhà mặt tiền,3.3,30.0,m²,2.0,2.0,2.0,7.7,"Phường 2, TP. Vũng Tàu, Bà Rịa - Vũng Tàu",Bà Rịa - Vũng Tàu,TP. Vũng Tàu,Giấy tờ hợp lệ,Bắc,3.9
2950,Nhà mặt tiền,3.5,218.8,m²,3.0,3.0,1.0,24.8,"Xã Hòa Long, Thành phố Bà Rịa, Bà Rịa - Vũng Tàu",Bà Rịa - Vũng Tàu,Thành phố Bà Rịa,Giấy tờ hợp lệ,Đông Bắc,10.0
2951,Nhà mặt tiền,5.1,90.0,m²,3.0,2.0,2.0,18.0,"Phường Phước Nguyên, Thành phố Bà Rịa, Bà Rịa - Vũng Tàu",Bà Rịa - Vũng Tàu,Thành phố Bà Rịa,Giấy tờ hợp lệ,Tây Nam,5.0
2952,Nhà mặt tiền,8.2,80.0,m²,2.0,2.0,1.0,20.0,"Phường 8, TP. Vũng Tàu, Bà Rịa - Vũng Tàu",Bà Rịa - Vũng Tàu,TP. Vũng Tàu,Giấy tờ hợp lệ,Tây,4.0
2953,Nhà mặt tiền,2.45,132.0,m²,2.0,1.0,,22.0,"Thị trấn Phước Bửu, Huyện Xuyên Mộc, Bà Rịa - Vũng Tàu",Bà Rịa - Vũng Tàu,Huyện Xuyên Mộc,Giấy tờ hợp lệ,,6.0
2954,Nhà hẻm ngõ,5.55,49.0,m²,3.0,4.0,3.0,10.5,"Phường 8, TP. Vũng Tàu, Bà Rịa - Vũng Tàu",Bà Rịa - Vũng Tàu,TP. Vũng Tàu,Giấy tờ hợp lệ,Đông Bắc,4.7
2955,Nhà mặt tiền,10.0,2715.0,m²,3.0,3.0,1.0,,"Xã Láng Dài, Huyện Đất Đỏ, Bà Rịa - Vũng Tàu",Bà Rịa - Vũng Tàu,Huyện Đất Đỏ,Giấy tờ hợp lệ,Đông Nam,
2956,Nhà hẻm ngõ,5.65,50.0,m²,4.0,,4.0,12.5,"Phường 7, TP. Vũng Tàu, Bà Rịa - Vũng Tàu",Bà Rịa - Vũng Tàu,TP. Vũng Tàu,Giấy tờ hợp lệ,Tây Bắc,4.0
2957,Nhà mặt tiền,18.5,100.0,m²,5.0,6.0,5.0,20.0,"Phường 2, TP. Vũng Tàu, Bà Rịa - Vũng Tàu",Bà Rịa - Vũng Tàu,TP. Vũng Tàu,Giấy tờ hợp lệ,Tây Nam,4.6
2958,Nhà mặt tiền,6.0,77.5,m²,4.0,4.0,4.0,11.0,"Phường 12, TP. Vũng Tàu, Bà Rịa - Vũng Tàu",Bà Rịa - Vũng Tàu,TP. Vũng Tàu,Đang chờ sổ,,7.0
2959,Nhà mặt tiền,3.5,822.0,m²,3.0,2.0,1.0,82.0,"Xã Tóc Tiên, Thị Xã Phú Mỹ, Bà Rịa - Vũng Tàu",Bà Rịa - Vũng Tàu,Thị Xã Phú Mỹ,Giấy tờ hợp lệ,,10.0
2960,Biệt thự,4.5,85.0,m²,4.0,3.0,,17.0,"Thị Xã Phú Mỹ, Bà Rịa - Vũng Tàu",Bà Rịa - Vũng Tàu,Thị Xã Phú Mỹ,Sổ hồng,,5.0
2961,Nhà hẻm ngõ,5.4,423.0,m²,4.0,1.0,,48.0,"Phường Phước Hòa, Thị Xã Phú Mỹ, Bà Rịa - Vũng Tàu",Bà Rịa - Vũng Tàu,Thị Xã Phú Mỹ,Giấy tờ hợp lệ,,9.0
2962,Nhà mặt tiền,2.55,100.0,m²,3.0,2.0,1.0,20.0,"Phường Phú Mỹ, Thị Xã Phú Mỹ, Bà Rịa - Vũng Tàu",Bà Rịa - Vũng Tàu,Thị Xã Phú Mỹ,Giấy tờ hợp lệ,Nam,5.0
2963,Nhà hẻm ngõ,5.5,55.0,m²,3.0,4.0,2.0,16.0,"Phường 2, TP. Vũng Tàu, Bà Rịa - Vũng Tàu",Bà Rịa - Vũng Tàu,TP. Vũng Tàu,Giấy tờ hợp lệ,Đông,3.5
2964,Nhà mặt tiền,14.5,870.0,m²,,,,50.0,"Đường Phú Mỹ - Tóc Tiên, Xã Tóc Tiên, Thị Xã Phú Mỹ, Bà Rịa - Vũng Tàu",Bà Rịa - Vũng Tàu,Thị Xã Phú Mỹ,Sổ hồng,Nam,18.0
2965,Nhà mặt tiền,2.85,80.6,m²,4.0,,,16.0,"Thị trấn Phước Hải, Huyện Đất Đỏ, Bà Rịa - Vũng Tàu",Bà Rịa - Vũng Tàu,Huyện Đất Đỏ,Giấy tờ hợp lệ,,5.8
2966,Nhà hẻm ngõ,1.35,77.0,m²,2.0,1.0,,17.0,"Thị trấn Long Hải, Huyện Long Điền, Bà Rịa - Vũng Tàu",Bà Rịa - Vũng Tàu,Huyện Long Điền,Giấy tờ hợp lệ,Tây Nam,4.5
2967,Nhà hẻm ngõ,4.95,51.0,m²,3.0,4.0,2.0,10.0,"Phường 3, TP. Vũng Tàu, Bà Rịa - Vũng Tàu",Bà Rịa - Vũng Tàu,TP. Vũng Tàu,Giấy tờ hợp lệ,Đông Nam,5.0
2968,Nhà hẻm ngõ,6.0,80.0,m²,2.0,2.0,1.0,20.0,"Phường 8, TP. Vũng Tàu, Bà Rịa - Vũng Tàu",Bà Rịa - Vũng Tàu,TP. Vũng Tàu,Giấy tờ hợp lệ,Tây Bắc,4.0
2969,Nhà mặt tiền,8.2,175.7,m²,4.0,2.0,1.0,21.0,"Thị trấn Phước Hải, Huyện Đất Đỏ, Bà Rịa - Vũng Tàu",Bà Rịa - Vũng Tàu,Huyện Đất Đỏ,Giấy tờ hợp lệ,Tây Bắc,8.0
2970,Nhà hẻm ngõ,20.0,202.0,m²,2.0,2.0,1.0,22.0,"Phường 3, TP. Vũng Tàu, Bà Rịa - Vũng Tàu",Bà Rịa - Vũng Tàu,TP. Vũng Tàu,Giấy tờ hợp lệ,Đông,9.2
2971,Nhà hẻm ngõ,9.5,80.0,m²,4.0,4.0,3.0,16.0,"Phường Thắng Tam, TP. Vũng Tàu, Bà Rịa - Vũng Tàu",Bà Rịa - Vũng Tàu,TP. Vũng Tàu,Giấy tờ hợp lệ,Nam,5.0
2972,Nhà mặt tiền,2.6,92.5,m²,2.0,1.0,,19.0,"Đường Rạch Gầm - Xoài Mút, Phường Kim Dinh, Thành phố Bà Rịa, Bà Rịa - Vũng Tàu",Bà Rịa - Vũng Tàu,Thành phố Bà Rịa,Sổ đỏ,Đông,5.0
2973,Nhà mặt tiền,11.9,81.0,m²,4.0,4.0,2.0,20.5,"Phường 1, TP. Vũng Tàu, Bà Rịa - Vũng Tàu",Bà Rịa - Vũng Tàu,TP. Vũng Tàu,Giấy tờ hợp lệ,Tây Bắc,4.0
2974,Nhà hẻm ngõ,4.95,43.0,m²,4.0,4.0,3.0,7.6,"Phường 8, TP. Vũng Tàu, Bà Rịa - Vũng Tàu",Bà Rịa - Vũng Tàu,TP. Vũng Tàu,Giấy tờ hợp lệ,Đông Bắc,5.7
2975,Nhà mặt tiền,2.38,300.0,m²,3.0,1.0,,50.0,"Thị trấn Ngãi Giao, Huyện Châu Đức, Bà Rịa - Vũng Tàu",Bà Rịa - Vũng Tàu,Huyện Châu Đức,Giấy tờ hợp lệ,Đông Bắc,6.6
2976,Nhà hẻm ngõ,4.8,54.0,m²,4.0,3.0,2.0,13.5,"Phường Thắng Tam, TP. Vũng Tàu, Bà Rịa - Vũng Tàu",Bà Rịa - Vũng Tàu,TP. Vũng Tàu,Giấy tờ hợp lệ,Đông Bắc,4.0
2977,Nhà mặt tiền,7.99,82.0,m²,2.0,2.0,1.0,20.5,"Phường 8, TP. Vũng Tàu, Bà Rịa - Vũng Tàu",Bà Rịa - Vũng Tàu,TP. Vũng Tàu,Giấy tờ hợp lệ,Tây,4.0
2978,Nhà mặt tiền,2.55,100.0,m²,3.0,2.0,,20.0,"Đường Dương Văn Dương, Phường Phú Mỹ, Thị Xã Phú Mỹ, Bà Rịa - Vũng Tàu",Bà Rịa - Vũng Tàu,Thị Xã Phú Mỹ,Sổ hồng,Nam,5.0
2979,Nhà mặt tiền,3.5,822.0,m²,3.0,2.0,1.0,82.0,"Đường Mỹ Xuân - Tóc Tiên, Xã Tóc Tiên, Thị Xã Phú Mỹ, Bà Rịa - Vũng Tàu",Bà Rịa - Vũng Tàu,Thị Xã Phú Mỹ,Sổ hồng,Nam,10.0
2980,Nhà hẻm ngõ,9.8,105.0,m²,3.0,4.0,3.0,26.0,"Phường 4, TP. Vũng Tàu, Bà Rịa - Vũng Tàu",Bà Rịa - Vũng Tàu,TP. Vũng Tàu,Giấy tờ hợp lệ,,4.0
2981,Nhà mặt tiền,4.6,232.0,m²,2.0,1.0,,33.1,"Phường Long Toàn, Thành phố Bà Rịa, Bà Rịa - Vũng Tàu",Bà Rịa - Vũng Tàu,Thành phố Bà Rịa,Giấy tờ hợp lệ,Tây Nam,7.0
2982,Nhà mặt tiền,3.08,235.0,m²,2.0,2.0,1.0,36.0,"Xã Hòa Long, Thành phố Bà Rịa, Bà Rịa - Vũng Tàu",Bà Rịa - Vũng Tàu,Thành phố Bà Rịa,Giấy tờ hợp lệ,Bắc,6.5
2983,Nhà hẻm ngõ,4.5,128.0,m²,2.0,1.0,,,"Phường Rạch Dừa, TP. Vũng Tàu, Bà Rịa - Vũng Tàu",Bà Rịa - Vũng Tàu,TP. Vũng Tàu,Giấy tờ hợp lệ,Tây Bắc,
2984,Nhà hẻm ngõ,2.2,124.0,m²,3.0,2.0,1.0,25.0,"Thị trấn Đất Đỏ, Huyện Đất Đỏ, Bà Rịa - Vũng Tàu",Bà Rịa - Vũng Tàu,Huyện Đất Đỏ,Giấy tờ hợp lệ,,5.0
2985,Nhà mặt tiền,13.0,940.0,m²,3.0,4.0,,47.0,"Thị trấn Phước Bửu, Huyện Xuyên Mộc, Bà Rịa - Vũng Tàu",Bà Rịa - Vũng Tàu,Huyện Xuyên Mộc,Giấy tờ hợp lệ,,20.0
2986,Nhà hẻm ngõ,4.45,44.0,m²,2.0,2.0,1.0,11.0,"Phường 7, TP. Vũng Tàu, Bà Rịa - Vũng Tàu",Bà Rịa - Vũng Tàu,TP. Vũng Tàu,Giấy tờ hợp lệ,Đông Bắc,4.3
2987,Nhà mặt tiền,8.5,63.0,m²,4.0,5.0,3.0,9.0,"Phường 2, TP. Vũng Tàu, Bà Rịa - Vũng Tàu",Bà Rịa - Vũng Tàu,TP. Vũng Tàu,Giấy tờ hợp lệ,Đông Bắc,8.0
2988,Nhà hẻm ngõ,8.1,72.0,m²,3.0,4.0,2.0,9.7,"Phường 2, TP. Vũng Tàu, Bà Rịa - Vũng Tàu",Bà Rịa - Vũng Tàu,TP. Vũng Tàu,Giấy tờ hợp lệ,Đông Bắc,7.7
2989,Nhà hẻm ngõ,8.5,76.0,m²,4.0,4.0,2.0,15.5,"Phường 2, TP. Vũng Tàu, Bà Rịa - Vũng Tàu",Bà Rịa - Vũng Tàu,TP. Vũng Tàu,Giấy tờ hợp lệ,Đông Nam,5.0
2990,Biệt thự,4.85,216.0,m²,6.0,7.0,,36.0,"Đường DT44B, Thị trấn Phước Hải, Huyện Đất Đỏ, Bà Rịa - Vũng Tàu",Bà Rịa - Vũng Tàu,Huyện Đất Đỏ,Sổ hồng,Tây Nam,6.0
2991,Nhà mặt tiền,4.8,85.0,m²,4.0,4.0,,,"Phường Hắc Dịch, Thị Xã Phú Mỹ, Bà Rịa - Vũng Tàu",Bà Rịa - Vũng Tàu,Thị Xã Phú Mỹ,Sổ hồng,,
2992,Nhà hẻm ngõ,0.495,43.0,m²,4.0,5.0,,8.0,"Đường Trương Công Định, Phường 8, TP. Vũng Tàu, Bà Rịa - Vũng Tàu",Bà Rịa - Vũng Tàu,TP. Vũng Tàu,Sổ hồng,,5.7
2993,Nhà hẻm ngõ,5.49,42.0,m²,3.0,4.0,2.0,9.0,"Phường 2, TP. Vũng Tàu, Bà Rịa - Vũng Tàu",Bà Rịa - Vũng Tàu,TP. Vũng Tàu,Giấy tờ hợp lệ,Tây Bắc,4.7
2994,Nhà mặt tiền,4.45,155.0,m²,4.0,4.0,2.0,31.0,"Đường Phan Bội Châu, Phường Phú Mỹ, Thị Xã Phú Mỹ, Bà Rịa - Vũng Tàu",Bà Rịa - Vũng Tàu,Thị Xã Phú Mỹ,Sổ hồng,Nam,5.0
2995,Nhà hẻm ngõ,5.8,54.0,m²,7.0,7.0,4.0,,"Phường Thắng Tam, TP. Vũng Tàu, Bà Rịa - Vũng Tàu",Bà Rịa - Vũng Tàu,TP. Vũng Tàu,Giấy tờ hợp lệ,Đông Nam,
2996,Nhà mặt tiền,8.5,82.0,m²,3.0,2.0,1.0,20.2,"Phường 8, TP. Vũng Tàu, Bà Rịa - Vũng Tàu",Bà Rịa - Vũng Tàu,TP. Vũng Tàu,Giấy tờ hợp lệ,Tây,4.0
2997,Nhà hẻm ngõ,6.85,80.0,m²,3.0,2.0,1.0,20.0,"Phường 8, TP. Vũng Tàu, Bà Rịa - Vũng Tàu",Bà Rịa - Vũng Tàu,TP. Vũng Tàu,Giấy tờ hợp lệ,Tây Bắc,4.0
2998,Nhà mặt tiền,8.99,85.0,m²,2.0,2.0,1.0,20.0,"Phường Rạch Dừa, TP. Vũng Tàu, Bà Rịa - Vũng Tàu",Bà Rịa - Vũng Tàu,TP. Vũng Tàu,Giấy tờ hợp lệ,Tây Bắc,4.2
2999,Nhà hẻm ngõ,5.5,55.0,m²,4.0,4.0,2.0,15.9,"Phường 2, TP. Vũng Tàu, Bà Rịa - Vũng Tàu",Bà Rịa - Vũng Tàu,TP. Vũng Tàu,Giấy tờ hợp lệ,Đông,3.5
3000,Nhà mặt tiền,6.5,55.0,m²,3.0,3.0,3.0,14.5,"Phường Rạch Dừa, TP. Vũng Tàu, Bà Rịa - Vũng Tàu",Bà Rịa - Vũng Tàu,TP. Vũng Tàu,Giấy tờ hợp lệ,Tây Bắc,3.9
3001,Nhà hẻm ngõ,5.35,48.0,m²,3.0,4.0,4.0,,"Phường 7, TP. Vũng Tàu, Bà Rịa - Vũng Tàu",Bà Rịa - Vũng Tàu,TP. Vũng Tàu,Giấy tờ hợp lệ,Tây Bắc,
3002,Nhà hẻm ngõ,6.3,75.0,m²,4.0,4.0,2.0,15.0,"Phường Thắng Nhì, TP. Vũng Tàu, Bà Rịa - Vũng Tàu",Bà Rịa - Vũng Tàu,TP. Vũng Tàu,Giấy tờ hợp lệ,Bắc,5.0
3003,Nhà mặt tiền,6.0,77.5,m²,4.0,5.0,4.0,15.5,"Phường 12, TP. Vũng Tàu, Bà Rịa - Vũng Tàu",Bà Rịa - Vũng Tàu,TP. Vũng Tàu,Đang chờ sổ,Đông Nam,5.0
3004,Nhà mặt tiền,56.0,450.0,m²,5.0,,,26.0,"Phường 9, TP. Vũng Tàu, Bà Rịa - Vũng Tàu",Bà Rịa - Vũng Tàu,TP. Vũng Tàu,Giấy tờ hợp lệ,,18.0
3005,Nhà mặt tiền,16.0,84.0,m²,3.0,4.0,3.0,17.5,"Phường 2, TP. Vũng Tàu, Bà Rịa - Vũng Tàu",Bà Rịa - Vũng Tàu,TP. Vũng Tàu,Giấy tờ hợp lệ,Đông Nam,4.8
3006,Nhà mặt tiền,12.0,81.0,m²,4.0,2.0,2.0,20.0,"Phường 1, TP. Vũng Tàu, Bà Rịa - Vũng Tàu",Bà Rịa - Vũng Tàu,TP. Vũng Tàu,Giấy tờ hợp lệ,Đông Bắc,4.0
3007,Nhà hẻm ngõ,7.4,89.0,m²,2.0,3.0,2.0,20.0,"Phường 3, TP. Vũng Tàu, Bà Rịa - Vũng Tàu",Bà Rịa - Vũng Tàu,TP. Vũng Tàu,Giấy tờ hợp lệ,Tây Bắc,4.5
3008,Nhà hẻm ngõ,6.18,76.0,m²,3.0,3.0,2.0,,"Phường Thắng Tam, TP. Vũng Tàu, Bà Rịa - Vũng Tàu",Bà Rịa - Vũng Tàu,TP. Vũng Tàu,Giấy tờ hợp lệ,Tây Bắc,
3009,Nhà hẻm ngõ,4.5,44.0,m²,2.0,2.0,1.0,11.7,"Phường 2, TP. Vũng Tàu, Bà Rịa - Vũng Tàu",Bà Rịa - Vũng Tàu,TP. Vũng Tàu,Giấy tờ hợp lệ,Tây Bắc,3.9
3010,Nhà mặt tiền,12.5,80.0,m²,3.0,4.0,3.0,16.0,"Phường 8, TP. Vũng Tàu, Bà Rịa - Vũng Tàu",Bà Rịa - Vũng Tàu,TP. Vũng Tàu,Giấy tờ hợp lệ,Tây Bắc,5.0
3011,Mặt tiền,12.5,72.0,m²,4.0,5.0,4.0,16.4,"Phường 9, TP. Vũng Tàu, Bà Rịa - Vũng Tàu",Bà Rịa - Vũng Tàu,TP. Vũng Tàu,Giấy tờ hợp lệ,Tây Bắc,4.4
3012,Nhà hẻm ngõ,6.2,71.0,m²,2.0,3.0,2.0,14.2,"Phường 8, TP. Vũng Tàu, Bà Rịa - Vũng Tàu",Bà Rịa - Vũng Tàu,TP. Vũng Tàu,Giấy tờ hợp lệ,Đông Nam,5.0
3013,Mặt tiền,12.5,92.0,m²,3.0,4.0,3.0,19.0,"Phường Thắng Nhì, TP. Vũng Tàu, Bà Rịa - Vũng Tàu",Bà Rịa - Vũng Tàu,TP. Vũng Tàu,Giấy tờ hợp lệ,Đông Nam,5.0
3014,Nhà hẻm ngõ,4.5,54.0,m²,4.0,4.0,2.0,14.5,"Phường Thắng Tam, TP. Vũng Tàu, Bà Rịa - Vũng Tàu",Bà Rịa - Vũng Tàu,TP. Vũng Tàu,Giấy tờ hợp lệ,Đông Bắc,3.7
3015,Nhà hẻm ngõ,6.3,72.0,m²,3.0,4.0,3.0,14.5,"Phường Thắng Nhì, TP. Vũng Tàu, Bà Rịa - Vũng Tàu",Bà Rịa - Vũng Tàu,TP. Vũng Tàu,Giấy tờ hợp lệ,Bắc,5.0
3016,Nhà hẻm ngõ,5.6,72.0,m²,3.0,2.0,1.0,16.7,"Phường 8, TP. Vũng Tàu, Bà Rịa - Vũng Tàu",Bà Rịa - Vũng Tàu,TP. Vũng Tàu,Giấy tờ hợp lệ,Tây Nam,4.0
3017,Nhà hẻm ngõ,9.5,83.0,m²,4.0,4.0,,,"Phường 3, TP. Vũng Tàu, Bà Rịa - Vũng Tàu",Bà Rịa - Vũng Tàu,TP. Vũng Tàu,Giấy tờ hợp lệ,Nam,
3018,Nhà hẻm ngõ,7.0,75.0,m²,7.0,7.0,2.0,15.0,"Phường 2, TP. Vũng Tàu, Bà Rịa - Vũng Tàu",Bà Rịa - Vũng Tàu,TP. Vũng Tàu,Giấy tờ hợp lệ,Tây Bắc,5.0
3019,Nhà hẻm ngõ,4.6,47.0,m²,2.0,2.0,1.0,13.0,"Phường 2, TP. Vũng Tàu, Bà Rịa - Vũng Tàu",Bà Rịa - Vũng Tàu,TP. Vũng Tàu,Giấy tờ hợp lệ,Đông Nam,4.1
3020,Nhà mặt tiền,20.0,204.0,m²,3.0,2.0,1.0,24.0,"Phường 4, TP. Vũng Tàu, Bà Rịa - Vũng Tàu",Bà Rịa - Vũng Tàu,TP. Vũng Tàu,Giấy tờ hợp lệ,,8.7
3021,Nhà hẻm ngõ,8.9,100.0,m²,3.0,3.0,1.0,22.2,"Phường 2, TP. Vũng Tàu, Bà Rịa - Vũng Tàu",Bà Rịa - Vũng Tàu,TP. Vũng Tàu,Giấy tờ hợp lệ,Đông Nam,4.5
3022,Mặt tiền,7.6,79.0,m²,3.0,4.0,1.0,15.8,"Phường 9, TP. Vũng Tàu, Bà Rịa - Vũng Tàu",Bà Rịa - Vũng Tàu,TP. Vũng Tàu,Giấy tờ hợp lệ,Tây Bắc,5.0
3023,Nhà hẻm ngõ,5.9,83.0,m²,3.0,4.0,2.0,20.3,"Phường 7, TP. Vũng Tàu, Bà Rịa - Vũng Tàu",Bà Rịa - Vũng Tàu,TP. Vũng Tàu,Giấy tờ hợp lệ,Tây Nam,4.0
3024,Nhà hẻm ngõ,9.5,80.0,m²,4.0,4.0,2.0,16.0,"Phường 2, TP. Vũng Tàu, Bà Rịa - Vũng Tàu",Bà Rịa - Vũng Tàu,TP. Vũng Tàu,Giấy tờ hợp lệ,Nam,5.0
3025,Nhà hẻm ngõ,5.5,42.0,m²,3.0,4.0,3.0,9.5,"Phường 2, TP. Vũng Tàu, Bà Rịa - Vũng Tàu",Bà Rịa - Vũng Tàu,TP. Vũng Tàu,Giấy tờ hợp lệ,Đông Bắc,4.5
3026,Nhà mặt tiền,12.0,100.0,m²,3.0,4.0,1.0,20.0,"Phường 2, TP. Vũng Tàu, Bà Rịa - Vũng Tàu",Bà Rịa - Vũng Tàu,TP. Vũng Tàu,Giấy tờ hợp lệ,Đông Nam,5.0
3027,Nhà hẻm ngõ,14.8,97.0,m²,4.0,5.0,3.0,13.5,"Phường 2, TP. Vũng Tàu, Bà Rịa - Vũng Tàu",Bà Rịa - Vũng Tàu,TP. Vũng Tàu,Giấy tờ hợp lệ,Tây Nam,7.2
3028,Nhà hẻm ngõ,8.5,76.0,m²,3.0,4.0,3.0,15.5,"Phường 2, TP. Vũng Tàu, Bà Rịa - Vũng Tàu",Bà Rịa - Vũng Tàu,TP. Vũng Tàu,Giấy tờ hợp lệ,Đông Nam,5.0
3029,Mặt tiền,2.7,100.0,m²,2.0,1.0,1.0,21.0,"Phường 11, TP. Vũng Tàu, Bà Rịa - Vũng Tàu",Bà Rịa - Vũng Tàu,TP. Vũng Tàu,Hợp đồng mua bán,Tây Nam,5.0
3030,Nhà hẻm ngõ,4.0,40.0,m²,3.0,2.0,2.0,9.5,"Phường 4, TP. Vũng Tàu, Bà Rịa - Vũng Tàu",Bà Rịa - Vũng Tàu,TP. Vũng Tàu,Giấy tờ hợp lệ,Tây Nam,4.0
3031,Nhà mặt tiền,8.5,84.0,m²,2.0,2.0,1.0,24.0,"Phường Nguyễn An Ninh, TP. Vũng Tàu, Bà Rịa - Vũng Tàu",Bà Rịa - Vũng Tàu,TP. Vũng Tàu,Giấy tờ hợp lệ,Tây,4.0
3032,Mặt tiền,4.45,245.0,m²,2.0,3.0,2.0,25.0,"Đường Quốc Lộ 51, Phường Mỹ Xuân, Thị Xã Phú Mỹ, Bà Rịa - Vũng Tàu",Bà Rịa - Vũng Tàu,Thị Xã Phú Mỹ,Sổ hồng,Bắc,9.8
3033,Nhà hẻm ngõ,6.9,80.0,m²,3.0,4.0,2.0,20.0,"Phường 8, TP. Vũng Tàu, Bà Rịa - Vũng Tàu",Bà Rịa - Vũng Tàu,TP. Vũng Tàu,Giấy tờ hợp lệ,Tây Bắc,4.0
3034,Mặt tiền,9.5,76.0,m²,4.0,4.0,3.0,18.0,"Phường 3, TP. Vũng Tàu, Bà Rịa - Vũng Tàu",Bà Rịa - Vũng Tàu,TP. Vũng Tàu,Giấy tờ hợp lệ,Tây Bắc,4.2
3035,Mặt tiền,19.1,131.3,m²,6.0,6.0,4.0,17.5,"Phường 10, TP. Vũng Tàu, Bà Rịa - Vũng Tàu",Bà Rịa - Vũng Tàu,TP. Vũng Tàu,Đang chờ sổ,Tây Bắc,7.5
3036,Mặt tiền,7.2,31.0,m²,4.0,4.0,4.0,5.5,"Phường Nguyễn An Ninh, TP. Vũng Tàu, Bà Rịa - Vũng Tàu",Bà Rịa - Vũng Tàu,TP. Vũng Tàu,Giấy tờ hợp lệ,Tây Nam,6.0
3037,Nhà hẻm ngõ,6.8,66.0,m²,4.0,5.0,2.0,8.5,"Phường 4, TP. Vũng Tàu, Bà Rịa - Vũng Tàu",Bà Rịa - Vũng Tàu,TP. Vũng Tàu,Giấy tờ hợp lệ,Đông Bắc,8.0
3038,Nhà hẻm ngõ,5.5,72.0,m²,2.0,2.0,1.0,18.0,"Phường 8, TP. Vũng Tàu, Bà Rịa - Vũng Tàu",Bà Rịa - Vũng Tàu,TP. Vũng Tàu,Giấy tờ hợp lệ,Tây Nam,4.0
3039,Nhà hẻm ngõ,7.4,89.0,m²,3.0,3.0,2.0,20.0,"Phường 3, TP. Vũng Tàu, Bà Rịa - Vũng Tàu",Bà Rịa - Vũng Tàu,TP. Vũng Tàu,Giấy tờ hợp lệ,Tây Nam,4.5
3040,Mặt tiền,8.5,82.0,m²,2.0,2.0,1.0,20.5,"Phường 8, TP. Vũng Tàu, Bà Rịa - Vũng Tàu",Bà Rịa - Vũng Tàu,TP. Vũng Tàu,Giấy tờ hợp lệ,Tây Bắc,4.0
3041,Mặt tiền,15.0,100.0,m²,11.0,7.0,4.0,20.0,"Phường 8, TP. Vũng Tàu, Bà Rịa - Vũng Tàu",Bà Rịa - Vũng Tàu,TP. Vũng Tàu,Giấy tờ hợp lệ,Đông Nam,5.0
3042,Nhà hẻm ngõ,4.3,46.5,m²,3.0,3.0,3.0,10.2,"Phường 7, TP. Vũng Tàu, Bà Rịa - Vũng Tàu",Bà Rịa - Vũng Tàu,TP. Vũng Tàu,Giấy tờ hợp lệ,Tây Bắc,4.5
3043,Nhà hẻm ngõ,3.0,32.0,m²,1.0,1.0,1.0,10.7,"Phường 4, TP. Vũng Tàu, Bà Rịa - Vũng Tàu",Bà Rịa - Vũng Tàu,TP. Vũng Tàu,Giấy tờ hợp lệ,Tây,3.0
3044,Nhà hẻm ngõ,5.85,47.0,m²,4.0,5.0,3.0,12.0,"Phường 8, TP. Vũng Tàu, Bà Rịa - Vũng Tàu",Bà Rịa - Vũng Tàu,TP. Vũng Tàu,Giấy tờ hợp lệ,Tây Bắc,4.0
3045,Nhà hẻm ngõ,5.8,53.0,m²,3.0,4.0,3.0,12.7,"Phường Thắng Tam, TP. Vũng Tàu, Bà Rịa - Vũng Tàu",Bà Rịa - Vũng Tàu,TP. Vũng Tàu,Giấy tờ hợp lệ,Đông Nam,4.2
3046,Mặt tiền,12.7,72.2,m²,4.0,5.0,3.0,16.4,"Phường Nguyễn An Ninh, TP. Vũng Tàu, Bà Rịa - Vũng Tàu",Bà Rịa - Vũng Tàu,TP. Vũng Tàu,Giấy tờ hợp lệ,Tây Bắc,4.4
3047,Nhà hẻm ngõ,7.9,60.3,m²,3.0,4.0,2.0,6.5,"Phường 7, TP. Vũng Tàu, Bà Rịa - Vũng Tàu",Bà Rịa - Vũng Tàu,TP. Vũng Tàu,Giấy tờ hợp lệ,Đông Bắc,9.7
3048,Nhà hẻm ngõ,4.59,75.0,m²,4.0,3.0,1.0,13.0,"Phường 3, TP. Vũng Tàu, Bà Rịa - Vũng Tàu",Bà Rịa - Vũng Tàu,TP. Vũng Tàu,Giấy tờ hợp lệ,Tây Nam,5.7
3049,Nhà hẻm ngõ,4.3,73.0,m²,3.0,3.0,1.0,14.0,"Phường 3, TP. Vũng Tàu, Bà Rịa - Vũng Tàu",Bà Rịa - Vũng Tàu,TP. Vũng Tàu,Giấy tờ hợp lệ,Tây Nam,5.5
3050,Mặt tiền,3.3,95.0,m²,2.0,1.0,1.0,19.0,"Phường Long Tâm, Thành phố Bà Rịa, Bà Rịa - Vũng Tàu",Bà Rịa - Vũng Tàu,Thành phố Bà Rịa,Giấy tờ hợp lệ,Đông Bắc,5.0
3051,Nhà hẻm ngõ,4.45,44.0,m²,2.0,2.0,1.0,10.2,"Phường 7, TP. Vũng Tàu, Bà Rịa - Vũng Tàu",Bà Rịa - Vũng Tàu,TP. Vũng Tàu,Giấy tờ hợp lệ,Đông Bắc,4.3
3052,Nhà hẻm ngõ,6.3,48.7,m²,3.0,4.0,3.0,10.0,"Phường 2, TP. Vũng Tàu, Bà Rịa - Vũng Tàu",Bà Rịa - Vũng Tàu,TP. Vũng Tàu,Giấy tờ hợp lệ,Đông Bắc,5.0
3053,Nhà hẻm ngõ,6.9,80.0,m²,3.0,4.0,2.0,20.0,"Phường 8, TP. Vũng Tàu, Bà Rịa - Vũng Tàu",Bà Rịa - Vũng Tàu,TP. Vũng Tàu,Giấy tờ hợp lệ,Tây Bắc,4.0
3054,Nhà hẻm ngõ,7.4,89.0,m²,3.0,4.0,2.0,19.8,"Phường 3, TP. Vũng Tàu, Bà Rịa - Vũng Tàu",Bà Rịa - Vũng Tàu,TP. Vũng Tàu,Giấy tờ hợp lệ,Tây Bắc,4.5
3055,Mặt tiền,6.95,50.0,m²,2.0,2.0,,14.2,"Phường 7, TP. Vũng Tàu, Bà Rịa - Vũng Tàu",Bà Rịa - Vũng Tàu,TP. Vũng Tàu,Giấy tờ hợp lệ,,3.0
3056,Nhà mặt tiền,10.5,300.0,m²,7.0,6.0,1.0,31.0,"Phường Tân Lợi, TP. Buôn Ma Thuột, Đắk Lắk",Đắk Lắk,TP. Buôn Ma Thuột,Giấy tờ hợp lệ,Tây,10.0
3057,Nhà hẻm ngõ,1.69,42.0,m²,2.0,2.0,1.0,12.0,"Xã Cư ÊBur, TP. Buôn Ma Thuột, Đắk Lắk",Đắk Lắk,TP. Buôn Ma Thuột,Giấy tờ hợp lệ,Tây,3.5
3058,Nhà mặt tiền,10.5,150.0,m²,,,,25.0,"TP. Buôn Ma Thuột, Đắk Lắk",Đắk Lắk,TP. Buôn Ma Thuột,Sổ hồng,Đông Nam,6.0
3059,Biệt thự,10.5,250.0,m²,,,3.0,20.0,"TP. Buôn Ma Thuột, Đắk Lắk",Đắk Lắk,TP. Buôn Ma Thuột,Sổ hồng,Đông Nam,12.0
3060,Nhà mặt tiền,13.5,110.0,m²,,,5.0,22.0,"TP. Buôn Ma Thuột, Đắk Lắk",Đắk Lắk,TP. Buôn Ma Thuột,Sổ hồng,Tây Nam,5.0
3061,Nhà hẻm ngõ,4.16,131.4,m²,2.0,1.0,2.0,23.3,"Phường Tân Lợi, TP. Buôn Ma Thuột, Đắk Lắk",Đắk Lắk,TP. Buôn Ma Thuột,Giấy tờ hợp lệ,Bắc,5.4
3062,Nhà mặt tiền,12.4,100.3,m²,2.0,,,,"Tự An, TP. Buôn Ma Thuột, Đắk Lắk",Đắk Lắk,TP. Buôn Ma Thuột,Giấy tờ hợp lệ,,
3063,Nhà hẻm ngõ,1.99,159.0,m²,3.0,,2.0,31.0,"Xã Cư ÊBur, TP. Buôn Ma Thuột, Đắk Lắk",Đắk Lắk,TP. Buôn Ma Thuột,Giấy tờ hợp lệ,Tây,5.0
3064,Nhà mặt tiền,5.1,95.0,m²,3.0,3.0,3.0,19.0,"Tự An, TP. Buôn Ma Thuột, Đắk Lắk",Đắk Lắk,TP. Buôn Ma Thuột,Giấy tờ hợp lệ,Nam,5.0
3065,Nhà hẻm ngõ,4.85,107.5,m²,3.0,3.0,1.0,25.0,"Tự An, TP. Buôn Ma Thuột, Đắk Lắk",Đắk Lắk,TP. Buôn Ma Thuột,Giấy tờ hợp lệ,Tây,4.3
3066,Nhà hẻm ngõ,2.39,110.0,m²,2.0,,,22.0,"Xã Cư ÊBur, TP. Buôn Ma Thuột, Đắk Lắk",Đắk Lắk,TP. Buôn Ma Thuột,Giấy tờ hợp lệ,,5.0
3067,Biệt thự,12.68,850.0,m²,3.0,,1.0,50.0,"Phường Tân Lợi, TP. Buôn Ma Thuột, Đắk Lắk",Đắk Lắk,TP. Buôn Ma Thuột,Giấy tờ hợp lệ,Bắc,17.0
3068,Nhà hẻm ngõ,1.5,90.0,m²,3.0,2.0,2.0,10.0,"Phường Tân Lợi, TP. Buôn Ma Thuột, Đắk Lắk",Đắk Lắk,TP. Buôn Ma Thuột,Hợp đồng mua bán,Đông Nam,9.0
3069,Nhà hẻm ngõ,2.45,69.0,m²,2.0,1.0,1.0,15.0,"Phường Thành Công, TP. Buôn Ma Thuột, Đắk Lắk",Đắk Lắk,TP. Buôn Ma Thuột,Giấy tờ hợp lệ,Tây,4.6
3070,Nhà hẻm ngõ,1.89,43.0,m²,3.0,,,10.2,"Phường Tân Lập, TP. Buôn Ma Thuột, Đắk Lắk",Đắk Lắk,TP. Buôn Ma Thuột,Giấy tờ hợp lệ,,4.2
3071,Nhà hẻm ngõ,1.98,98.0,m²,2.0,,,21.0,"Xã Cư ÊBur, TP. Buôn Ma Thuột, Đắk Lắk",Đắk Lắk,TP. Buôn Ma Thuột,Giấy tờ hợp lệ,,4.7
3072,Nhà mặt tiền,3.5,280.0,m²,1.0,,,28.0,"Xã Ea Kiết, Huyện Cư Mgar, Đắk Lắk",Đắk Lắk,Huyện Cư Mgar,Giấy tờ hợp lệ,,10.0
3073,Nhà hẻm ngõ,2.3,360.0,m²,3.0,1.0,,24.0,"Xã Cư ÊBur, TP. Buôn Ma Thuột, Đắk Lắk",Đắk Lắk,TP. Buôn Ma Thuột,Hợp đồng mua bán,Bắc,15.0
3074,Nhà hẻm ngõ,3.5,81.0,m²,3.0,3.0,2.0,13.5,"Phường Tân Thành, TP. Buôn Ma Thuột, Đắk Lắk",Đắk Lắk,TP. Buôn Ma Thuột,Giấy tờ hợp lệ,Đông Bắc,6.0
3075,Nhà mặt tiền,3.5,81.5,m²,2.0,2.0,2.0,13.5,"Phường Tân Thành, TP. Buôn Ma Thuột, Đắk Lắk",Đắk Lắk,TP. Buôn Ma Thuột,Giấy tờ hợp lệ,Đông Bắc,6.0
3076,Biệt thự,6.85,500.0,m²,3.0,2.0,2.0,27.5,"Phường Tân Lập, TP. Buôn Ma Thuột, Đắk Lắk",Đắk Lắk,TP. Buôn Ma Thuột,Giấy tờ hợp lệ,Tây,18.0
3077,Nhà mặt tiền,6.8,102.0,m²,2.0,1.0,1.0,12.0,"Phường Tân Thành, TP. Buôn Ma Thuột, Đắk Lắk",Đắk Lắk,TP. Buôn Ma Thuột,Giấy tờ hợp lệ,Bắc,9.0
3078,Nhà hẻm ngõ,2.8,62.7,m²,4.0,2.0,2.0,11.0,"Phường Tân Tiến, TP. Buôn Ma Thuột, Đắk Lắk",Đắk Lắk,TP. Buôn Ma Thuột,Giấy tờ hợp lệ,Tây Nam,5.7
3079,Nhà hẻm ngõ,2.85,156.0,m²,3.0,2.0,,33.0,"Xã Ea Kao, TP. Buôn Ma Thuột, Đắk Lắk",Đắk Lắk,TP. Buôn Ma Thuột,Giấy tờ hợp lệ,,4.8
3080,Nhà mặt tiền,8.5,140.0,m²,3.0,2.0,1.0,28.0,"Phường Tân Lợi, TP. Buôn Ma Thuột, Đắk Lắk",Đắk Lắk,TP. Buôn Ma Thuột,Giấy tờ hợp lệ,Đông,5.0
3081,Nhà hẻm ngõ,2.59,109.5,m²,3.0,3.0,2.0,15.0,"Phường Ea Tam, TP. Buôn Ma Thuột, Đắk Lắk",Đắk Lắk,TP. Buôn Ma Thuột,Giấy tờ hợp lệ,Tây Nam,7.3
3082,Nhà hẻm ngõ,1.95,106.0,m²,1.0,1.0,,21.0,"Phường Thành Nhất, TP. Buôn Ma Thuột, Đắk Lắk",Đắk Lắk,TP. Buôn Ma Thuột,Giấy tờ hợp lệ,Đông,5.0
3083,Nhà hẻm ngõ,1.96,62.0,m²,3.0,1.0,,12.0,"Tự An, TP. Buôn Ma Thuột, Đắk Lắk",Đắk Lắk,TP. Buôn Ma Thuột,Giấy tờ hợp lệ,Tây Bắc,5.5
3084,Nhà mặt tiền,4.65,132.0,m²,2.0,1.0,,22.0,"Phường Tân Lợi, TP. Buôn Ma Thuột, Đắk Lắk",Đắk Lắk,TP. Buôn Ma Thuột,Giấy tờ hợp lệ,,6.0
3085,Nhà mặt tiền,18.0,500.0,m²,5.0,4.0,3.0,23.0,"Phường Ea Tam, TP. Buôn Ma Thuột, Đắk Lắk",Đắk Lắk,TP. Buôn Ma Thuột,Giấy tờ hợp lệ,,24.9
3086,Nhà hẻm ngõ,2.52,62.0,m²,3.0,2.0,2.0,11.0,"52/2, Đường Hồ Tùng Mậu, Phường Tân An, TP. Buôn Ma Thuột, Đắk Lắk",Đắk Lắk,TP. Buôn Ma Thuột,Sổ đỏ,Tây Nam,5.7
3087,Nhà hẻm ngõ,3.25,70.0,m²,3.0,2.0,2.0,14.0,"Đường Nguyễn Tri Phương, Phường Thành Công, TP. Buôn Ma Thuột, Đắk Lắk",Đắk Lắk,TP. Buôn Ma Thuột,Sổ đỏ,Bắc,5.0
3088,Nhà mặt tiền,4.85,70.0,m²,3.0,3.0,2.0,25.0,"Tự An, TP. Buôn Ma Thuột, Đắk Lắk",Đắk Lắk,TP. Buôn Ma Thuột,Giấy tờ hợp lệ,Tây,4.3
3089,Mặt tiền,9.5,76.0,m²,3.0,4.0,3.0,18.0,"Phường Thành Công, TP. Buôn Ma Thuột, Đắk Lắk",Đắk Lắk,TP. Buôn Ma Thuột,Giấy tờ hợp lệ,Tây,4.2
3090,Nhà mặt tiền,8.4,120.0,m²,6.0,5.0,4.0,20.0,"Phường Tân An, TP. Buôn Ma Thuột, Đắk Lắk",Đắk Lắk,TP. Buôn Ma Thuột,Giấy tờ hợp lệ,Tây Nam,6.0
3091,Nhà mặt tiền,3.2,100.0,m²,2.0,2.0,,18.0,"Phường Tân Thành, TP. Buôn Ma Thuột, Đắk Lắk",Đắk Lắk,TP. Buôn Ma Thuột,Giấy tờ hợp lệ,Tây Bắc,5.5
3092,Mặt tiền,5.38,68.0,m²,3.0,3.0,2.0,17.0,"Phường Thành Công, TP. Buôn Ma Thuột, Đắk Lắk",Đắk Lắk,TP. Buôn Ma Thuột,Giấy tờ hợp lệ,Đông,4.0
3093,Mặt tiền,6.7,120.0,m²,,,,20.0,"TP. Buôn Ma Thuột, Đắk Lắk",Đắk Lắk,TP. Buôn Ma Thuột,Sổ đỏ,Tây Bắc,6.0
3094,Nhà hẻm ngõ,3.55,108.0,m²,3.0,2.0,1.0,18.0,"Phường Tân Lập, TP. Buôn Ma Thuột, Đắk Lắk",Đắk Lắk,TP. Buôn Ma Thuột,Giấy tờ hợp lệ,Tây Nam,6.0
3095,Mặt tiền,1.75,125.0,m²,2.0,1.0,1.0,25.0,"Xã Cư ÊBur, TP. Buôn Ma Thuột, Đắk Lắk",Đắk Lắk,TP. Buôn Ma Thuột,Giấy tờ hợp lệ,Đông,5.0
3096,Nhà hẻm ngõ,2.57,90.0,m²,3.0,,,20.0,"Phường Thành Nhất, TP. Buôn Ma Thuột, Đắk Lắk",Đắk Lắk,TP. Buôn Ma Thuột,Giấy tờ hợp lệ,,4.5
3097,Biệt thự,14.5,250.0,m²,,,3.0,25.0,"TP. Buôn Ma Thuột, Đắk Lắk",Đắk Lắk,TP. Buôn Ma Thuột,Sổ hồng,Đông Bắc,10.0
3098,Biệt thự,2.47,190.0,m²,3.0,3.0,2.0,38.0,"Xã Thân Cửu Nghĩa, Huyện Châu Thành, Tiền Giang",Tiền Giang,Huyện Châu Thành,Giấy tờ hợp lệ,Bắc,5.0
3099,Nhà hẻm ngõ,1.28,94.0,m²,2.0,1.0,1.0,21.0,"Xã Phước Thạnh, TP. Mỹ Tho, Tiền Giang",Tiền Giang,TP. Mỹ Tho,Giấy tờ hợp lệ,Tây Nam,4.6
3100,Nhà mặt tiền,1.99,300.0,m²,2.0,1.0,,30.0,"Xã Bình Nghị, Huyện Gò Công Đông, Tiền Giang",Tiền Giang,Huyện Gò Công Đông,Giấy tờ hợp lệ,,10.0
3101,Nhà mặt tiền,2.5,375.0,m²,2.0,1.0,1.0,56.0,"Kế 52, Đường Tỉnh 871, Xã Tân Đông, Huyện Gò Công Đông, Tiền Giang",Tiền Giang,Huyện Gò Công Đông,Sổ hồng,Bắc,7.0
3102,Nhà mặt tiền,79.0,100.0,m²,3.0,3.0,,20.0,"Xã Long Hưng, Thị Xã Gò Công, Tiền Giang",Tiền Giang,Thị Xã Gò Công,Giấy tờ hợp lệ,Đông,5.0
3103,Nhà hẻm ngõ,1.53,100.0,m²,2.0,2.0,,20.0,"Xã Mỹ Phong, TP. Mỹ Tho, Tiền Giang",Tiền Giang,TP. Mỹ Tho,Giấy tờ hợp lệ,,5.0
3104,Nhà hẻm ngõ,1.1,391.0,m²,2.0,1.0,,25.0,"Xã Phước Thạnh, TP. Mỹ Tho, Tiền Giang",Tiền Giang,TP. Mỹ Tho,Giấy tờ hợp lệ,Đông,18.0
3105,Nhà hẻm ngõ,1.98,46.5,m²,2.0,2.0,1.0,9.3,"Phường 5, TP. Mỹ Tho, Tiền Giang",Tiền Giang,TP. Mỹ Tho,Giấy tờ hợp lệ,,5.0
3106,Nhà hẻm ngõ,1.52,125.0,m²,2.0,1.0,,25.0,"Xã Mỹ Phong, TP. Mỹ Tho, Tiền Giang",Tiền Giang,TP. Mỹ Tho,Giấy tờ hợp lệ,,5.0
3107,Nhà hẻm ngõ,2.35,50.0,m²,2.0,3.0,1.0,10.0,"Phường 5, TP. Mỹ Tho, Tiền Giang",Tiền Giang,TP. Mỹ Tho,Giấy tờ hợp lệ,,5.0
3108,Nhà mặt tiền,2.5,375.0,m²,2.0,1.0,1.0,56.0,"Đường Tỉnh 871, Xã Tân Đông, Huyện Gò Công Đông, Tiền Giang",Tiền Giang,Huyện Gò Công Đông,Sổ hồng,Bắc,7.0
3109,Nhà hẻm ngõ,2.15,45.0,m²,2.0,2.0,1.0,9.0,"Phường 5, TP. Mỹ Tho, Tiền Giang",Tiền Giang,TP. Mỹ Tho,Giấy tờ hợp lệ,,5.0
3110,Nhà hẻm ngõ,1.8,110.0,m²,3.0,2.0,1.0,22.0,"Xã Mỹ Phong, TP. Mỹ Tho, Tiền Giang",Tiền Giang,TP. Mỹ Tho,Giấy tờ hợp lệ,,5.0
3111,Nhà hẻm ngõ,3.65,120.0,m²,3.0,,1.0,15.0,"Xã Đạo Thạnh, TP. Mỹ Tho, Tiền Giang",Tiền Giang,TP. Mỹ Tho,Giấy tờ hợp lệ,,8.0
3112,Nhà hẻm ngõ,3.3,200.0,m²,2.0,2.0,,40.0,"Xã Thới Sơn, TP. Mỹ Tho, Tiền Giang",Tiền Giang,TP. Mỹ Tho,Giấy tờ hợp lệ,,5.0
3113,Nhà hẻm ngõ,1.38,50.0,m²,2.0,2.0,1.0,14.0,"Phường 2, TP. Mỹ Tho, Tiền Giang",Tiền Giang,TP. Mỹ Tho,Giấy tờ hợp lệ,,4.0
3114,Nhà hẻm ngõ,3.65,120.0,m²,3.0,2.0,,15.0,"Đường Đoàn Thị Nghiệp, Xã Đạo Thạnh, TP. Mỹ Tho, Tiền Giang",Tiền Giang,TP. Mỹ Tho,Sổ hồng,,8.0
3115,Nhà hẻm ngõ,1.9,150.0,m²,2.0,4.0,,30.0,"Phường 4, TP. Mỹ Tho, Tiền Giang",Tiền Giang,TP. Mỹ Tho,Giấy tờ hợp lệ,Tây,5.0
3116,Nhà mặt tiền,1.18,282.0,m²,2.0,1.0,,32.0,"Xã Tăng Hòa, Huyện Gò Công Đông, Tiền Giang",Tiền Giang,Huyện Gò Công Đông,Giấy tờ hợp lệ,Đông Nam,8.9
3117,Nhà hẻm ngõ,0.45,84.0,m²,1.0,1.0,,14.0,"Xã Trung An, TP. Mỹ Tho, Tiền Giang",Tiền Giang,TP. Mỹ Tho,Giấy tờ hợp lệ,Tây Nam,6.0
3118,Nhà mặt tiền,8.2,528.0,m²,2.0,1.0,1.0,44.0,"Xã Tân Thuận Bình, Huyện Chợ Gạo, Tiền Giang",Tiền Giang,Huyện Chợ Gạo,Giấy tờ hợp lệ,Tây,12.0
3119,Nhà mặt tiền,1.75,72.5,m²,3.0,2.0,1.0,14.5,"Xã Phước Thạnh, TP. Mỹ Tho, Tiền Giang",Tiền Giang,TP. Mỹ Tho,Giấy tờ hợp lệ,Bắc,5.0
3120,Nhà hẻm ngõ,1.98,46.5,m²,2.0,2.0,1.0,9.3,"Phường 5, TP. Mỹ Tho, Tiền Giang",Tiền Giang,TP. Mỹ Tho,Giấy tờ hợp lệ,,5.0
3121,Nhà mặt tiền,4.5,157.0,m²,3.0,2.0,2.0,20.0,"Xã Long Định, Huyện Châu Thành, Tiền Giang",Tiền Giang,Huyện Châu Thành,Đang chờ sổ,,8.0
3122,Nhà hẻm ngõ,1.59,115.0,m²,2.0,1.0,,23.0,"Xã Mỹ Phong, TP. Mỹ Tho, Tiền Giang",Tiền Giang,TP. Mỹ Tho,Giấy tờ hợp lệ,,5.0
3123,Nhà mặt tiền,1.98,100.0,m²,3.0,3.0,2.0,16.7,"Thị Trấn Tân Hiệp, Huyện Châu Thành, Tiền Giang",Tiền Giang,Huyện Châu Thành,Giấy tờ hợp lệ,Đông Bắc,6.0
3124,Nhà hẻm ngõ,2.25,84.0,m²,2.0,1.0,1.0,21.0,"Xã Đạo Thạnh, TP. Mỹ Tho, Tiền Giang",Tiền Giang,TP. Mỹ Tho,Giấy tờ hợp lệ,,4.0
3125,Nhà mặt tiền,4.29,100.0,m²,4.0,4.0,1.0,20.0,"Xã Trung An, TP. Mỹ Tho, Tiền Giang",Tiền Giang,TP. Mỹ Tho,Giấy tờ hợp lệ,,5.0
3126,Nhà hẻm ngõ,1.25,230.0,m²,3.0,2.0,1.0,36.0,"Xã Tân Tây, Huyện Gò Công Đông, Tiền Giang",Tiền Giang,Huyện Gò Công Đông,Giấy tờ hợp lệ,Đông,6.5
3127,Nhà hẻm ngõ,1.6,90.0,m²,2.0,,,,"Xã Mỹ Phong, TP. Mỹ Tho, Tiền Giang",Tiền Giang,TP. Mỹ Tho,Giấy tờ hợp lệ,,
3128,Nhà hẻm ngõ,2.65,125.0,m²,3.0,2.0,2.0,25.0,"Xã Tân Mỹ Chánh, TP. Mỹ Tho, Tiền Giang",Tiền Giang,TP. Mỹ Tho,Giấy tờ hợp lệ,Bắc,5.0
3129,Nhà hẻm ngõ,1.52,97.5,m²,2.0,1.0,1.0,19.5,"Xã Mỹ Phong, TP. Mỹ Tho, Tiền Giang",Tiền Giang,TP. Mỹ Tho,Giấy tờ hợp lệ,Đông Bắc,5.0
3130,Nhà mặt tiền,4.65,150.0,m²,3.0,4.0,1.0,30.0,"Xã Trung An, TP. Mỹ Tho, Tiền Giang",Tiền Giang,TP. Mỹ Tho,Giấy tờ hợp lệ,,5.0
3131,Nhà hẻm ngõ,2.98,94.0,m²,3.0,3.0,1.0,23.5,"Phường 5, TP. Mỹ Tho, Tiền Giang",Tiền Giang,TP. Mỹ Tho,Giấy tờ hợp lệ,Bắc,4.0
3132,Nhà hẻm ngõ,1.8,95.0,m²,4.0,2.0,2.0,19.0,"Xã Phước Thạnh, TP. Mỹ Tho, Tiền Giang",Tiền Giang,TP. Mỹ Tho,Giấy tờ hợp lệ,Nam,5.0
3133,Nhà mặt tiền,3.2,185.5,m²,3.0,,,26.8,"Xã Song Bình, Huyện Chợ Gạo, Tiền Giang",Tiền Giang,Huyện Chợ Gạo,Giấy tờ hợp lệ,Đông,6.9
3134,Nhà mặt tiền,12.0,1495.0,m²,5.0,3.0,1.0,,"Xã Bình Phú, Huyện Cai Lậy, Tiền Giang",Tiền Giang,Huyện Cai Lậy,Giấy tờ hợp lệ,Nam,
3135,Biệt thự,2.29,195.0,m²,,,,15.0,"Đường Chùa Đất Đỏ, Xã Tân Đông, Huyện Gò Công Đông, Tiền Giang",Tiền Giang,Huyện Gò Công Đông,Sổ hồng,,13.0
3136,Nhà mặt tiền,1.0,733.0,m²,2.0,1.0,,30.0,"Xã Tân Trung, Thị Xã Gò Công, Tiền Giang",Tiền Giang,Thị Xã Gò Công,Giấy tờ hợp lệ,Tây,25.0
3137,Nhà mặt tiền,2.29,195.4,m²,2.0,1.0,,15.0,"Xã Tân Đông, Huyện Gò Công Đông, Tiền Giang",Tiền Giang,Huyện Gò Công Đông,Giấy tờ hợp lệ,,13.5
3138,Nhà hẻm ngõ,1.6,90.0,m²,2.0,1.0,,18.0,"86/7, Đường huyện lộ 91, Xã Mỹ Phong, TP. Mỹ Tho, Tiền Giang",Tiền Giang,TP. Mỹ Tho,Sổ hồng,Đông,5.0
3139,Nhà hẻm ngõ,1.55,132.0,m²,2.0,3.0,,16.5,"Xã An Thái Trung, Huyện Cái Bè, Tiền Giang",Tiền Giang,Huyện Cái Bè,Giấy tờ hợp lệ,,8.0
3140,Nhà hẻm ngõ,2.95,95.0,m²,3.0,2.0,1.0,19.0,"Xã Mỹ Phong, TP. Mỹ Tho, Tiền Giang",Tiền Giang,TP. Mỹ Tho,Giấy tờ hợp lệ,,5.0
3141,Nhà mặt tiền,4.65,150.0,m²,3.0,3.0,1.0,30.0,"Xã Trung An, TP. Mỹ Tho, Tiền Giang",Tiền Giang,TP. Mỹ Tho,Giấy tờ hợp lệ,,5.0
3142,Biệt thự,13.25,3083.3,m²,,,,,"Xã Long Tiên, Thị xã Cai Lậy, Tiền Giang",Tiền Giang,Thị xã Cai Lậy,Sổ hồng,,
3143,Nhà hẻm ngõ,1.2,100.0,m²,2.0,1.0,,20.0,"Xã Long Bình Điền, Huyện Chợ Gạo, Tiền Giang",Tiền Giang,Huyện Chợ Gạo,Giấy tờ hợp lệ,Đông Nam,5.0
3144,Nhà hẻm ngõ,2.35,98.0,m²,3.0,4.0,1.0,19.6,"Xã Trung An, TP. Mỹ Tho, Tiền Giang",Tiền Giang,TP. Mỹ Tho,Giấy tờ hợp lệ,,5.0
3145,Nhà hẻm ngõ,1.98,99.0,m²,2.0,2.0,1.0,22.0,"Xã Đạo Thạnh, TP. Mỹ Tho, Tiền Giang",Tiền Giang,TP. Mỹ Tho,Giấy tờ hợp lệ,,4.5
3146,Nhà mặt tiền,1.99,100.0,m²,3.0,3.0,1.0,16.7,"Xã Thân Cửu Nghĩa, Huyện Châu Thành, Tiền Giang",Tiền Giang,Huyện Châu Thành,Giấy tờ hợp lệ,,6.0
3147,Nhà hẻm ngõ,1.6,90.0,m²,2.0,1.0,,18.0,"Đường Ấp Mỹ Lợi, Xã Mỹ Phong, TP. Mỹ Tho, Tiền Giang",Tiền Giang,TP. Mỹ Tho,Sổ hồng,,5.0
3148,Nhà hẻm ngõ,1.75,70.2,m²,2.0,2.0,,12.0,"Xã Trung An, TP. Mỹ Tho, Tiền Giang",Tiền Giang,TP. Mỹ Tho,Giấy tờ hợp lệ,,5.9
3149,Nhà hẻm ngõ,1.98,67.2,m²,2.0,2.0,,16.0,"Xã Mỹ Phong, TP. Mỹ Tho, Tiền Giang",Tiền Giang,TP. Mỹ Tho,Giấy tờ hợp lệ,Đông,4.2
3150,Nhà hẻm ngõ,1.98,67.2,m²,2.0,2.0,1.0,16.0,"Xã Mỹ Phong, TP. Mỹ Tho, Tiền Giang",Tiền Giang,TP. Mỹ Tho,Giấy tờ hợp lệ,,4.2
3151,Nhà mặt tiền,8.9,528.0,m²,2.0,1.0,1.0,42.2,"Xã Tân Thuận Bình, Huyện Chợ Gạo, Tiền Giang",Tiền Giang,Huyện Chợ Gạo,Giấy tờ hợp lệ,Tây,12.5
3152,Nhà hẻm ngõ,2.55,74.0,m²,3.0,,2.0,20.0,"Phường 6, TP. Mỹ Tho, Tiền Giang",Tiền Giang,TP. Mỹ Tho,Giấy tờ hợp lệ,Tây,3.8
3153,Nhà hẻm ngõ,1.98,46.5,m²,2.0,2.0,,9.3,"Phường 5, TP. Mỹ Tho, Tiền Giang",Tiền Giang,TP. Mỹ Tho,Giấy tờ hợp lệ,,5.0
3154,Nhà hẻm ngõ,1.68,100.0,m²,2.0,,,25.0,"Phường 10, TP. Mỹ Tho, Tiền Giang",Tiền Giang,TP. Mỹ Tho,Giấy tờ hợp lệ,,4.0
3155,Mặt tiền,8.6,115.0,m²,5.0,3.0,2.0,23.0,"104, Đường Nguyễn Công Bình, Xã Trung An, TP. Mỹ Tho, Tiền Giang",Tiền Giang,TP. Mỹ Tho,Sổ hồng,Nam,5.0
3156,Mặt tiền,8.0,720.0,m²,3.0,2.0,1.0,60.0,"Xã Long Bình Điền, Huyện Chợ Gạo, Tiền Giang",Tiền Giang,Huyện Chợ Gạo,Giấy tờ hợp lệ,,12.0
3157,Mặt tiền,0.99,115.0,m²,2.0,2.0,,23.0,"Xã Tam Hiệp, Huyện Châu Thành, Tiền Giang",Tiền Giang,Huyện Châu Thành,Giấy tờ hợp lệ,,5.0
3158,Nhà hẻm ngõ,2.88,92.0,m²,3.0,3.0,1.0,23.0,"Phường 5, TP. Mỹ Tho, Tiền Giang",Tiền Giang,TP. Mỹ Tho,Giấy tờ hợp lệ,,4.0
3159,Mặt tiền,5.09,115.0,m²,4.0,,3.0,23.0,"Phường 1, Thị Xã Gò Công, Tiền Giang",Tiền Giang,Thị Xã Gò Công,Giấy tờ hợp lệ,,5.0
3160,Mặt tiền,5.5,76.4,m²,2.0,1.0,1.0,19.8,"Phường 6, TP. Mỹ Tho, Tiền Giang",Tiền Giang,TP. Mỹ Tho,Giấy tờ hợp lệ,Đông Nam,3.9
3161,Nhà hẻm ngõ,2.3,86.0,m²,3.0,3.0,,16.0,"Phường 6, TP. Mỹ Tho, Tiền Giang",Tiền Giang,TP. Mỹ Tho,Giấy tờ hợp lệ,,5.5
3162,Nhà mặt tiền,5.5,85.0,m²,5.0,4.0,7.0,17.0,"Xã Đông Phong, Huyện Yên Phong, Bắc Ninh",Bắc Ninh,Huyện Yên Phong,Giấy tờ hợp lệ,Đông Nam,5.0
3163,Nhà hẻm ngõ,3.7,106.5,m²,3.0,2.0,1.0,18.0,"Xã Gia Đông, Huyện Thuận Thành, Bắc Ninh",Bắc Ninh,Huyện Thuận Thành,Giấy tờ hợp lệ,Đông,5.0
3164,Nhà mặt tiền,5.5,85.0,m²,5.0,4.0,7.0,17.0,"Xã Đông Phong, Huyện Yên Phong, Bắc Ninh",Bắc Ninh,Huyện Yên Phong,Giấy tờ hợp lệ,Đông Nam,5.0
3165,Nhà hẻm ngõ,3.7,106.5,m²,3.0,2.0,1.0,18.0,"Xã Gia Đông, Huyện Thuận Thành, Bắc Ninh",Bắc Ninh,Huyện Thuận Thành,Giấy tờ hợp lệ,Đông,5.0
3166,Nhà mặt tiền,5.5,85.0,m²,5.0,4.0,7.0,17.0,"Xã Đông Phong, Huyện Yên Phong, Bắc Ninh",Bắc Ninh,Huyện Yên Phong,Giấy tờ hợp lệ,Đông Nam,5.0
3167,Nhà hẻm ngõ,3.7,106.5,m²,3.0,2.0,1.0,18.0,"Xã Gia Đông, Huyện Thuận Thành, Bắc Ninh",Bắc Ninh,Huyện Thuận Thành,Giấy tờ hợp lệ,Đông,5.0
3168,Nhà mặt tiền,5.5,85.0,m²,5.0,4.0,7.0,17.0,"Xã Đông Phong, Huyện Yên Phong, Bắc Ninh",Bắc Ninh,Huyện Yên Phong,Giấy tờ hợp lệ,Đông Nam,5.0
3169,Nhà hẻm ngõ,3.7,106.5,m²,3.0,2.0,1.0,18.0,"Xã Gia Đông, Huyện Thuận Thành, Bắc Ninh",Bắc Ninh,Huyện Thuận Thành,Giấy tờ hợp lệ,Đông,5.0
3170,Nhà mặt tiền,5.5,85.0,m²,5.0,4.0,7.0,17.0,"Xã Đông Phong, Huyện Yên Phong, Bắc Ninh",Bắc Ninh,Huyện Yên Phong,Giấy tờ hợp lệ,Đông Nam,5.0
3171,Nhà hẻm ngõ,3.7,106.5,m²,3.0,2.0,1.0,18.0,"Xã Gia Đông, Huyện Thuận Thành, Bắc Ninh",Bắc Ninh,Huyện Thuận Thành,Giấy tờ hợp lệ,Đông,5.0
3172,Nhà mặt tiền,5.5,85.0,m²,5.0,4.0,7.0,17.0,"Xã Đông Phong, Huyện Yên Phong, Bắc Ninh",Bắc Ninh,Huyện Yên Phong,Giấy tờ hợp lệ,Đông Nam,5.0
3173,Nhà hẻm ngõ,3.7,106.5,m²,3.0,2.0,1.0,18.0,"Xã Gia Đông, Huyện Thuận Thành, Bắc Ninh",Bắc Ninh,Huyện Thuận Thành,Giấy tờ hợp lệ,Đông,5.0
3174,Nhà mặt tiền,5.5,85.0,m²,5.0,4.0,7.0,17.0,"Xã Đông Phong, Huyện Yên Phong, Bắc Ninh",Bắc Ninh,Huyện Yên Phong,Giấy tờ hợp lệ,Đông Nam,5.0
3175,Nhà hẻm ngõ,3.7,106.5,m²,3.0,2.0,1.0,18.0,"Xã Gia Đông, Huyện Thuận Thành, Bắc Ninh",Bắc Ninh,Huyện Thuận Thành,Giấy tờ hợp lệ,Đông,5.0
3176,Nhà mặt tiền,5.5,85.0,m²,5.0,4.0,7.0,17.0,"Xã Đông Phong, Huyện Yên Phong, Bắc Ninh",Bắc Ninh,Huyện Yên Phong,Giấy tờ hợp lệ,Đông Nam,5.0
3177,Nhà hẻm ngõ,3.7,106.5,m²,3.0,2.0,1.0,18.0,"Xã Gia Đông, Huyện Thuận Thành, Bắc Ninh",Bắc Ninh,Huyện Thuận Thành,Giấy tờ hợp lệ,Đông,5.0
3178,Nhà mặt tiền,5.5,85.0,m²,5.0,4.0,7.0,17.0,"Xã Đông Phong, Huyện Yên Phong, Bắc Ninh",Bắc Ninh,Huyện Yên Phong,Giấy tờ hợp lệ,Đông Nam,5.0
3179,Nhà hẻm ngõ,3.7,106.5,m²,3.0,2.0,1.0,18.0,"Xã Gia Đông, Huyện Thuận Thành, Bắc Ninh",Bắc Ninh,Huyện Thuận Thành,Giấy tờ hợp lệ,Đông,5.0
3180,Nhà mặt tiền,5.5,85.0,m²,5.0,4.0,7.0,17.0,"Xã Đông Phong, Huyện Yên Phong, Bắc Ninh",Bắc Ninh,Huyện Yên Phong,Giấy tờ hợp lệ,Đông Nam,5.0
3181,Nhà hẻm ngõ,3.7,106.5,m²,3.0,2.0,1.0,18.0,"Xã Gia Đông, Huyện Thuận Thành, Bắc Ninh",Bắc Ninh,Huyện Thuận Thành,Giấy tờ hợp lệ,Đông,5.0
3182,Nhà mặt tiền,5.5,85.0,m²,5.0,4.0,7.0,17.0,"Xã Đông Phong, Huyện Yên Phong, Bắc Ninh",Bắc Ninh,Huyện Yên Phong,Giấy tờ hợp lệ,Đông Nam,5.0
3183,Nhà hẻm ngõ,3.7,106.5,m²,3.0,2.0,1.0,18.0,"Xã Gia Đông, Huyện Thuận Thành, Bắc Ninh",Bắc Ninh,Huyện Thuận Thành,Giấy tờ hợp lệ,Đông,5.0
3184,Nhà mặt tiền,5.5,85.0,m²,5.0,4.0,7.0,17.0,"Xã Đông Phong, Huyện Yên Phong, Bắc Ninh",Bắc Ninh,Huyện Yên Phong,Giấy tờ hợp lệ,Đông Nam,5.0
3185,Nhà hẻm ngõ,3.7,106.5,m²,3.0,2.0,1.0,18.0,"Xã Gia Đông, Huyện Thuận Thành, Bắc Ninh",Bắc Ninh,Huyện Thuận Thành,Giấy tờ hợp lệ,Đông,5.0
3186,Nhà mặt tiền,5.5,85.0,m²,5.0,4.0,7.0,17.0,"Xã Đông Phong, Huyện Yên Phong, Bắc Ninh",Bắc Ninh,Huyện Yên Phong,Giấy tờ hợp lệ,Đông Nam,5.0
3187,Nhà hẻm ngõ,3.7,106.5,m²,3.0,2.0,1.0,18.0,"Xã Gia Đông, Huyện Thuận Thành, Bắc Ninh",Bắc Ninh,Huyện Thuận Thành,Giấy tờ hợp lệ,Đông,5.0
3188,Nhà mặt tiền,5.5,85.0,m²,5.0,4.0,7.0,17.0,"Xã Đông Phong, Huyện Yên Phong, Bắc Ninh",Bắc Ninh,Huyện Yên Phong,Giấy tờ hợp lệ,Đông Nam,5.0
3189,Nhà hẻm ngõ,3.7,106.5,m²,3.0,2.0,1.0,18.0,"Xã Gia Đông, Huyện Thuận Thành, Bắc Ninh",Bắc Ninh,Huyện Thuận Thành,Giấy tờ hợp lệ,Đông,5.0
3190,Nhà mặt tiền,5.5,85.0,m²,5.0,4.0,7.0,17.0,"Xã Đông Phong, Huyện Yên Phong, Bắc Ninh",Bắc Ninh,Huyện Yên Phong,Giấy tờ hợp lệ,Đông Nam,5.0
3191,Nhà hẻm ngõ,3.7,106.5,m²,3.0,2.0,1.0,18.0,"Xã Gia Đông, Huyện Thuận Thành, Bắc Ninh",Bắc Ninh,Huyện Thuận Thành,Giấy tờ hợp lệ,Đông,5.0
3192,Nhà mặt tiền,5.5,85.0,m²,5.0,4.0,7.0,17.0,"Xã Đông Phong, Huyện Yên Phong, Bắc Ninh",Bắc Ninh,Huyện Yên Phong,Giấy tờ hợp lệ,Đông Nam,5.0
3193,Nhà hẻm ngõ,3.7,106.5,m²,3.0,2.0,1.0,18.0,"Xã Gia Đông, Huyện Thuận Thành, Bắc Ninh",Bắc Ninh,Huyện Thuận Thành,Giấy tờ hợp lệ,Đông,5.0
3194,Nhà mặt tiền,5.5,85.0,m²,5.0,4.0,7.0,17.0,"Xã Đông Phong, Huyện Yên Phong, Bắc Ninh",Bắc Ninh,Huyện Yên Phong,Giấy tờ hợp lệ,Đông Nam,5.0
3195,Nhà hẻm ngõ,3.7,106.5,m²,3.0,2.0,1.0,18.0,"Xã Gia Đông, Huyện Thuận Thành, Bắc Ninh",Bắc Ninh,Huyện Thuận Thành,Giấy tờ hợp lệ,Đông,5.0
3196,Nhà mặt tiền,5.5,85.0,m²,5.0,4.0,7.0,17.0,"Xã Đông Phong, Huyện Yên Phong, Bắc Ninh",Bắc Ninh,Huyện Yên Phong,Giấy tờ hợp lệ,Đông Nam,5.0
3197,Nhà hẻm ngõ,3.7,106.5,m²,3.0,2.0,1.0,18.0,"Xã Gia Đông, Huyện Thuận Thành, Bắc Ninh",Bắc Ninh,Huyện Thuận Thành,Giấy tờ hợp lệ,Đông,5.0
3198,Nhà mặt tiền,5.5,85.0,m²,5.0,4.0,7.0,17.0,"Xã Đông Phong, Huyện Yên Phong, Bắc Ninh",Bắc Ninh,Huyện Yên Phong,Giấy tờ hợp lệ,Đông Nam,5.0
3199,Nhà hẻm ngõ,3.7,106.5,m²,3.0,2.0,1.0,18.0,"Xã Gia Đông, Huyện Thuận Thành, Bắc Ninh",Bắc Ninh,Huyện Thuận Thành,Giấy tờ hợp lệ,Đông,5.0
3200,Nhà mặt tiền,5.5,85.0,m²,5.0,4.0,7.0,17.0,"Xã Đông Phong, Huyện Yên Phong, Bắc Ninh",Bắc Ninh,Huyện Yên Phong,Giấy tờ hợp lệ,Đông Nam,5.0
3201,Nhà hẻm ngõ,3.7,106.5,m²,3.0,2.0,1.0,18.0,"Xã Gia Đông, Huyện Thuận Thành, Bắc Ninh",Bắc Ninh,Huyện Thuận Thành,Giấy tờ hợp lệ,Đông,5.0
3202,Nhà mặt tiền,5.5,85.0,m²,5.0,4.0,7.0,17.0,"Xã Đông Phong, Huyện Yên Phong, Bắc Ninh",Bắc Ninh,Huyện Yên Phong,Giấy tờ hợp lệ,Đông Nam,5.0
3203,Nhà hẻm ngõ,3.7,106.5,m²,3.0,2.0,1.0,18.0,"Xã Gia Đông, Huyện Thuận Thành, Bắc Ninh",Bắc Ninh,Huyện Thuận Thành,Giấy tờ hợp lệ,Đông,5.0
3204,Nhà mặt tiền,5.5,85.0,m²,5.0,4.0,7.0,17.0,"Xã Đông Phong, Huyện Yên Phong, Bắc Ninh",Bắc Ninh,Huyện Yên Phong,Giấy tờ hợp lệ,Đông Nam,5.0
3205,Nhà hẻm ngõ,3.7,106.5,m²,3.0,2.0,1.0,18.0,"Xã Gia Đông, Huyện Thuận Thành, Bắc Ninh",Bắc Ninh,Huyện Thuận Thành,Giấy tờ hợp lệ,Đông,5.0
3206,Nhà mặt tiền,5.5,85.0,m²,5.0,4.0,7.0,17.0,"Xã Đông Phong, Huyện Yên Phong, Bắc Ninh",Bắc Ninh,Huyện Yên Phong,Giấy tờ hợp lệ,Đông Nam,5.0
3207,Nhà hẻm ngõ,3.7,106.5,m²,3.0,2.0,1.0,18.0,"Xã Gia Đông, Huyện Thuận Thành, Bắc Ninh",Bắc Ninh,Huyện Thuận Thành,Giấy tờ hợp lệ,Đông,5.0
3208,Nhà mặt tiền,5.5,85.0,m²,5.0,4.0,7.0,17.0,"Xã Đông Phong, Huyện Yên Phong, Bắc Ninh",Bắc Ninh,Huyện Yên Phong,Giấy tờ hợp lệ,Đông Nam,5.0
3209,Nhà hẻm ngõ,3.7,106.5,m²,3.0,2.0,1.0,18.0,"Xã Gia Đông, Huyện Thuận Thành, Bắc Ninh",Bắc Ninh,Huyện Thuận Thành,Giấy tờ hợp lệ,Đông,5.0
3210,Nhà mặt tiền,5.5,85.0,m²,5.0,4.0,7.0,17.0,"Xã Đông Phong, Huyện Yên Phong, Bắc Ninh",Bắc Ninh,Huyện Yên Phong,Giấy tờ hợp lệ,Đông Nam,5.0
3211,Nhà hẻm ngõ,3.7,106.5,m²,3.0,2.0,1.0,18.0,"Xã Gia Đông, Huyện Thuận Thành, Bắc Ninh",Bắc Ninh,Huyện Thuận Thành,Giấy tờ hợp lệ,Đông,5.0
3212,Nhà mặt tiền,5.5,85.0,m²,5.0,4.0,7.0,17.0,"Xã Đông Phong, Huyện Yên Phong, Bắc Ninh",Bắc Ninh,Huyện Yên Phong,Giấy tờ hợp lệ,Đông Nam,5.0
3213,Nhà hẻm ngõ,3.7,106.5,m²,3.0,2.0,1.0,18.0,"Xã Gia Đông, Huyện Thuận Thành, Bắc Ninh",Bắc Ninh,Huyện Thuận Thành,Giấy tờ hợp lệ,Đông,5.0
3214,Nhà mặt tiền,5.5,85.0,m²,5.0,4.0,7.0,17.0,"Xã Đông Phong, Huyện Yên Phong, Bắc Ninh",Bắc Ninh,Huyện Yên Phong,Giấy tờ hợp lệ,Đông Nam,5.0
3215,Nhà hẻm ngõ,3.7,106.5,m²,3.0,2.0,1.0,18.0,"Xã Gia Đông, Huyện Thuận Thành, Bắc Ninh",Bắc Ninh,Huyện Thuận Thành,Giấy tờ hợp lệ,Đông,5.0
3216,Nhà mặt tiền,5.5,85.0,m²,5.0,4.0,7.0,17.0,"Xã Đông Phong, Huyện Yên Phong, Bắc Ninh",Bắc Ninh,Huyện Yên Phong,Giấy tờ hợp lệ,Đông Nam,5.0
3217,Nhà hẻm ngõ,3.7,106.5,m²,3.0,2.0,1.0,18.0,"Xã Gia Đông, Huyện Thuận Thành, Bắc Ninh",Bắc Ninh,Huyện Thuận Thành,Giấy tờ hợp lệ,Đông,5.0
3218,Nhà mặt tiền,5.5,85.0,m²,5.0,4.0,7.0,17.0,"Xã Đông Phong, Huyện Yên Phong, Bắc Ninh",Bắc Ninh,Huyện Yên Phong,Giấy tờ hợp lệ,Đông Nam,5.0
3219,Nhà hẻm ngõ,3.7,106.5,m²,3.0,2.0,1.0,18.0,"Xã Gia Đông, Huyện Thuận Thành, Bắc Ninh",Bắc Ninh,Huyện Thuận Thành,Giấy tờ hợp lệ,Đông,5.0
3220,Nhà mặt tiền,5.5,85.0,m²,5.0,4.0,7.0,17.0,"Xã Đông Phong, Huyện Yên Phong, Bắc Ninh",Bắc Ninh,Huyện Yên Phong,Giấy tờ hợp lệ,Đông Nam,5.0
3221,Nhà hẻm ngõ,3.7,106.5,m²,3.0,2.0,1.0,18.0,"Xã Gia Đông, Huyện Thuận Thành, Bắc Ninh",Bắc Ninh,Huyện Thuận Thành,Giấy tờ hợp lệ,Đông,5.0
3222,Nhà mặt tiền,5.5,85.0,m²,5.0,4.0,7.0,17.0,"Xã Đông Phong, Huyện Yên Phong, Bắc Ninh",Bắc Ninh,Huyện Yên Phong,Giấy tờ hợp lệ,Đông Nam,5.0
3223,Nhà hẻm ngõ,3.7,106.5,m²,3.0,2.0,1.0,18.0,"Xã Gia Đông, Huyện Thuận Thành, Bắc Ninh",Bắc Ninh,Huyện Thuận Thành,Giấy tờ hợp lệ,Đông,5.0
3224,Nhà mặt tiền,5.5,85.0,m²,5.0,4.0,7.0,17.0,"Xã Đông Phong, Huyện Yên Phong, Bắc Ninh",Bắc Ninh,Huyện Yên Phong,Giấy tờ hợp lệ,Đông Nam,5.0
3225,Nhà hẻm ngõ,3.7,106.5,m²,3.0,2.0,1.0,18.0,"Xã Gia Đông, Huyện Thuận Thành, Bắc Ninh",Bắc Ninh,Huyện Thuận Thành,Giấy tờ hợp lệ,Đông,5.0
3226,Nhà mặt tiền,5.5,85.0,m²,5.0,4.0,7.0,17.0,"Xã Đông Phong, Huyện Yên Phong, Bắc Ninh",Bắc Ninh,Huyện Yên Phong,Giấy tờ hợp lệ,Đông Nam,5.0
3227,Nhà hẻm ngõ,3.7,106.5,m²,3.0,2.0,1.0,18.0,"Xã Gia Đông, Huyện Thuận Thành, Bắc Ninh",Bắc Ninh,Huyện Thuận Thành,Giấy tờ hợp lệ,Đông,5.0
3228,Nhà mặt tiền,5.5,85.0,m²,5.0,4.0,7.0,17.0,"Xã Đông Phong, Huyện Yên Phong, Bắc Ninh",Bắc Ninh,Huyện Yên Phong,Giấy tờ hợp lệ,Đông Nam,5.0
3229,Nhà hẻm ngõ,3.7,106.5,m²,3.0,2.0,1.0,18.0,"Xã Gia Đông, Huyện Thuận Thành, Bắc Ninh",Bắc Ninh,Huyện Thuận Thành,Giấy tờ hợp lệ,Đông,5.0
3230,Nhà mặt tiền,5.5,85.0,m²,5.0,4.0,7.0,17.0,"Xã Đông Phong, Huyện Yên Phong, Bắc Ninh",Bắc Ninh,Huyện Yên Phong,Giấy tờ hợp lệ,Đông Nam,5.0
3231,Nhà hẻm ngõ,3.7,106.5,m²,3.0,2.0,1.0,18.0,"Xã Gia Đông, Huyện Thuận Thành, Bắc Ninh",Bắc Ninh,Huyện Thuận Thành,Giấy tờ hợp lệ,Đông,5.0
3232,Nhà mặt tiền,5.5,85.0,m²,5.0,4.0,7.0,17.0,"Xã Đông Phong, Huyện Yên Phong, Bắc Ninh",Bắc Ninh,Huyện Yên Phong,Giấy tờ hợp lệ,Đông Nam,5.0
3233,Nhà hẻm ngõ,3.7,106.5,m²,3.0,2.0,1.0,18.0,"Xã Gia Đông, Huyện Thuận Thành, Bắc Ninh",Bắc Ninh,Huyện Thuận Thành,Giấy tờ hợp lệ,Đông,5.0
3234,Nhà mặt tiền,5.5,85.0,m²,5.0,4.0,7.0,17.0,"Xã Đông Phong, Huyện Yên Phong, Bắc Ninh",Bắc Ninh,Huyện Yên Phong,Giấy tờ hợp lệ,Đông Nam,5.0
3235,Nhà hẻm ngõ,3.7,106.5,m²,3.0,2.0,1.0,18.0,"Xã Gia Đông, Huyện Thuận Thành, Bắc Ninh",Bắc Ninh,Huyện Thuận Thành,Giấy tờ hợp lệ,Đông,5.0
3236,Nhà mặt tiền,5.5,85.0,m²,5.0,4.0,7.0,17.0,"Xã Đông Phong, Huyện Yên Phong, Bắc Ninh",Bắc Ninh,Huyện Yên Phong,Giấy tờ hợp lệ,Đông Nam,5.0
3237,Nhà hẻm ngõ,3.7,106.5,m²,3.0,2.0,1.0,18.0,"Xã Gia Đông, Huyện Thuận Thành, Bắc Ninh",Bắc Ninh,Huyện Thuận Thành,Giấy tờ hợp lệ,Đông,5.0
3238,Nhà mặt tiền,5.5,85.0,m²,5.0,4.0,7.0,17.0,"Xã Đông Phong, Huyện Yên Phong, Bắc Ninh",Bắc Ninh,Huyện Yên Phong,Giấy tờ hợp lệ,Đông Nam,5.0
3239,Nhà hẻm ngõ,3.7,106.5,m²,3.0,2.0,1.0,18.0,"Xã Gia Đông, Huyện Thuận Thành, Bắc Ninh",Bắc Ninh,Huyện Thuận Thành,Giấy tờ hợp lệ,Đông,5.0
3240,Nhà mặt tiền,5.5,85.0,m²,5.0,4.0,7.0,17.0,"Xã Đông Phong, Huyện Yên Phong, Bắc Ninh",Bắc Ninh,Huyện Yên Phong,Giấy tờ hợp lệ,Đông Nam,5.0
3241,Nhà hẻm ngõ,3.7,106.5,m²,3.0,2.0,1.0,18.0,"Xã Gia Đông, Huyện Thuận Thành, Bắc Ninh",Bắc Ninh,Huyện Thuận Thành,Giấy tờ hợp lệ,Đông,5.0
3242,Nhà mặt tiền,5.5,85.0,m²,5.0,4.0,7.0,17.0,"Xã Đông Phong, Huyện Yên Phong, Bắc Ninh",Bắc Ninh,Huyện Yên Phong,Giấy tờ hợp lệ,Đông Nam,5.0
3243,Nhà hẻm ngõ,3.7,106.5,m²,3.0,2.0,1.0,18.0,"Xã Gia Đông, Huyện Thuận Thành, Bắc Ninh",Bắc Ninh,Huyện Thuận Thành,Giấy tờ hợp lệ,Đông,5.0
3244,Nhà mặt tiền,5.5,85.0,m²,5.0,4.0,7.0,17.0,"Xã Đông Phong, Huyện Yên Phong, Bắc Ninh",Bắc Ninh,Huyện Yên Phong,Giấy tờ hợp lệ,Đông Nam,5.0
3245,Nhà hẻm ngõ,3.7,106.5,m²,3.0,2.0,1.0,18.0,"Xã Gia Đông, Huyện Thuận Thành, Bắc Ninh",Bắc Ninh,Huyện Thuận Thành,Giấy tờ hợp lệ,Đông,5.0
3246,Nhà mặt tiền,5.5,85.0,m²,5.0,4.0,7.0,17.0,"Xã Đông Phong, Huyện Yên Phong, Bắc Ninh",Bắc Ninh,Huyện Yên Phong,Giấy tờ hợp lệ,Đông Nam,5.0
3247,Nhà hẻm ngõ,3.7,106.5,m²,3.0,2.0,1.0,18.0,"Xã Gia Đông, Huyện Thuận Thành, Bắc Ninh",Bắc Ninh,Huyện Thuận Thành,Giấy tờ hợp lệ,Đông,5.0
3248,Nhà mặt tiền,5.5,85.0,m²,5.0,4.0,7.0,17.0,"Xã Đông Phong, Huyện Yên Phong, Bắc Ninh",Bắc Ninh,Huyện Yên Phong,Giấy tờ hợp lệ,Đông Nam,5.0
3249,Nhà hẻm ngõ,3.7,106.5,m²,3.0,2.0,1.0,18.0,"Xã Gia Đông, Huyện Thuận Thành, Bắc Ninh",Bắc Ninh,Huyện Thuận Thành,Giấy tờ hợp lệ,Đông,5.0
3250,Nhà mặt tiền,5.5,85.0,m²,5.0,4.0,7.0,17.0,"Xã Đông Phong, Huyện Yên Phong, Bắc Ninh",Bắc Ninh,Huyện Yên Phong,Giấy tờ hợp lệ,Đông Nam,5.0
3251,Nhà hẻm ngõ,3.7,106.5,m²,3.0,2.0,1.0,18.0,"Xã Gia Đông, Huyện Thuận Thành, Bắc Ninh",Bắc Ninh,Huyện Thuận Thành,Giấy tờ hợp lệ,Đông,5.0
3252,Nhà mặt tiền,5.5,85.0,m²,5.0,4.0,7.0,17.0,"Xã Đông Phong, Huyện Yên Phong, Bắc Ninh",Bắc Ninh,Huyện Yên Phong,Giấy tờ hợp lệ,Đông Nam,5.0
3253,Nhà hẻm ngõ,3.7,106.5,m²,3.0,2.0,1.0,18.0,"Xã Gia Đông, Huyện Thuận Thành, Bắc Ninh",Bắc Ninh,Huyện Thuận Thành,Giấy tờ hợp lệ,Đông,5.0
3254,Nhà mặt tiền,5.5,85.0,m²,5.0,4.0,7.0,17.0,"Xã Đông Phong, Huyện Yên Phong, Bắc Ninh",Bắc Ninh,Huyện Yên Phong,Giấy tờ hợp lệ,Đông Nam,5.0
3255,Nhà hẻm ngõ,3.7,106.5,m²,3.0,2.0,1.0,18.0,"Xã Gia Đông, Huyện Thuận Thành, Bắc Ninh",Bắc Ninh,Huyện Thuận Thành,Giấy tờ hợp lệ,Đông,5.0
3256,Nhà mặt tiền,5.5,85.0,m²,5.0,4.0,7.0,17.0,"Xã Đông Phong, Huyện Yên Phong, Bắc Ninh",Bắc Ninh,Huyện Yên Phong,Giấy tờ hợp lệ,Đông Nam,5.0
3257,Nhà hẻm ngõ,3.7,106.5,m²,3.0,2.0,1.0,18.0,"Xã Gia Đông, Huyện Thuận Thành, Bắc Ninh",Bắc Ninh,Huyện Thuận Thành,Giấy tờ hợp lệ,Đông,5.0
3258,Nhà mặt tiền,5.5,85.0,m²,5.0,4.0,7.0,17.0,"Xã Đông Phong, Huyện Yên Phong, Bắc Ninh",Bắc Ninh,Huyện Yên Phong,Giấy tờ hợp lệ,Đông Nam,5.0
3259,Nhà hẻm ngõ,3.7,106.5,m²,3.0,2.0,1.0,18.0,"Xã Gia Đông, Huyện Thuận Thành, Bắc Ninh",Bắc Ninh,Huyện Thuận Thành,Giấy tờ hợp lệ,Đông,5.0
3260,Nhà mặt tiền,5.5,85.0,m²,5.0,4.0,7.0,17.0,"Xã Đông Phong, Huyện Yên Phong, Bắc Ninh",Bắc Ninh,Huyện Yên Phong,Giấy tờ hợp lệ,Đông Nam,5.0
3261,Nhà hẻm ngõ,3.7,106.5,m²,3.0,2.0,1.0,18.0,"Xã Gia Đông, Huyện Thuận Thành, Bắc Ninh",Bắc Ninh,Huyện Thuận Thành,Giấy tờ hợp lệ,Đông,5.0
3262,Nhà mặt tiền,9.7,178.0,m²,3.0,2.0,3.0,,"Đường Đỗ Thế Chấp, Phường An Sơn, TP. Tam Kỳ, Quảng Nam",Quảng Nam,TP. Tam Kỳ,Sổ đỏ,Tây,
3263,Nhà mặt tiền,9.25,175.0,m²,3.0,3.0,3.0,25.0,"Xã Cẩm Thanh, TP. Hội An, Quảng Nam",Quảng Nam,TP. Hội An,Giấy tờ hợp lệ,Nam,7.0
3264,Nhà hẻm ngõ,8.8,164.5,m²,5.0,3.0,3.0,,"Phường Cẩm Phô, TP. Hội An, Quảng Nam",Quảng Nam,TP. Hội An,Giấy tờ hợp lệ,Đông Nam,
3265,Nhà hẻm ngõ,1.65,101.0,m²,1.0,1.0,2.0,16.9,"Xã Điện Phước, Thị Xã Điện Bàn, Quảng Nam",Quảng Nam,Thị Xã Điện Bàn,Giấy tờ hợp lệ,Tây Nam,5.1
3266,Nhà mặt tiền,4.8,157.5,m²,2.0,,1.0,31.5,"Phường Điện Nam Trung, Thị Xã Điện Bàn, Quảng Nam",Quảng Nam,Thị Xã Điện Bàn,Giấy tờ hợp lệ,,5.0
3267,Nhà hẻm ngõ,1.4,138.0,m²,2.0,1.0,1.0,30.0,"Xã Điện Hòa, Thị Xã Điện Bàn, Quảng Nam",Quảng Nam,Thị Xã Điện Bàn,Giấy tờ hợp lệ,Đông Nam,4.6
3268,Nhà mặt tiền,3.3,200.0,m²,3.0,2.0,2.0,40.0,"Phường Điện Nam Trung, Thị Xã Điện Bàn, Quảng Nam",Quảng Nam,Thị Xã Điện Bàn,Giấy tờ hợp lệ,Tây Bắc,5.0
3269,Nhà mặt tiền,6.5,182.0,m²,3.0,3.0,,31.0,"Phường Điện Ngọc, Thị Xã Điện Bàn, Quảng Nam",Quảng Nam,Thị Xã Điện Bàn,Giấy tờ hợp lệ,,5.8
3270,Nhà hẻm ngõ,2.55,99.0,m²,1.0,1.0,1.0,19.5,"Phường Thanh Hà, TP. Hội An, Quảng Nam",Quảng Nam,TP. Hội An,Giấy tờ hợp lệ,Đông Bắc,5.0
3271,Nhà hẻm ngõ,1.6,101.0,m²,1.0,1.0,1.0,16.7,"Xã Điện Phương, Thị Xã Điện Bàn, Quảng Nam",Quảng Nam,Thị Xã Điện Bàn,Giấy tờ hợp lệ,Tây Nam,5.0
3272,Nhà hẻm ngõ,8.5,2790.0,m²,6.0,7.0,1.0,93.0,"Thị Trấn Hà Lam, Huyện Thăng Bình, Quảng Nam",Quảng Nam,Huyện Thăng Bình,Giấy tờ hợp lệ,Đông,30.0
3273,Nhà hẻm ngõ,2.2,64.0,m²,2.0,2.0,2.0,16.0,"Thị Trấn Hà Lam, Huyện Thăng Bình, Quảng Nam",Quảng Nam,Huyện Thăng Bình,Giấy tờ hợp lệ,Tây,4.0
3274,Nhà mặt tiền,7.6,100.0,m²,11.0,,,20.0,"Phường Điện Dương, Thị Xã Điện Bàn, Quảng Nam",Quảng Nam,Thị Xã Điện Bàn,Giấy tờ hợp lệ,,5.0
3275,Mặt tiền,16.0,100.0,m²,4.0,4.0,4.0,18.0,"Phường Cẩm Phô, TP. Hội An, Quảng Nam",Quảng Nam,TP. Hội An,Giấy tờ hợp lệ,Tây Bắc,5.6
3276,Nhà hẻm ngõ,2.2,75.0,m²,3.0,2.0,,15.0,"Xã Vĩnh Ngọc, TP. Nha Trang, Khánh Hòa",Khánh Hòa,TP. Nha Trang,Sổ hồng,Tây Bắc,5.0
3277,Nhà hẻm ngõ,3.1,43.1,m²,3.0,3.0,3.0,,"Phường Phước Long, TP. Nha Trang, Khánh Hòa",Khánh Hòa,TP. Nha Trang,Giấy tờ hợp lệ,Tây Nam,
3278,Nhà mặt tiền,15.5,66.9,m²,9.0,5.0,5.0,,"Phường Phước Tiến, TP. Nha Trang, Khánh Hòa",Khánh Hòa,TP. Nha Trang,Giấy tờ hợp lệ,,
3279,Nhà hẻm ngõ,4.9,155.7,m²,4.0,3.0,2.0,,"Xã Vĩnh Hiệp, TP. Nha Trang, Khánh Hòa",Khánh Hòa,TP. Nha Trang,Giấy tờ hợp lệ,Đông Nam,
3280,Nhà hẻm ngõ,9.5,76.0,m²,11.0,,7.0,,"Phường Phước Hải, TP. Nha Trang, Khánh Hòa",Khánh Hòa,TP. Nha Trang,Giấy tờ hợp lệ,,
3281,Nhà mặt tiền,10.67,110.0,m²,3.0,3.0,3.0,25.0,"Phường Phước Long, TP. Nha Trang, Khánh Hòa",Khánh Hòa,TP. Nha Trang,Giấy tờ hợp lệ,Tây Nam,4.5
3282,Nhà mặt tiền,8.9,102.0,m²,4.0,4.0,,17.0,"Xã Vĩnh Ngọc, TP. Nha Trang, Khánh Hòa",Khánh Hòa,TP. Nha Trang,Giấy tờ hợp lệ,Đông Bắc,6.0
3283,Nhà hẻm ngõ,2.5,114.0,m²,3.0,2.0,1.0,13.0,"Xã Phước Đồng, TP. Nha Trang, Khánh Hòa",Khánh Hòa,TP. Nha Trang,Giấy tờ hợp lệ,Đông Bắc,9.3
3284,Nhà mặt tiền,55.32,283.7,m²,1.0,2.0,1.0,28.0,"Phường Tân Lập, TP. Nha Trang, Khánh Hòa",Khánh Hòa,TP. Nha Trang,Giấy tờ hợp lệ,Tây Bắc,10.0
3285,Nhà hẻm ngõ,4.5,41.0,m²,4.0,4.0,3.0,12.0,"Phường Phước Tân, TP. Nha Trang, Khánh Hòa",Khánh Hòa,TP. Nha Trang,Giấy tờ hợp lệ,Bắc,3.8
3286,Nhà hẻm ngõ,4.1,86.0,m²,4.0,4.0,,18.0,"Đường 2 Tháng 4, Phường Vĩnh Hòa, TP. Nha Trang, Khánh Hòa",Khánh Hòa,TP. Nha Trang,Sổ hồng,Tây Bắc,5.0
3287,Nhà mặt tiền,5.25,68.4,m²,3.0,2.0,2.0,16.5,"Phường Vĩnh Hải, TP. Nha Trang, Khánh Hòa",Khánh Hòa,TP. Nha Trang,Giấy tờ hợp lệ,Đông Bắc,4.0
3288,Biệt thự,28.0,432.5,m²,3.0,4.0,3.0,30.0,"Phường Vĩnh Hòa, TP. Nha Trang, Khánh Hòa",Khánh Hòa,TP. Nha Trang,Giấy tờ hợp lệ,Tây Nam,15.0
3289,Nhà mặt tiền,7.2,47.0,m²,2.0,3.0,2.0,12.0,"Phường Phước Tiến, TP. Nha Trang, Khánh Hòa",Khánh Hòa,TP. Nha Trang,Giấy tờ hợp lệ,Tây Bắc,4.0
3290,Biệt thự,13.0,152.0,m²,,,,,"TP. Nha Trang, Khánh Hòa",Khánh Hòa,TP. Nha Trang,Hợp đồng mua bán,,
3291,Biệt thự,12.7,210.0,m²,3.0,4.0,3.0,13.0,"Bãi Tiên, phường Vĩnh Hòa, TP. Nha Trang, tỉnh Khá, Bãi Tiên, phường Vĩnh Hòa, TP. Nha Trang, tỉnh Khá, TP. Nha Trang, Khánh Hòa",Khánh Hòa,TP. Nha Trang,Sổ hồng,,5.0
3292,Nhà mặt tiền,0.9,40.0,m²,,,,,"Đường Thân Nhân Trung, Phường Vĩnh Hòa, TP. Nha Trang, Khánh Hòa",Khánh Hòa,TP. Nha Trang,Giấy tờ khác,,
3293,Nhà mặt tiền,6.5,100.0,m²,1.0,1.0,,20.0,"TP. Nha Trang, Khánh Hòa",Khánh Hòa,TP. Nha Trang,Giấy tờ khác,Đông Nam,5.0
3294,Nhà mặt tiền,7.5,98.4,m²,4.0,4.0,3.0,,"Xã Vĩnh Ngọc, TP. Nha Trang, Khánh Hòa",Khánh Hòa,TP. Nha Trang,Giấy tờ hợp lệ,,
3295,Nhà hẻm ngõ,2.55,38.5,m²,2.0,2.0,2.0,,"Phường Phước Hải, TP. Nha Trang, Khánh Hòa",Khánh Hòa,TP. Nha Trang,Giấy tờ hợp lệ,Tây Bắc,
3296,Nhà hẻm ngõ,5.4,47.8,m²,4.0,7.0,4.0,12.0,"Phường Lộc Thọ, TP. Nha Trang, Khánh Hòa",Khánh Hòa,TP. Nha Trang,Giấy tờ hợp lệ,Đông Nam,3.6
3297,Nhà mặt tiền,6.6,63.0,m²,2.0,2.0,,16.0,"Phường Phước Hải, TP. Nha Trang, Khánh Hòa",Khánh Hòa,TP. Nha Trang,Giấy tờ hợp lệ,Đông Nam,4.0
3298,Biệt thự,15.0,154.0,m²,3.0,,,,"Phường Vĩnh Hòa, TP. Nha Trang, Khánh Hòa",Khánh Hòa,TP. Nha Trang,Đang chờ sổ,Đông Nam,
3299,Nhà mặt tiền,19.5,135.0,m²,3.0,4.0,3.0,25.0,"Phường Tân Lập, TP. Nha Trang, Khánh Hòa",Khánh Hòa,TP. Nha Trang,Giấy tờ hợp lệ,Tây Nam,5.5
3300,Nhà hẻm ngõ,2.65,54.0,m²,4.0,3.0,,11.0,"Đường Nguyễn Khuyến, Phường Vĩnh Hải, TP. Nha Trang, Khánh Hòa",Khánh Hòa,TP. Nha Trang,Sổ hồng,Bắc,4.8
3301,Nhà mặt tiền,20.5,68.3,m²,4.0,4.0,3.0,,"Phường Tân Lập, TP. Nha Trang, Khánh Hòa",Khánh Hòa,TP. Nha Trang,Giấy tờ hợp lệ,,
3302,Nhà hẻm ngõ,2.75,64.0,m²,2.0,2.0,,16.0,"Đường 2 Tháng 4, Phường Vĩnh Hòa, TP. Nha Trang, Khánh Hòa",Khánh Hòa,TP. Nha Trang,Sổ hồng,Đông Bắc,4.0
3303,Nhà hẻm ngõ,7.0,114.5,m²,3.0,2.0,2.0,15.0,"Phường Vĩnh Nguyên, TP. Nha Trang, Khánh Hòa",Khánh Hòa,TP. Nha Trang,Giấy tờ hợp lệ,Tây Nam,7.5
3304,Nhà hẻm ngõ,6.8,42.7,m²,4.0,2.0,3.0,9.0,"Phường Lộc Thọ, TP. Nha Trang, Khánh Hòa",Khánh Hòa,TP. Nha Trang,Giấy tờ hợp lệ,Đông Bắc,4.3
3305,Nhà hẻm ngõ,2.69,61.8,m²,2.0,1.0,,,"Xã Phước Đồng, TP. Nha Trang, Khánh Hòa",Khánh Hòa,TP. Nha Trang,Giấy tờ hợp lệ,Tây Nam,
3306,Nhà mặt tiền,10.4,160.0,m²,1.0,1.0,1.0,20.0,"Phường Vĩnh Hòa, TP. Nha Trang, Khánh Hòa",Khánh Hòa,TP. Nha Trang,Giấy tờ hợp lệ,Bắc,8.0
3307,Nhà hẻm ngõ,2.98,38.6,m²,3.0,2.0,2.0,7.5,"Phường Phương Sài, TP. Nha Trang, Khánh Hòa",Khánh Hòa,TP. Nha Trang,Giấy tờ hợp lệ,,5.3
3308,Biệt thự,2.2,661.0,m²,2.0,2.0,1.0,52.8,"Xã Diên Đồng, Huyện Diên Khánh, Khánh Hòa",Khánh Hòa,Huyện Diên Khánh,Giấy tờ hợp lệ,Đông,12.5
3309,Nhà mặt tiền,10.8,73.6,m²,1.0,1.0,1.0,18.0,"Phường Tân Lập, TP. Nha Trang, Khánh Hòa",Khánh Hòa,TP. Nha Trang,Giấy tờ hợp lệ,Đông Nam,4.0
3310,Nhà mặt tiền,3.95,168.0,m²,3.0,2.0,2.0,18.0,"Đường Hoà Trung, Phường Vĩnh Hòa, TP. Nha Trang, Khánh Hòa",Khánh Hòa,TP. Nha Trang,Sổ hồng,Nam,7.4
3311,Nhà mặt tiền,35.0,234.0,m²,5.0,,3.0,,"Phường Vạn Thạnh, TP. Nha Trang, Khánh Hòa",Khánh Hòa,TP. Nha Trang,Giấy tờ hợp lệ,Tây Bắc,
3312,Nhà hẻm ngõ,2.9,56.0,m²,3.0,2.0,2.0,14.0,"Đường Nguyễn Đức Thuận, Phường Vĩnh Hòa, TP. Nha Trang, Khánh Hòa",Khánh Hòa,TP. Nha Trang,Sổ hồng,,4.0
3313,Nhà mặt tiền,3.95,47.4,m²,4.0,3.0,4.0,,"Xã Vĩnh Ngọc, TP. Nha Trang, Khánh Hòa",Khánh Hòa,TP. Nha Trang,Giấy tờ hợp lệ,Tây Nam,
3314,Nhà mặt tiền,2.85,78.0,m²,2.0,2.0,,16.0,"Đường Đăng Lộ, Phường Vĩnh Hải, TP. Nha Trang, Khánh Hòa",Khánh Hòa,TP. Nha Trang,Sổ hồng,Đông Bắc,5.0
3315,Nhà hẻm ngõ,2.8,80.0,m²,3.0,2.0,,20.0,"Đường 2 Tháng 4, Phường Vĩnh Hòa, TP. Nha Trang, Khánh Hòa",Khánh Hòa,TP. Nha Trang,Sổ hồng,Tây Bắc,4.0
3316,Nhà mặt tiền,4.2,242.0,m²,11.0,,,22.0,"Phường Vĩnh Hòa, TP. Nha Trang, Khánh Hòa",Khánh Hòa,TP. Nha Trang,Giấy tờ hợp lệ,Đông Nam,12.0
3317,Nhà mặt tiền,2.65,86.0,m²,2.0,2.0,,16.0,"Đường Nguyễn Đức Thuận, Phường Vĩnh Hòa, TP. Nha Trang, Khánh Hòa",Khánh Hòa,TP. Nha Trang,Sổ hồng,Bắc,5.2
3318,Nhà hẻm ngõ,2.65,84.0,m²,3.0,3.0,3.0,13.0,"Đường Điện Biên Phủ, Phường Vĩnh Hòa, TP. Nha Trang, Khánh Hòa",Khánh Hòa,TP. Nha Trang,Sổ hồng,Đông Nam,6.4
3319,Nhà hẻm ngõ,1.7,94.0,m²,2.0,1.0,,20.0,"Đường Nguyễn Khuyến, Xã Vĩnh Ngọc, TP. Nha Trang, Khánh Hòa",Khánh Hòa,TP. Nha Trang,Sổ hồng,Đông Nam,5.0
3320,Nhà mặt tiền,7.5,89.6,m²,3.0,3.0,3.0,,"Phường Phước Hòa, TP. Nha Trang, Khánh Hòa",Khánh Hòa,TP. Nha Trang,Giấy tờ hợp lệ,,
3321,Nhà mặt tiền,12.5,3000.0,m²,2.0,2.0,1.0,50.0,"Xã Khánh Phú, Huyện Khánh Vĩnh, Khánh Hòa",Khánh Hòa,Huyện Khánh Vĩnh,Giấy tờ hợp lệ,Nam,60.0
3322,Nhà mặt tiền,20.5,92.4,m²,11.0,7.0,7.0,,"Phường Phước Tiến, TP. Nha Trang, Khánh Hòa",Khánh Hòa,TP. Nha Trang,Giấy tờ hợp lệ,Đông Nam,
3323,Nhà mặt tiền,7.5,50.5,m²,3.0,2.0,3.0,,"Phường Phước Hòa, TP. Nha Trang, Khánh Hòa",Khánh Hòa,TP. Nha Trang,Giấy tờ hợp lệ,Tây,
3324,Nhà mặt tiền,5.99,50.0,m²,3.0,3.0,4.0,15.0,"Phường Phước Hòa, TP. Nha Trang, Khánh Hòa",Khánh Hòa,TP. Nha Trang,Giấy tờ hợp lệ,Đông Bắc,3.4
3325,Nhà hẻm ngõ,5.7,41.2,m²,3.0,2.0,2.0,12.0,"Phường Xương Huân, TP. Nha Trang, Khánh Hòa",Khánh Hòa,TP. Nha Trang,Giấy tờ hợp lệ,Đông Nam,3.5
3326,Nhà hẻm ngõ,11.0,77.0,m²,3.0,3.0,3.0,18.5,"Phường Lộc Thọ, TP. Nha Trang, Khánh Hòa",Khánh Hòa,TP. Nha Trang,Giấy tờ hợp lệ,Đông Bắc,4.0
3327,Nhà mặt tiền,9.7,82.0,m²,3.0,3.0,3.0,14.0,"Phường Phước Long, TP. Nha Trang, Khánh Hòa",Khánh Hòa,TP. Nha Trang,Giấy tờ hợp lệ,Đông Bắc,5.6
3328,Nhà hẻm ngõ,2.17,418.0,m²,2.0,,,,"Xã Diên Điền, Huyện Diên Khánh, Khánh Hòa",Khánh Hòa,Huyện Diên Khánh,Giấy tờ hợp lệ,,
3329,Nhà hẻm ngõ,2.83,214.3,m²,3.0,4.0,3.0,,"Xã Diên Điền, Huyện Diên Khánh, Khánh Hòa",Khánh Hòa,Huyện Diên Khánh,Giấy tờ hợp lệ,,
3330,Nhà hẻm ngõ,3.15,160.0,m²,3.0,,2.0,18.0,"Xã Vĩnh Ngọc, TP. Nha Trang, Khánh Hòa",Khánh Hòa,TP. Nha Trang,Giấy tờ hợp lệ,Tây Bắc,9.0
3331,Nhà hẻm ngõ,4.7,70.0,m²,4.0,3.0,1.0,17.5,"Phường Vĩnh Hòa, TP. Nha Trang, Khánh Hòa",Khánh Hòa,TP. Nha Trang,Giấy tờ hợp lệ,Đông Bắc,4.0
3332,Nhà hẻm ngõ,3.89,136.0,m²,3.0,2.0,,12.0,"Phường Vĩnh Hòa, TP. Nha Trang, Khánh Hòa",Khánh Hòa,TP. Nha Trang,Giấy tờ hợp lệ,,6.0
3333,Nhà mặt tiền,4.3,56.0,m²,2.0,2.0,2.0,14.0,"Phường Vĩnh Trường, TP. Nha Trang, Khánh Hòa",Khánh Hòa,TP. Nha Trang,Giấy tờ hợp lệ,Nam,4.0
3334,Biệt thự,13.0,158.0,m²,3.0,4.0,3.0,,"Phường Vĩnh Hòa, TP. Nha Trang, Khánh Hòa",Khánh Hòa,TP. Nha Trang,Đang chờ sổ,Nam,
3335,Nhà hẻm ngõ,4.5,45.5,m²,6.0,7.0,5.0,,"Phường Phước Hải, TP. Nha Trang, Khánh Hòa",Khánh Hòa,TP. Nha Trang,Giấy tờ hợp lệ,Nam,
3336,Nhà mặt tiền,19.7,158.1,m²,3.0,3.0,1.0,25.0,"Phường Phước Hòa, TP. Nha Trang, Khánh Hòa",Khánh Hòa,TP. Nha Trang,Giấy tờ hợp lệ,Đông,6.5
3337,Nhà hẻm ngõ,3.2,50.0,m²,2.0,2.0,,10.0,"Đường 2 Tháng 4, Phường Vĩnh Hải, TP. Nha Trang, Khánh Hòa",Khánh Hòa,TP. Nha Trang,Sổ hồng,Đông,5.0
3338,Nhà mặt tiền,2.4,71.4,m²,3.0,1.0,2.0,19.0,"Phường Vĩnh Phước, TP. Nha Trang, Khánh Hòa",Khánh Hòa,TP. Nha Trang,Giấy tờ hợp lệ,Nam,3.5
3339,Nhà mặt tiền,2.5,127.0,m²,3.0,3.0,2.0,18.0,"Xã Diên Phước, Huyện Diên Khánh, Khánh Hòa",Khánh Hòa,Huyện Diên Khánh,Giấy tờ hợp lệ,Tây Bắc,7.0
3340,Biệt thự,13.0,154.0,m²,4.0,5.0,4.0,,"Phường Vĩnh Hòa, TP. Nha Trang, Khánh Hòa",Khánh Hòa,TP. Nha Trang,Đang chờ sổ,Nam,
3341,Nhà hẻm ngõ,3.6,50.0,m²,3.0,2.0,,10.0,"Đường Mai Xuân Thưởng, Phường Vĩnh Hòa, TP. Nha Trang, Khánh Hòa",Khánh Hòa,TP. Nha Trang,Sổ hồng,Bắc,5.0
3342,Nhà mặt tiền,2.85,83.0,m²,3.0,3.0,2.0,11.0,"Xã Diên An, Huyện Diên Khánh, Khánh Hòa",Khánh Hòa,Huyện Diên Khánh,Giấy tờ hợp lệ,,8.0
3343,Nhà hẻm ngõ,3.85,38.5,m²,3.0,2.0,4.0,,"Phường Vạn Thắng, TP. Nha Trang, Khánh Hòa",Khánh Hòa,TP. Nha Trang,Giấy tờ hợp lệ,Đông Bắc,
3344,Nhà mặt tiền,11.5,82.0,m²,3.0,3.0,3.0,,"Phường Phước Tiến, TP. Nha Trang, Khánh Hòa",Khánh Hòa,TP. Nha Trang,Giấy tờ hợp lệ,Tây Nam,
3345,Nhà hẻm ngõ,3.65,82.0,m²,2.0,2.0,,11.0,"Đường Nguyễn Phong Sắc, Phường Vĩnh Hòa, TP. Nha Trang, Khánh Hòa",Khánh Hòa,TP. Nha Trang,Sổ hồng,Tây Nam,7.4
3346,Nhà hẻm ngõ,5.65,110.0,m²,5.0,4.0,,21.0,"Đường Mai Xuân Thưởng, Phường Vĩnh Hòa, TP. Nha Trang, Khánh Hòa",Khánh Hòa,TP. Nha Trang,Sổ hồng,Đông,5.0
3347,Nhà mặt tiền,12.65,26247.0,m²,,,,,"Đường Gò Gà Đỡ, Xã Vĩnh Lương, TP. Nha Trang, Khánh Hòa",Khánh Hòa,TP. Nha Trang,Sổ đỏ,,
3348,Nhà mặt tiền,2.13,90.0,m²,3.0,2.0,1.0,18.0,"Xã Diên Điền, Huyện Diên Khánh, Khánh Hòa",Khánh Hòa,Huyện Diên Khánh,Giấy tờ hợp lệ,Tây Nam,5.0
3349,Biệt thự,6.0,666.0,m²,5.0,5.0,2.0,29.0,"Xã Diên Phú, Huyện Diên Khánh, Khánh Hòa",Khánh Hòa,Huyện Diên Khánh,Giấy tờ hợp lệ,Đông,27.0
3350,Nhà mặt tiền,4.6,80.0,m²,2.0,2.0,,13.5,"Phường Vĩnh Phước, TP. Nha Trang, Khánh Hòa",Khánh Hòa,TP. Nha Trang,Giấy tờ hợp lệ,Tây,6.0
3351,Biệt thự,33.0,471.4,m²,3.0,3.0,1.0,20.0,"Phường Vĩnh Hòa, TP. Nha Trang, Khánh Hòa",Khánh Hòa,TP. Nha Trang,Giấy tờ hợp lệ,,23.6
3352,Nhà hẻm ngõ,3.5,51.3,m²,2.0,2.0,2.0,,"Phường Phước Hải, TP. Nha Trang, Khánh Hòa",Khánh Hòa,TP. Nha Trang,Giấy tờ hợp lệ,Tây Nam,
3353,Nhà hẻm ngõ,6.7,52.1,m²,3.0,2.0,2.0,13.2,"Phường Vĩnh Thọ, TP. Nha Trang, Khánh Hòa",Khánh Hòa,TP. Nha Trang,Giấy tờ hợp lệ,Nam,4.0
3354,Nhà hẻm ngõ,4.15,80.0,m²,3.0,3.0,2.0,10.0,"Phường Ngọc Hiệp, TP. Nha Trang, Khánh Hòa",Khánh Hòa,TP. Nha Trang,Giấy tờ hợp lệ,,8.0
3355,Nhà mặt tiền,10.0,138.0,m²,4.0,,4.0,,"Xã Vĩnh Hiệp, TP. Nha Trang, Khánh Hòa",Khánh Hòa,TP. Nha Trang,Giấy tờ hợp lệ,,
3356,Nhà mặt tiền,5.5,48.0,m²,3.0,4.0,3.0,,"Phường Phước Hải, TP. Nha Trang, Khánh Hòa",Khánh Hòa,TP. Nha Trang,Giấy tờ hợp lệ,,
3357,Nhà hẻm ngõ,4.7,70.0,m²,3.0,3.0,2.0,17.5,"Phường Vĩnh Hòa, TP. Nha Trang, Khánh Hòa",Khánh Hòa,TP. Nha Trang,Giấy tờ hợp lệ,Bắc,4.0
3358,Nhà mặt tiền,27.9,269.5,m²,,,,,"86, Đường Đoàn Trần Nghiệp, Phường Vĩnh Phước, TP. Nha Trang, Khánh Hòa",Khánh Hòa,TP. Nha Trang,Sổ hồng,,
3359,Nhà mặt tiền,18.9,123.0,m²,4.0,6.0,,,"Đường Trần Nguyên Hãn, Phường Phước Hòa, TP. Nha Trang, Khánh Hòa",Khánh Hòa,TP. Nha Trang,Sổ hồng,Tây Bắc,
3360,Nhà hẻm ngõ,3.25,68.0,m²,3.0,2.0,,11.0,"Đường Nguyễn Xiển, Xã Vĩnh Ngọc, TP. Nha Trang, Khánh Hòa",Khánh Hòa,TP. Nha Trang,Sổ hồng,Nam,6.0
3361,Nhà mặt tiền,5.95,80.0,m²,2.0,2.0,2.0,20.0,"Phường Vĩnh Hải, TP. Nha Trang, Khánh Hòa",Khánh Hòa,TP. Nha Trang,Giấy tờ hợp lệ,Đông Bắc,4.0
3362,Nhà hẻm ngõ,2.45,68.0,m²,3.0,2.0,,14.0,"Đường Nguyễn Chích, Phường Vĩnh Hòa, TP. Nha Trang, Khánh Hòa",Khánh Hòa,TP. Nha Trang,Sổ hồng,Bắc,5.0
3363,Nhà mặt tiền,4.4,60.0,m²,3.0,3.0,3.0,14.0,"Đường Lý Phục Man, Phường Vĩnh Phước, TP. Nha Trang, Khánh Hòa",Khánh Hòa,TP. Nha Trang,Sổ hồng,Tây,5.0
3364,Biệt thự,11.8,250.0,m²,4.0,3.0,2.0,25.0,"Đường Bùi Huy Bích, Phường Vĩnh Hòa, TP. Nha Trang, Khánh Hòa",Khánh Hòa,TP. Nha Trang,Sổ hồng,Bắc,10.0
3365,Nhà hẻm ngõ,3.8,110.0,m²,2.0,2.0,,20.0,"Đường Nguyễn Chích, Phường Vĩnh Hòa, TP. Nha Trang, Khánh Hòa",Khánh Hòa,TP. Nha Trang,Sổ hồng,Đông Nam,5.4
3366,Nhà hẻm ngõ,2.65,61.8,m²,2.0,2.0,2.0,10.0,"Xã Phước Đồng, TP. Nha Trang, Khánh Hòa",Khánh Hòa,TP. Nha Trang,Giấy tờ hợp lệ,Tây Nam,6.0
3367,Nhà mặt tiền,3.0,353.0,m²,3.0,3.0,1.0,39.0,"Xã Suối Tiên, Huyện Diên Khánh, Khánh Hòa",Khánh Hòa,Huyện Diên Khánh,Giấy tờ hợp lệ,Đông,9.0
3368,Nhà mặt tiền,7.2,202.0,m²,3.0,,1.0,26.0,"Xã Vĩnh Ngọc, TP. Nha Trang, Khánh Hòa",Khánh Hòa,TP. Nha Trang,Giấy tờ hợp lệ,,7.6
3369,Nhà mặt tiền,7.65,44.0,m²,5.0,4.0,4.0,,"Phường Vĩnh Phước, TP. Nha Trang, Khánh Hòa",Khánh Hòa,TP. Nha Trang,Giấy tờ hợp lệ,,
3370,Nhà mặt tiền,7.05,70.0,m²,4.0,3.0,3.0,17.0,"Phường Phước Long, TP. Nha Trang, Khánh Hòa",Khánh Hòa,TP. Nha Trang,Giấy tờ hợp lệ,Tây Bắc,4.0
3371,Biệt thự,12.7,154.0,m²,3.0,4.0,3.0,,"Phường Vĩnh Hòa, TP. Nha Trang, Khánh Hòa",Khánh Hòa,TP. Nha Trang,Hợp đồng mua bán,,
3372,Nhà mặt tiền,6.9,43.0,m²,3.0,3.0,3.0,,"Phường Phước Tân, TP. Nha Trang, Khánh Hòa",Khánh Hòa,TP. Nha Trang,Giấy tờ hợp lệ,Tây Nam,
3373,Nhà mặt tiền,6.5,80.0,m²,3.0,3.0,2.0,16.0,"Đường B8, Phường Phước Hải, TP. Nha Trang, Khánh Hòa",Khánh Hòa,TP. Nha Trang,Hợp đồng mua bán,Nam,5.0
3374,Nhà hẻm ngõ,17.0,65.9,m²,11.0,7.0,7.0,,"Phường Phước Tân, TP. Nha Trang, Khánh Hòa",Khánh Hòa,TP. Nha Trang,Giấy tờ hợp lệ,Đông,
3375,Nhà mặt tiền,0.155,61.0,m²,5.0,4.0,4.0,16.0,"Phường Tân Lập, TP. Nha Trang, Khánh Hòa",Khánh Hòa,TP. Nha Trang,Giấy tờ hợp lệ,Tây Bắc,4.0
3376,Nhà mặt tiền,15.6,89.6,m²,2.0,2.0,1.0,23.6,"Phường Xương Huân, TP. Nha Trang, Khánh Hòa",Khánh Hòa,TP. Nha Trang,Giấy tờ hợp lệ,Bắc,3.8
3377,Mặt tiền,2.9,86.0,m²,3.0,3.0,1.0,12.0,"Đường Nguyễn Chích, Phường Vĩnh Hòa, TP. Nha Trang, Khánh Hòa",Khánh Hòa,TP. Nha Trang,Sổ hồng,Bắc,7.0
3378,Nhà hẻm ngõ,4.7,110.0,m²,2.0,2.0,,24.0,"Đường Đoàn Trần Nghiệp, Phường Vĩnh Phước, TP. Nha Trang, Khánh Hòa",Khánh Hòa,TP. Nha Trang,Sổ hồng,Tây Bắc,4.5
3379,Nhà hẻm ngõ,3.2,86.0,m²,2.0,2.0,,16.0,"Phường Vĩnh Hòa, TP. Nha Trang, Khánh Hòa",Khánh Hòa,TP. Nha Trang,Sổ hồng,,5.0
3380,Nhà hẻm ngõ,2.85,44.0,m²,3.0,3.0,3.0,11.0,"Đường Bùi Huy Bích, Phường Vĩnh Hòa, TP. Nha Trang, Khánh Hòa",Khánh Hòa,TP. Nha Trang,Sổ hồng,Bắc,4.0
3381,Nhà hẻm ngõ,3.6,82.0,m²,2.0,2.0,,12.0,"Đường Lương Đắc Bằng, Phường Vĩnh Hòa, TP. Nha Trang, Khánh Hòa",Khánh Hòa,TP. Nha Trang,Sổ hồng,Tây Nam,7.4
3382,Nhà mặt tiền,4.0,66.0,m²,3.0,2.0,,15.0,"Đường Lê công Hạnh, Phường Vĩnh Hòa, TP. Nha Trang, Khánh Hòa",Khánh Hòa,TP. Nha Trang,Sổ hồng,Nam,4.5
3383,Biệt thự,2.05,300.0,m²,2.0,2.0,1.0,20.0,"Xã Diên Bình, Huyện Diên Khánh, Khánh Hòa",Khánh Hòa,Huyện Diên Khánh,Giấy tờ hợp lệ,Bắc,15.0
3384,Biệt thự,2.93,95.0,m²,3.0,3.0,3.0,11.8,"Xã Diên Phú, Huyện Diên Khánh, Khánh Hòa",Khánh Hòa,Huyện Diên Khánh,Giấy tờ hợp lệ,Bắc,8.0
3385,Nhà mặt tiền,18.0,168.4,m²,3.0,4.0,3.0,17.0,"Phường Phước Hòa, TP. Nha Trang, Khánh Hòa",Khánh Hòa,TP. Nha Trang,Giấy tờ hợp lệ,Tây Bắc,10.0
3386,Mặt tiền,7.3,101.0,m²,3.0,4.0,3.0,18.0,"Phường Phước Hòa, TP. Nha Trang, Khánh Hòa",Khánh Hòa,TP. Nha Trang,Giấy tờ hợp lệ,Đông Nam,5.4
3387,Nhà hẻm ngõ,18.0,65.0,m²,11.0,7.0,4.0,10.0,"Phường Lộc Thọ, TP. Nha Trang, Khánh Hòa",Khánh Hòa,TP. Nha Trang,Giấy tờ hợp lệ,Đông Nam,6.5
3388,Mặt tiền,6.5,90.0,m²,5.0,4.0,3.0,18.0,"Xã Phước Đồng, TP. Nha Trang, Khánh Hòa",Khánh Hòa,TP. Nha Trang,Giấy tờ hợp lệ,Đông Bắc,5.0
3389,Mặt tiền,9.92,124.0,m²,2.0,2.0,,,"Phường Phước Long, TP. Nha Trang, Khánh Hòa",Khánh Hòa,TP. Nha Trang,Giấy tờ hợp lệ,Đông Nam,
3390,Nhà hẻm ngõ,8.2,117.0,m²,1.0,1.0,1.0,22.0,"Phường Phước Long, TP. Nha Trang, Khánh Hòa",Khánh Hòa,TP. Nha Trang,Giấy tờ hợp lệ,Đông Nam,6.0
3391,Nhà mặt tiền,6.0,100.0,m²,3.0,5.0,3.0,20.0,"Xã Vĩnh Thái, TP. Nha Trang, Khánh Hòa",Khánh Hòa,TP. Nha Trang,Đang chờ sổ,Đông,5.0
3392,Nhà mặt tiền,4.5,42.0,m²,2.0,,,,"Phường Phước Hải, TP. Nha Trang, Khánh Hòa",Khánh Hòa,TP. Nha Trang,Giấy tờ hợp lệ,,
3393,Biệt thự,28.0,432.5,m²,3.0,5.0,3.0,30.0,"Phường Vĩnh Hòa, TP. Nha Trang, Khánh Hòa",Khánh Hòa,TP. Nha Trang,Giấy tờ hợp lệ,Tây Nam,15.0
3394,Mặt tiền,3.6,50.0,m²,1.0,1.0,1.0,11.0,"Xã Diên Thạnh, Huyện Diên Khánh, Khánh Hòa",Khánh Hòa,Huyện Diên Khánh,Giấy tờ hợp lệ,Tây Bắc,7.0
3395,Nhà hẻm ngõ,2.49,64.0,m²,3.0,,1.0,12.6,"Xã Diên An, Huyện Diên Khánh, Khánh Hòa",Khánh Hòa,Huyện Diên Khánh,Giấy tờ hợp lệ,Tây Bắc,5.1
3396,Nhà hẻm ngõ,2.6,50.0,m²,2.0,2.0,2.0,10.0,"Đường Phú Đức, Phường Vĩnh Hòa, TP. Nha Trang, Khánh Hòa",Khánh Hòa,TP. Nha Trang,Sổ hồng,Đông Nam,5.0
3397,Nhà hẻm ngõ,2.9,64.0,m²,3.0,3.0,,13.0,"Đường Thái Phiên, Phường Vĩnh Hải, TP. Nha Trang, Khánh Hòa",Khánh Hòa,TP. Nha Trang,Sổ hồng,Đông Nam,5.0
3398,Mặt tiền,40.0,64.8,m²,11.0,7.0,12.0,,"Phường Lộc Thọ, TP. Nha Trang, Khánh Hòa",Khánh Hòa,TP. Nha Trang,Giấy tờ hợp lệ,Đông Bắc,
3399,Mặt tiền,60.0,192.0,m²,11.0,7.0,10.0,20.0,"Phường Lộc Thọ, TP. Nha Trang, Khánh Hòa",Khánh Hòa,TP. Nha Trang,Giấy tờ hợp lệ,Tây Bắc,9.0
3400,Mặt tiền,22.0,92.4,m²,11.0,7.0,7.0,11.0,"Phường Phước Tân, TP. Nha Trang, Khánh Hòa",Khánh Hòa,TP. Nha Trang,Giấy tờ hợp lệ,Tây Bắc,8.3
3401,Mặt tiền,24.4,200.3,m²,3.0,4.0,2.0,28.0,"Phường Phương Sài, TP. Nha Trang, Khánh Hòa",Khánh Hòa,TP. Nha Trang,Giấy tờ hợp lệ,Đông Bắc,7.7
3402,Mặt tiền,16.5,140.0,m²,4.0,4.0,3.0,20.0,"Phường Phước Hòa, TP. Nha Trang, Khánh Hòa",Khánh Hòa,TP. Nha Trang,Giấy tờ hợp lệ,Tây Bắc,7.0
3403,Mặt tiền,15.0,80.0,m²,5.0,7.0,4.0,18.0,"Phường Tân Lập, TP. Nha Trang, Khánh Hòa",Khánh Hòa,TP. Nha Trang,Giấy tờ hợp lệ,Đông Nam,4.5
3404,Mặt tiền,15.0,79.9,m²,4.0,5.0,3.0,,"Phường Tân Lập, TP. Nha Trang, Khánh Hòa",Khánh Hòa,TP. Nha Trang,Giấy tờ hợp lệ,Đông Nam,
3405,Nhà hẻm ngõ,3.95,32.7,m²,3.0,3.0,2.0,10.5,"Phường Phương Sài, TP. Nha Trang, Khánh Hòa",Khánh Hòa,TP. Nha Trang,Giấy tờ hợp lệ,Tây Nam,3.0
3406,Mặt tiền,20.53,265.0,m²,2.0,3.0,2.0,26.0,"Phường Phước Hải, TP. Nha Trang, Khánh Hòa",Khánh Hòa,TP. Nha Trang,Giấy tờ hợp lệ,Tây Bắc,9.0
3407,Mặt tiền,2.6,144.0,m²,3.0,1.0,1.0,20.0,"Phường Cam Phúc Bắc, TP. Cam Ranh, Khánh Hòa",Khánh Hòa,TP. Cam Ranh,Giấy tờ hợp lệ,Bắc,7.0
3408,Mặt tiền,8.3,104.0,m²,2.0,1.0,1.0,21.0,"Phường Phước Long, TP. Nha Trang, Khánh Hòa",Khánh Hòa,TP. Nha Trang,Giấy tờ hợp lệ,Tây Nam,5.0
3409,Nhà hẻm ngõ,2.2,61.0,m²,3.0,2.0,2.0,10.0,"Đường Nguyễn Xiển, Phường Vĩnh Hải, TP. Nha Trang, Khánh Hòa",Khánh Hòa,TP. Nha Trang,Sổ hồng,Đông Nam,6.0
3410,Mặt tiền,32.0,160.0,m²,7.0,7.0,,,"Phường Vạn Thắng, TP. Nha Trang, Khánh Hòa",Khánh Hòa,TP. Nha Trang,Đang chờ sổ,,
3411,Mặt tiền,7.5,100.0,m²,3.0,,3.0,,"Xã Vĩnh Thái, TP. Nha Trang, Khánh Hòa",Khánh Hòa,TP. Nha Trang,Đang chờ sổ,,
3412,Mặt tiền,6.8,65.4,m²,3.0,4.0,3.0,18.0,"Phường Phước Long, TP. Nha Trang, Khánh Hòa",Khánh Hòa,TP. Nha Trang,Giấy tờ hợp lệ,Đông Nam,3.7
3413,Mặt tiền,14.5,102.0,m²,4.0,4.0,4.0,,"Xã Vĩnh Hiệp, TP. Nha Trang, Khánh Hòa",Khánh Hòa,TP. Nha Trang,Giấy tờ hợp lệ,,
3414,Mặt tiền,13.0,150.0,m²,4.0,5.0,3.0,,"Phường Phước Long, TP. Nha Trang, Khánh Hòa",Khánh Hòa,TP. Nha Trang,Giấy tờ hợp lệ,Đông Bắc,
3415,Nhà hẻm ngõ,2.7,72.7,m²,3.0,,2.0,,"Thị trấn Diên Khánh, Huyện Diên Khánh, Khánh Hòa",Khánh Hòa,Huyện Diên Khánh,Giấy tờ hợp lệ,,
3416,Mặt tiền,12.7,169.4,m²,3.0,4.0,3.0,18.0,"Phường Phước Long, TP. Nha Trang, Khánh Hòa",Khánh Hòa,TP. Nha Trang,Giấy tờ hợp lệ,Đông Nam,9.2
3417,Biệt thự,15.0,160.0,m²,3.0,4.0,3.0,20.0,"Phường Vĩnh Hòa, TP. Nha Trang, Khánh Hòa",Khánh Hòa,TP. Nha Trang,Đang chờ sổ,Tây Nam,8.0
3418,Biệt thự,32.0,91.3,m²,11.0,7.0,8.0,,"Phường Lộc Thọ, TP. Nha Trang, Khánh Hòa",Khánh Hòa,TP. Nha Trang,Giấy tờ hợp lệ,Nam,
3419,Biệt thự,12.0,168.8,m²,4.0,,,,"Phường Trung Đô, TP. Vinh, Nghệ An",Nghệ An,TP. Vinh,Giấy tờ hợp lệ,,
3420,Biệt thự,12.0,168.8,m²,4.0,4.0,,,"Phường Trung Đô, TP. Vinh, Nghệ An",Nghệ An,TP. Vinh,Giấy tờ hợp lệ,,
3421,Biệt thự,12.0,168.8,m²,4.0,,,,"Phường Trung Đô, TP. Vinh, Nghệ An",Nghệ An,TP. Vinh,Giấy tờ hợp lệ,,
3422,Biệt thự,12.0,168.8,m²,4.0,4.0,,,"Phường Trung Đô, TP. Vinh, Nghệ An",Nghệ An,TP. Vinh,Giấy tờ hợp lệ,,
3423,Biệt thự,12.0,168.8,m²,4.0,,,,"Phường Trung Đô, TP. Vinh, Nghệ An",Nghệ An,TP. Vinh,Giấy tờ hợp lệ,,
3424,Biệt thự,12.0,168.8,m²,4.0,4.0,,,"Phường Trung Đô, TP. Vinh, Nghệ An",Nghệ An,TP. Vinh,Giấy tờ hợp lệ,,
3425,Biệt thự,12.0,168.8,m²,4.0,,,,"Phường Trung Đô, TP. Vinh, Nghệ An",Nghệ An,TP. Vinh,Giấy tờ hợp lệ,,
3426,Biệt thự,12.0,168.8,m²,4.0,4.0,,,"Phường Trung Đô, TP. Vinh, Nghệ An",Nghệ An,TP. Vinh,Giấy tờ hợp lệ,,
3427,Biệt thự,12.0,168.8,m²,4.0,,,,"Phường Trung Đô, TP. Vinh, Nghệ An",Nghệ An,TP. Vinh,Giấy tờ hợp lệ,,
3428,Biệt thự,12.0,168.8,m²,4.0,4.0,,,"Phường Trung Đô, TP. Vinh, Nghệ An",Nghệ An,TP. Vinh,Giấy tờ hợp lệ,,
3429,Biệt thự,12.0,168.8,m²,4.0,,,,"Phường Trung Đô, TP. Vinh, Nghệ An",Nghệ An,TP. Vinh,Giấy tờ hợp lệ,,
3430,Biệt thự,12.0,168.8,m²,4.0,4.0,,,"Phường Trung Đô, TP. Vinh, Nghệ An",Nghệ An,TP. Vinh,Giấy tờ hợp lệ,,
3431,Biệt thự,12.0,168.8,m²,4.0,,,,"Phường Trung Đô, TP. Vinh, Nghệ An",Nghệ An,TP. Vinh,Giấy tờ hợp lệ,,
3432,Biệt thự,12.0,168.8,m²,4.0,4.0,,,"Phường Trung Đô, TP. Vinh, Nghệ An",Nghệ An,TP. Vinh,Giấy tờ hợp lệ,,
3433,Biệt thự,12.0,168.8,m²,4.0,,,,"Phường Trung Đô, TP. Vinh, Nghệ An",Nghệ An,TP. Vinh,Giấy tờ hợp lệ,,
3434,Biệt thự,12.0,168.8,m²,4.0,4.0,,,"Phường Trung Đô, TP. Vinh, Nghệ An",Nghệ An,TP. Vinh,Giấy tờ hợp lệ,,
3435,Biệt thự,12.0,168.8,m²,4.0,,,,"Phường Trung Đô, TP. Vinh, Nghệ An",Nghệ An,TP. Vinh,Giấy tờ hợp lệ,,
3436,Biệt thự,12.0,168.8,m²,4.0,4.0,,,"Phường Trung Đô, TP. Vinh, Nghệ An",Nghệ An,TP. Vinh,Giấy tờ hợp lệ,,
3437,Biệt thự,12.0,168.8,m²,4.0,,,,"Phường Trung Đô, TP. Vinh, Nghệ An",Nghệ An,TP. Vinh,Giấy tờ hợp lệ,,
3438,Biệt thự,12.0,168.8,m²,4.0,4.0,,,"Phường Trung Đô, TP. Vinh, Nghệ An",Nghệ An,TP. Vinh,Giấy tờ hợp lệ,,
3439,Biệt thự,12.0,168.8,m²,4.0,,,,"Phường Trung Đô, TP. Vinh, Nghệ An",Nghệ An,TP. Vinh,Giấy tờ hợp lệ,,
3440,Biệt thự,12.0,168.8,m²,4.0,4.0,,,"Phường Trung Đô, TP. Vinh, Nghệ An",Nghệ An,TP. Vinh,Giấy tờ hợp lệ,,
3441,Biệt thự,12.0,168.8,m²,4.0,,,,"Phường Trung Đô, TP. Vinh, Nghệ An",Nghệ An,TP. Vinh,Giấy tờ hợp lệ,,
3442,Biệt thự,12.0,168.8,m²,4.0,4.0,,,"Phường Trung Đô, TP. Vinh, Nghệ An",Nghệ An,TP. Vinh,Giấy tờ hợp lệ,,
3443,Biệt thự,12.0,168.8,m²,4.0,,,,"Phường Trung Đô, TP. Vinh, Nghệ An",Nghệ An,TP. Vinh,Giấy tờ hợp lệ,,
3444,Biệt thự,12.0,168.8,m²,4.0,4.0,,,"Phường Trung Đô, TP. Vinh, Nghệ An",Nghệ An,TP. Vinh,Giấy tờ hợp lệ,,
3445,Biệt thự,12.0,168.8,m²,4.0,,,,"Phường Trung Đô, TP. Vinh, Nghệ An",Nghệ An,TP. Vinh,Giấy tờ hợp lệ,,
3446,Biệt thự,12.0,168.8,m²,4.0,4.0,,,"Phường Trung Đô, TP. Vinh, Nghệ An",Nghệ An,TP. Vinh,Giấy tờ hợp lệ,,
3447,Biệt thự,12.0,168.8,m²,4.0,,,,"Phường Trung Đô, TP. Vinh, Nghệ An",Nghệ An,TP. Vinh,Giấy tờ hợp lệ,,
3448,Biệt thự,12.0,168.8,m²,4.0,4.0,,,"Phường Trung Đô, TP. Vinh, Nghệ An",Nghệ An,TP. Vinh,Giấy tờ hợp lệ,,
3449,Biệt thự,12.0,168.8,m²,4.0,,,,"Phường Trung Đô, TP. Vinh, Nghệ An",Nghệ An,TP. Vinh,Giấy tờ hợp lệ,,
3450,Biệt thự,12.0,168.8,m²,4.0,4.0,,,"Phường Trung Đô, TP. Vinh, Nghệ An",Nghệ An,TP. Vinh,Giấy tờ hợp lệ,,
3451,Biệt thự,12.0,168.8,m²,4.0,,,,"Phường Trung Đô, TP. Vinh, Nghệ An",Nghệ An,TP. Vinh,Giấy tờ hợp lệ,,
3452,Biệt thự,12.0,168.8,m²,4.0,4.0,,,"Phường Trung Đô, TP. Vinh, Nghệ An",Nghệ An,TP. Vinh,Giấy tờ hợp lệ,,
3453,Biệt thự,12.0,168.8,m²,4.0,,,,"Phường Trung Đô, TP. Vinh, Nghệ An",Nghệ An,TP. Vinh,Giấy tờ hợp lệ,,
3454,Biệt thự,12.0,168.8,m²,4.0,4.0,,,"Phường Trung Đô, TP. Vinh, Nghệ An",Nghệ An,TP. Vinh,Giấy tờ hợp lệ,,
3455,Biệt thự,12.0,168.8,m²,4.0,,,,"Phường Trung Đô, TP. Vinh, Nghệ An",Nghệ An,TP. Vinh,Giấy tờ hợp lệ,,
3456,Biệt thự,12.0,168.8,m²,4.0,4.0,,,"Phường Trung Đô, TP. Vinh, Nghệ An",Nghệ An,TP. Vinh,Giấy tờ hợp lệ,,
3457,Biệt thự,12.0,168.8,m²,4.0,,,,"Phường Trung Đô, TP. Vinh, Nghệ An",Nghệ An,TP. Vinh,Giấy tờ hợp lệ,,
3458,Biệt thự,12.0,168.8,m²,4.0,4.0,,,"Phường Trung Đô, TP. Vinh, Nghệ An",Nghệ An,TP. Vinh,Giấy tờ hợp lệ,,
3459,Biệt thự,12.0,168.8,m²,4.0,,,,"Phường Trung Đô, TP. Vinh, Nghệ An",Nghệ An,TP. Vinh,Giấy tờ hợp lệ,,
3460,Biệt thự,12.0,168.8,m²,4.0,4.0,,,"Phường Trung Đô, TP. Vinh, Nghệ An",Nghệ An,TP. Vinh,Giấy tờ hợp lệ,,
3461,Biệt thự,12.0,168.8,m²,4.0,,,,"Phường Trung Đô, TP. Vinh, Nghệ An",Nghệ An,TP. Vinh,Giấy tờ hợp lệ,,
3462,Biệt thự,12.0,168.8,m²,4.0,4.0,,,"Phường Trung Đô, TP. Vinh, Nghệ An",Nghệ An,TP. Vinh,Giấy tờ hợp lệ,,
3463,Biệt thự,12.0,168.8,m²,4.0,,,,"Phường Trung Đô, TP. Vinh, Nghệ An",Nghệ An,TP. Vinh,Giấy tờ hợp lệ,,
3464,Biệt thự,12.0,168.8,m²,4.0,4.0,,,"Phường Trung Đô, TP. Vinh, Nghệ An",Nghệ An,TP. Vinh,Giấy tờ hợp lệ,,
3465,Biệt thự,12.0,168.8,m²,4.0,,,,"Phường Trung Đô, TP. Vinh, Nghệ An",Nghệ An,TP. Vinh,Giấy tờ hợp lệ,,
3466,Biệt thự,12.0,168.8,m²,4.0,4.0,,,"Phường Trung Đô, TP. Vinh, Nghệ An",Nghệ An,TP. Vinh,Giấy tờ hợp lệ,,
3467,Biệt thự,12.0,168.8,m²,4.0,,,,"Phường Trung Đô, TP. Vinh, Nghệ An",Nghệ An,TP. Vinh,Giấy tờ hợp lệ,,
3468,Biệt thự,12.0,168.8,m²,4.0,4.0,,,"Phường Trung Đô, TP. Vinh, Nghệ An",Nghệ An,TP. Vinh,Giấy tờ hợp lệ,,
3469,Biệt thự,12.0,168.8,m²,4.0,,,,"Phường Trung Đô, TP. Vinh, Nghệ An",Nghệ An,TP. Vinh,Giấy tờ hợp lệ,,
3470,Biệt thự,12.0,168.8,m²,4.0,4.0,,,"Phường Trung Đô, TP. Vinh, Nghệ An",Nghệ An,TP. Vinh,Giấy tờ hợp lệ,,
3471,Biệt thự,12.0,168.8,m²,4.0,,,,"Phường Trung Đô, TP. Vinh, Nghệ An",Nghệ An,TP. Vinh,Giấy tờ hợp lệ,,
3472,Biệt thự,12.0,168.8,m²,4.0,4.0,,,"Phường Trung Đô, TP. Vinh, Nghệ An",Nghệ An,TP. Vinh,Giấy tờ hợp lệ,,
3473,Biệt thự,12.0,168.8,m²,4.0,,,,"Phường Trung Đô, TP. Vinh, Nghệ An",Nghệ An,TP. Vinh,Giấy tờ hợp lệ,,
3474,Biệt thự,12.0,168.8,m²,4.0,4.0,,,"Phường Trung Đô, TP. Vinh, Nghệ An",Nghệ An,TP. Vinh,Giấy tờ hợp lệ,,
3475,Biệt thự,12.0,168.8,m²,4.0,,,,"Phường Trung Đô, TP. Vinh, Nghệ An",Nghệ An,TP. Vinh,Giấy tờ hợp lệ,,
3476,Biệt thự,12.0,168.8,m²,4.0,4.0,,,"Phường Trung Đô, TP. Vinh, Nghệ An",Nghệ An,TP. Vinh,Giấy tờ hợp lệ,,
3477,Biệt thự,12.0,168.8,m²,4.0,,,,"Phường Trung Đô, TP. Vinh, Nghệ An",Nghệ An,TP. Vinh,Giấy tờ hợp lệ,,
3478,Biệt thự,12.0,168.8,m²,4.0,4.0,,,"Phường Trung Đô, TP. Vinh, Nghệ An",Nghệ An,TP. Vinh,Giấy tờ hợp lệ,,
3479,Biệt thự,12.0,168.8,m²,4.0,,,,"Phường Trung Đô, TP. Vinh, Nghệ An",Nghệ An,TP. Vinh,Giấy tờ hợp lệ,,
3480,Biệt thự,12.0,168.8,m²,4.0,4.0,,,"Phường Trung Đô, TP. Vinh, Nghệ An",Nghệ An,TP. Vinh,Giấy tờ hợp lệ,,
3481,Biệt thự,12.0,168.8,m²,4.0,,,,"Phường Trung Đô, TP. Vinh, Nghệ An",Nghệ An,TP. Vinh,Giấy tờ hợp lệ,,
3482,Biệt thự,12.0,168.8,m²,4.0,4.0,,,"Phường Trung Đô, TP. Vinh, Nghệ An",Nghệ An,TP. Vinh,Giấy tờ hợp lệ,,
3483,Biệt thự,12.0,168.8,m²,4.0,,,,"Phường Trung Đô, TP. Vinh, Nghệ An",Nghệ An,TP. Vinh,Giấy tờ hợp lệ,,
3484,Biệt thự,12.0,168.8,m²,4.0,4.0,,,"Phường Trung Đô, TP. Vinh, Nghệ An",Nghệ An,TP. Vinh,Giấy tờ hợp lệ,,
3485,Biệt thự,12.0,168.8,m²,4.0,,,,"Phường Trung Đô, TP. Vinh, Nghệ An",Nghệ An,TP. Vinh,Giấy tờ hợp lệ,,
3486,Biệt thự,12.0,168.8,m²,4.0,4.0,,,"Phường Trung Đô, TP. Vinh, Nghệ An",Nghệ An,TP. Vinh,Giấy tờ hợp lệ,,
3487,Biệt thự,12.0,168.8,m²,4.0,,,,"Phường Trung Đô, TP. Vinh, Nghệ An",Nghệ An,TP. Vinh,Giấy tờ hợp lệ,,
3488,Biệt thự,12.0,168.8,m²,4.0,4.0,,,"Phường Trung Đô, TP. Vinh, Nghệ An",Nghệ An,TP. Vinh,Giấy tờ hợp lệ,,
3489,Biệt thự,12.0,168.8,m²,4.0,,,,"Phường Trung Đô, TP. Vinh, Nghệ An",Nghệ An,TP. Vinh,Giấy tờ hợp lệ,,
3490,Biệt thự,12.0,168.8,m²,4.0,4.0,,,"Phường Trung Đô, TP. Vinh, Nghệ An",Nghệ An,TP. Vinh,Giấy tờ hợp lệ,,
3491,Biệt thự,12.0,168.8,m²,4.0,,,,"Phường Trung Đô, TP. Vinh, Nghệ An",Nghệ An,TP. Vinh,Giấy tờ hợp lệ,,
3492,Biệt thự,12.0,168.8,m²,4.0,4.0,,,"Phường Trung Đô, TP. Vinh, Nghệ An",Nghệ An,TP. Vinh,Giấy tờ hợp lệ,,
3493,Biệt thự,12.0,168.8,m²,4.0,,,,"Phường Trung Đô, TP. Vinh, Nghệ An",Nghệ An,TP. Vinh,Giấy tờ hợp lệ,,
3494,Biệt thự,12.0,168.8,m²,4.0,4.0,,,"Phường Trung Đô, TP. Vinh, Nghệ An",Nghệ An,TP. Vinh,Giấy tờ hợp lệ,,
3495,Biệt thự,12.0,168.8,m²,4.0,,,,"Phường Trung Đô, TP. Vinh, Nghệ An",Nghệ An,TP. Vinh,Giấy tờ hợp lệ,,
3496,Biệt thự,12.0,168.8,m²,4.0,4.0,,,"Phường Trung Đô, TP. Vinh, Nghệ An",Nghệ An,TP. Vinh,Giấy tờ hợp lệ,,
3497,Biệt thự,12.0,168.8,m²,4.0,,,,"Phường Trung Đô, TP. Vinh, Nghệ An",Nghệ An,TP. Vinh,Giấy tờ hợp lệ,,
3498,Biệt thự,12.0,168.8,m²,4.0,4.0,,,"Phường Trung Đô, TP. Vinh, Nghệ An",Nghệ An,TP. Vinh,Giấy tờ hợp lệ,,
3499,Biệt thự,12.0,168.8,m²,4.0,,,,"Phường Trung Đô, TP. Vinh, Nghệ An",Nghệ An,TP. Vinh,Giấy tờ hợp lệ,,
3500,Biệt thự,12.0,168.8,m²,4.0,4.0,,,"Phường Trung Đô, TP. Vinh, Nghệ An",Nghệ An,TP. Vinh,Giấy tờ hợp lệ,,
3501,Biệt thự,12.0,168.8,m²,4.0,,,,"Phường Trung Đô, TP. Vinh, Nghệ An",Nghệ An,TP. Vinh,Giấy tờ hợp lệ,,
3502,Biệt thự,12.0,168.8,m²,4.0,4.0,,,"Phường Trung Đô, TP. Vinh, Nghệ An",Nghệ An,TP. Vinh,Giấy tờ hợp lệ,,
3503,Biệt thự,12.0,168.8,m²,4.0,,,,"Phường Trung Đô, TP. Vinh, Nghệ An",Nghệ An,TP. Vinh,Giấy tờ hợp lệ,,
3504,Biệt thự,12.0,168.8,m²,4.0,4.0,,,"Phường Trung Đô, TP. Vinh, Nghệ An",Nghệ An,TP. Vinh,Giấy tờ hợp lệ,,
3505,Biệt thự,12.0,168.8,m²,4.0,,,,"Phường Trung Đô, TP. Vinh, Nghệ An",Nghệ An,TP. Vinh,Giấy tờ hợp lệ,,
3506,Biệt thự,12.0,168.8,m²,4.0,4.0,,,"Phường Trung Đô, TP. Vinh, Nghệ An",Nghệ An,TP. Vinh,Giấy tờ hợp lệ,,
3507,Biệt thự,12.0,168.8,m²,4.0,,,,"Phường Trung Đô, TP. Vinh, Nghệ An",Nghệ An,TP. Vinh,Giấy tờ hợp lệ,,
3508,Biệt thự,12.0,168.8,m²,4.0,4.0,,,"Phường Trung Đô, TP. Vinh, Nghệ An",Nghệ An,TP. Vinh,Giấy tờ hợp lệ,,
3509,Biệt thự,12.0,168.8,m²,4.0,,,,"Phường Trung Đô, TP. Vinh, Nghệ An",Nghệ An,TP. Vinh,Giấy tờ hợp lệ,,
3510,Biệt thự,12.0,168.8,m²,4.0,4.0,,,"Phường Trung Đô, TP. Vinh, Nghệ An",Nghệ An,TP. Vinh,Giấy tờ hợp lệ,,
3511,Biệt thự,12.0,168.8,m²,4.0,,,,"Phường Trung Đô, TP. Vinh, Nghệ An",Nghệ An,TP. Vinh,Giấy tờ hợp lệ,,
3512,Biệt thự,12.0,168.8,m²,4.0,4.0,,,"Phường Trung Đô, TP. Vinh, Nghệ An",Nghệ An,TP. Vinh,Giấy tờ hợp lệ,,
3513,Biệt thự,12.0,168.8,m²,4.0,,,,"Phường Trung Đô, TP. Vinh, Nghệ An",Nghệ An,TP. Vinh,Giấy tờ hợp lệ,,
3514,Biệt thự,12.0,168.8,m²,4.0,4.0,,,"Phường Trung Đô, TP. Vinh, Nghệ An",Nghệ An,TP. Vinh,Giấy tờ hợp lệ,,
3515,Biệt thự,12.0,168.8,m²,4.0,,,,"Phường Trung Đô, TP. Vinh, Nghệ An",Nghệ An,TP. Vinh,Giấy tờ hợp lệ,,
3516,Biệt thự,12.0,168.8,m²,4.0,4.0,,,"Phường Trung Đô, TP. Vinh, Nghệ An",Nghệ An,TP. Vinh,Giấy tờ hợp lệ,,
3517,Biệt thự,12.0,168.8,m²,4.0,,,,"Phường Trung Đô, TP. Vinh, Nghệ An",Nghệ An,TP. Vinh,Giấy tờ hợp lệ,,
3518,Biệt thự,12.0,168.8,m²,4.0,4.0,,,"Phường Trung Đô, TP. Vinh, Nghệ An",Nghệ An,TP. Vinh,Giấy tờ hợp lệ,,
3519,Nhà mặt tiền,4.2,97.0,m²,3.0,2.0,2.0,23.0,"Phường Núi Sam, Thành phố Châu Đốc, An Giang",An Giang,Thành phố Châu Đốc,Giấy tờ hợp lệ,Đông Bắc,4.2
3520,Nhà mặt tiền,70.0,1470.0,m²,,,,,"Đường Trần Hưng Đạo, Mỹ Thới, TP. Long Xuyên, An Giang",An Giang,TP. Long Xuyên,Sổ hồng,Tây,
3521,Nhà mặt tiền,1.6,99.0,m²,2.0,3.0,1.0,15.0,"Phường Vĩnh Mỹ, Thành phố Châu Đốc, An Giang",An Giang,Thành phố Châu Đốc,Giấy tờ hợp lệ,Đông Nam,6.5
3522,Nhà mặt tiền,1.6,68.8,m²,3.0,2.0,1.0,15.3,"Phường Châu Phú A, Thành phố Châu Đốc, An Giang",An Giang,Thành phố Châu Đốc,Giấy tờ hợp lệ,Tây Bắc,4.5
3523,Nhà hẻm ngõ,1.9,112.0,m²,1.0,,,,"Đông Xuyên, TP. Long Xuyên, An Giang",An Giang,TP. Long Xuyên,Giấy tờ hợp lệ,Đông,
3524,Nhà mặt tiền,3.75,65.0,m²,6.0,6.0,3.0,,"Phường Mỹ Phước, TP. Long Xuyên, An Giang",An Giang,TP. Long Xuyên,Giấy tờ hợp lệ,Tây Bắc,
3525,Nhà hẻm ngõ,1.4,58.0,m²,2.0,2.0,2.0,12.9,"Mỹ Bình, TP. Long Xuyên, An Giang",An Giang,TP. Long Xuyên,Giấy tờ hợp lệ,Tây Bắc,4.5
3526,Nhà hẻm ngõ,1.5,72.0,m²,1.0,,,16.0,"Xã Mỹ Hòa, TP. Long Xuyên, An Giang",An Giang,TP. Long Xuyên,Giấy tờ hợp lệ,,4.5
3527,Nhà hẻm ngõ,1.6,112.1,m²,2.0,3.0,,26.0,"Xã Vĩnh Thạnh Trung, Huyện Châu Phú, An Giang",An Giang,Huyện Châu Phú,Giấy tờ hợp lệ,,4.1
3528,Nhà mặt tiền,2.9,86.7,m²,2.0,1.0,1.0,19.0,"Mỹ Thới, TP. Long Xuyên, An Giang",An Giang,TP. Long Xuyên,Giấy tờ hợp lệ,Đông,4.5
3529,Nhà hẻm ngõ,3.26,192.0,m²,2.0,1.0,1.0,19.2,"Phường Bình Khánh, TP. Long Xuyên, An Giang",An Giang,TP. Long Xuyên,Giấy tờ hợp lệ,Tây Bắc,10.0
3530,Nhà hẻm ngõ,0.79,64.0,m²,2.0,2.0,,8.0,"Xã Mỹ Hòa, TP. Long Xuyên, An Giang",An Giang,TP. Long Xuyên,Giấy tờ hợp lệ,,8.0
3531,Nhà mặt tiền,0.59,36.0,m²,1.0,1.0,,9.0,"Xã Mỹ Hòa, TP. Long Xuyên, An Giang",An Giang,TP. Long Xuyên,Giấy tờ hợp lệ,,4.0
3532,Mặt tiền,0.87,60.0,m²,3.0,,2.0,13.0,"Thị Trấn An Châu, Huyện Châu Thành, An Giang",An Giang,Huyện Châu Thành,Giấy tờ hợp lệ,Đông,4.6
3533,Nhà hẻm ngõ,0.65,24.9,m²,,,,8.0,"39/9, Đường khóm long thị D, Phường Long Thạnh, Thị xã Tân Châu, An Giang",An Giang,Thị xã Tân Châu,Sổ hồng,,3.2
3534,Mặt tiền,4.0,130.5,m²,8.0,6.0,3.0,29.0,"Phường 2, Thành Phố Bạc Liêu, Bạc Liêu",Bạc Liêu,Thành Phố Bạc Liêu,Giấy tờ hợp lệ,,4.5
3535,Mặt tiền,4.0,130.5,m²,8.0,6.0,3.0,29.0,"Phường 2, Thành Phố Bạc Liêu, Bạc Liêu",Bạc Liêu,Thành Phố Bạc Liêu,Giấy tờ hợp lệ,,4.5
3536,Nhà mặt tiền,8.45,74.0,m²,,,4.0,16.0,"Đường Phồn Xương, Xã Dĩnh Kế, TP. Bắc Giang, Bắc Giang",Bắc Giang,TP. Bắc Giang,Sổ đỏ,Tây Nam,4.5
3537,Nhà mặt tiền,8.45,74.0,m²,,,4.0,16.0,"Đường Phồn Xương, Xã Dĩnh Kế, TP. Bắc Giang, Bắc Giang",Bắc Giang,TP. Bắc Giang,Sổ đỏ,Tây Nam,4.5
3538,Nhà mặt tiền,1.75,468.0,m²,2.0,2.0,,12.0,"Xã Sơn Đông, TP. Bến Tre, Bến Tre",Bến Tre,TP. Bến Tre,Giấy tờ hợp lệ,,39.0
3539,Nhà mặt tiền,3.8,620.0,m²,3.0,3.0,,62.0,"Xã Hữu Định, Huyện Châu Thành, Bến Tre",Bến Tre,Huyện Châu Thành,Giấy tờ hợp lệ,,10.0
3540,Mặt tiền,3.1,99.2,m²,3.0,2.0,,25.0,"TP. Bến Tre, Bến Tre",Bến Tre,TP. Bến Tre,Sổ hồng,,4.0
3541,Mặt tiền,1.85,163.0,m²,2.0,2.0,,27.0,"Phường Phú Tân, TP. Bến Tre, Bến Tre",Bến Tre,TP. Bến Tre,Giấy tờ hợp lệ,,6.0
3542,Mặt tiền,2.1,110.0,m²,2.0,1.0,1.0,22.0,"Xã Phú Nhuận, TP. Bến Tre, Bến Tre",Bến Tre,TP. Bến Tre,Giấy tờ hợp lệ,Tây Nam,5.0
3543,Nhà mặt tiền,1.75,468.0,m²,2.0,2.0,,12.0,"Xã Sơn Đông, TP. Bến Tre, Bến Tre",Bến Tre,TP. Bến Tre,Giấy tờ hợp lệ,,39.0
3544,Nhà mặt tiền,3.8,620.0,m²,3.0,3.0,,62.0,"Xã Hữu Định, Huyện Châu Thành, Bến Tre",Bến Tre,Huyện Châu Thành,Giấy tờ hợp lệ,,10.0
3545,Mặt tiền,3.1,99.2,m²,3.0,2.0,,25.0,"TP. Bến Tre, Bến Tre",Bến Tre,TP. Bến Tre,Sổ hồng,,4.0
3546,Mặt tiền,1.85,163.0,m²,2.0,2.0,,27.0,"Phường Phú Tân, TP. Bến Tre, Bến Tre",Bến Tre,TP. Bến Tre,Giấy tờ hợp lệ,,6.0
3547,Mặt tiền,2.1,110.0,m²,2.0,1.0,1.0,22.0,"Xã Phú Nhuận, TP. Bến Tre, Bến Tre",Bến Tre,TP. Bến Tre,Giấy tờ hợp lệ,Tây Nam,5.0
3548,Nhà mặt tiền,1.75,468.0,m²,2.0,2.0,,12.0,"Xã Sơn Đông, TP. Bến Tre, Bến Tre",Bến Tre,TP. Bến Tre,Giấy tờ hợp lệ,,39.0
3549,Nhà mặt tiền,3.8,620.0,m²,3.0,3.0,,62.0,"Xã Hữu Định, Huyện Châu Thành, Bến Tre",Bến Tre,Huyện Châu Thành,Giấy tờ hợp lệ,,10.0
3550,Mặt tiền,3.1,99.2,m²,3.0,2.0,,25.0,"TP. Bến Tre, Bến Tre",Bến Tre,TP. Bến Tre,Sổ hồng,,4.0
3551,Mặt tiền,1.85,163.0,m²,2.0,2.0,,27.0,"Phường Phú Tân, TP. Bến Tre, Bến Tre",Bến Tre,TP. Bến Tre,Giấy tờ hợp lệ,,6.0
3552,Mặt tiền,2.1,110.0,m²,2.0,1.0,1.0,22.0,"Xã Phú Nhuận, TP. Bến Tre, Bến Tre",Bến Tre,TP. Bến Tre,Giấy tờ hợp lệ,Tây Nam,5.0
3553,Nhà mặt tiền,1.75,468.0,m²,2.0,2.0,,12.0,"Xã Sơn Đông, TP. Bến Tre, Bến Tre",Bến Tre,TP. Bến Tre,Giấy tờ hợp lệ,,39.0
3554,Nhà mặt tiền,3.8,620.0,m²,3.0,3.0,,62.0,"Xã Hữu Định, Huyện Châu Thành, Bến Tre",Bến Tre,Huyện Châu Thành,Giấy tờ hợp lệ,,10.0
3555,Mặt tiền,3.1,99.2,m²,3.0,2.0,,25.0,"TP. Bến Tre, Bến Tre",Bến Tre,TP. Bến Tre,Sổ hồng,,4.0
3556,Mặt tiền,1.85,163.0,m²,2.0,2.0,,27.0,"Phường Phú Tân, TP. Bến Tre, Bến Tre",Bến Tre,TP. Bến Tre,Giấy tờ hợp lệ,,6.0
3557,Mặt tiền,2.1,110.0,m²,2.0,1.0,1.0,22.0,"Xã Phú Nhuận, TP. Bến Tre, Bến Tre",Bến Tre,TP. Bến Tre,Giấy tờ hợp lệ,Tây Nam,5.0
3558,Nhà mặt tiền,1.75,468.0,m²,2.0,2.0,,12.0,"Xã Sơn Đông, TP. Bến Tre, Bến Tre",Bến Tre,TP. Bến Tre,Giấy tờ hợp lệ,,39.0
3559,Nhà mặt tiền,3.8,620.0,m²,3.0,3.0,,62.0,"Xã Hữu Định, Huyện Châu Thành, Bến Tre",Bến Tre,Huyện Châu Thành,Giấy tờ hợp lệ,,10.0
3560,Mặt tiền,3.1,99.2,m²,3.0,2.0,,25.0,"TP. Bến Tre, Bến Tre",Bến Tre,TP. Bến Tre,Sổ hồng,,4.0
3561,Mặt tiền,1.85,163.0,m²,2.0,2.0,,27.0,"Phường Phú Tân, TP. Bến Tre, Bến Tre",Bến Tre,TP. Bến Tre,Giấy tờ hợp lệ,,6.0
3562,Mặt tiền,2.1,110.0,m²,2.0,1.0,1.0,22.0,"Xã Phú Nhuận, TP. Bến Tre, Bến Tre",Bến Tre,TP. Bến Tre,Giấy tờ hợp lệ,Tây Nam,5.0
3563,Nhà mặt tiền,1.75,468.0,m²,2.0,2.0,,12.0,"Xã Sơn Đông, TP. Bến Tre, Bến Tre",Bến Tre,TP. Bến Tre,Giấy tờ hợp lệ,,39.0
3564,Nhà mặt tiền,3.8,620.0,m²,3.0,3.0,,62.0,"Xã Hữu Định, Huyện Châu Thành, Bến Tre",Bến Tre,Huyện Châu Thành,Giấy tờ hợp lệ,,10.0
3565,Mặt tiền,3.1,99.2,m²,3.0,2.0,,25.0,"TP. Bến Tre, Bến Tre",Bến Tre,TP. Bến Tre,Sổ hồng,,4.0
3566,Mặt tiền,1.85,163.0,m²,2.0,2.0,,27.0,"Phường Phú Tân, TP. Bến Tre, Bến Tre",Bến Tre,TP. Bến Tre,Giấy tờ hợp lệ,,6.0
3567,Mặt tiền,2.1,110.0,m²,2.0,1.0,1.0,22.0,"Xã Phú Nhuận, TP. Bến Tre, Bến Tre",Bến Tre,TP. Bến Tre,Giấy tờ hợp lệ,Tây Nam,5.0
3568,Nhà mặt tiền,1.75,468.0,m²,2.0,2.0,,12.0,"Xã Sơn Đông, TP. Bến Tre, Bến Tre",Bến Tre,TP. Bến Tre,Giấy tờ hợp lệ,,39.0
3569,Nhà mặt tiền,3.8,620.0,m²,3.0,3.0,,62.0,"Xã Hữu Định, Huyện Châu Thành, Bến Tre",Bến Tre,Huyện Châu Thành,Giấy tờ hợp lệ,,10.0
3570,Mặt tiền,3.1,99.2,m²,3.0,2.0,,25.0,"TP. Bến Tre, Bến Tre",Bến Tre,TP. Bến Tre,Sổ hồng,,4.0
3571,Mặt tiền,1.85,163.0,m²,2.0,2.0,,27.0,"Phường Phú Tân, TP. Bến Tre, Bến Tre",Bến Tre,TP. Bến Tre,Giấy tờ hợp lệ,,6.0
3572,Mặt tiền,2.1,110.0,m²,2.0,1.0,1.0,22.0,"Xã Phú Nhuận, TP. Bến Tre, Bến Tre",Bến Tre,TP. Bến Tre,Giấy tờ hợp lệ,Tây Nam,5.0
3573,Nhà mặt tiền,1.75,468.0,m²,2.0,2.0,,12.0,"Xã Sơn Đông, TP. Bến Tre, Bến Tre",Bến Tre,TP. Bến Tre,Giấy tờ hợp lệ,,39.0
3574,Nhà mặt tiền,3.8,620.0,m²,3.0,3.0,,62.0,"Xã Hữu Định, Huyện Châu Thành, Bến Tre",Bến Tre,Huyện Châu Thành,Giấy tờ hợp lệ,,10.0
3575,Mặt tiền,3.1,99.2,m²,3.0,2.0,,25.0,"TP. Bến Tre, Bến Tre",Bến Tre,TP. Bến Tre,Sổ hồng,,4.0
3576,Mặt tiền,1.85,163.0,m²,2.0,2.0,,27.0,"Phường Phú Tân, TP. Bến Tre, Bến Tre",Bến Tre,TP. Bến Tre,Giấy tờ hợp lệ,,6.0
3577,Mặt tiền,2.1,110.0,m²,2.0,1.0,1.0,22.0,"Xã Phú Nhuận, TP. Bến Tre, Bến Tre",Bến Tre,TP. Bến Tre,Giấy tờ hợp lệ,Tây Nam,5.0
3578,Nhà mặt tiền,1.75,468.0,m²,2.0,2.0,,12.0,"Xã Sơn Đông, TP. Bến Tre, Bến Tre",Bến Tre,TP. Bến Tre,Giấy tờ hợp lệ,,39.0
3579,Nhà mặt tiền,3.8,620.0,m²,3.0,3.0,,62.0,"Xã Hữu Định, Huyện Châu Thành, Bến Tre",Bến Tre,Huyện Châu Thành,Giấy tờ hợp lệ,,10.0
3580,Mặt tiền,3.1,99.2,m²,3.0,2.0,,25.0,"TP. Bến Tre, Bến Tre",Bến Tre,TP. Bến Tre,Sổ hồng,,4.0
3581,Mặt tiền,1.85,163.0,m²,2.0,2.0,,27.0,"Phường Phú Tân, TP. Bến Tre, Bến Tre",Bến Tre,TP. Bến Tre,Giấy tờ hợp lệ,,6.0
3582,Mặt tiền,2.1,110.0,m²,2.0,1.0,1.0,22.0,"Xã Phú Nhuận, TP. Bến Tre, Bến Tre",Bến Tre,TP. Bến Tre,Giấy tờ hợp lệ,Tây Nam,5.0
3583,Nhà mặt tiền,1.75,468.0,m²,2.0,2.0,,12.0,"Xã Sơn Đông, TP. Bến Tre, Bến Tre",Bến Tre,TP. Bến Tre,Giấy tờ hợp lệ,,39.0
3584,Nhà mặt tiền,3.8,620.0,m²,3.0,3.0,,62.0,"Xã Hữu Định, Huyện Châu Thành, Bến Tre",Bến Tre,Huyện Châu Thành,Giấy tờ hợp lệ,,10.0
3585,Mặt tiền,3.1,99.2,m²,3.0,2.0,,25.0,"TP. Bến Tre, Bến Tre",Bến Tre,TP. Bến Tre,Sổ hồng,,4.0
3586,Mặt tiền,1.85,163.0,m²,2.0,2.0,,27.0,"Phường Phú Tân, TP. Bến Tre, Bến Tre",Bến Tre,TP. Bến Tre,Giấy tờ hợp lệ,,6.0
3587,Mặt tiền,2.1,110.0,m²,2.0,1.0,1.0,22.0,"Xã Phú Nhuận, TP. Bến Tre, Bến Tre",Bến Tre,TP. Bến Tre,Giấy tờ hợp lệ,Tây Nam,5.0
3588,Nhà mặt tiền,1.75,468.0,m²,2.0,2.0,,12.0,"Xã Sơn Đông, TP. Bến Tre, Bến Tre",Bến Tre,TP. Bến Tre,Giấy tờ hợp lệ,,39.0
3589,Nhà mặt tiền,3.8,620.0,m²,3.0,3.0,,62.0,"Xã Hữu Định, Huyện Châu Thành, Bến Tre",Bến Tre,Huyện Châu Thành,Giấy tờ hợp lệ,,10.0
3590,Mặt tiền,3.1,99.2,m²,3.0,2.0,,25.0,"TP. Bến Tre, Bến Tre",Bến Tre,TP. Bến Tre,Sổ hồng,,4.0
3591,Mặt tiền,1.85,163.0,m²,2.0,2.0,,27.0,"Phường Phú Tân, TP. Bến Tre, Bến Tre",Bến Tre,TP. Bến Tre,Giấy tờ hợp lệ,,6.0
3592,Mặt tiền,2.1,110.0,m²,2.0,1.0,1.0,22.0,"Xã Phú Nhuận, TP. Bến Tre, Bến Tre",Bến Tre,TP. Bến Tre,Giấy tờ hợp lệ,Tây Nam,5.0
3593,Nhà mặt tiền,1.75,468.0,m²,2.0,2.0,,12.0,"Xã Sơn Đông, TP. Bến Tre, Bến Tre",Bến Tre,TP. Bến Tre,Giấy tờ hợp lệ,,39.0
3594,Nhà mặt tiền,3.8,620.0,m²,3.0,3.0,,62.0,"Xã Hữu Định, Huyện Châu Thành, Bến Tre",Bến Tre,Huyện Châu Thành,Giấy tờ hợp lệ,,10.0
3595,Mặt tiền,3.1,99.2,m²,3.0,2.0,,25.0,"TP. Bến Tre, Bến Tre",Bến Tre,TP. Bến Tre,Sổ hồng,,4.0
3596,Mặt tiền,1.85,163.0,m²,2.0,2.0,,27.0,"Phường Phú Tân, TP. Bến Tre, Bến Tre",Bến Tre,TP. Bến Tre,Giấy tờ hợp lệ,,6.0
3597,Mặt tiền,2.1,110.0,m²,2.0,1.0,1.0,22.0,"Xã Phú Nhuận, TP. Bến Tre, Bến Tre",Bến Tre,TP. Bến Tre,Giấy tờ hợp lệ,Tây Nam,5.0
3598,Nhà mặt tiền,1.75,468.0,m²,2.0,2.0,,12.0,"Xã Sơn Đông, TP. Bến Tre, Bến Tre",Bến Tre,TP. Bến Tre,Giấy tờ hợp lệ,,39.0
3599,Nhà mặt tiền,3.8,620.0,m²,3.0,3.0,,62.0,"Xã Hữu Định, Huyện Châu Thành, Bến Tre",Bến Tre,Huyện Châu Thành,Giấy tờ hợp lệ,,10.0
3600,Mặt tiền,3.1,99.2,m²,3.0,2.0,,25.0,"TP. Bến Tre, Bến Tre",Bến Tre,TP. Bến Tre,Sổ hồng,,4.0
3601,Mặt tiền,1.85,163.0,m²,2.0,2.0,,27.0,"Phường Phú Tân, TP. Bến Tre, Bến Tre",Bến Tre,TP. Bến Tre,Giấy tờ hợp lệ,,6.0
3602,Mặt tiền,2.1,110.0,m²,2.0,1.0,1.0,22.0,"Xã Phú Nhuận, TP. Bến Tre, Bến Tre",Bến Tre,TP. Bến Tre,Giấy tờ hợp lệ,Tây Nam,5.0
3603,Nhà mặt tiền,1.75,468.0,m²,2.0,2.0,,12.0,"Xã Sơn Đông, TP. Bến Tre, Bến Tre",Bến Tre,TP. Bến Tre,Giấy tờ hợp lệ,,39.0
3604,Nhà mặt tiền,3.8,620.0,m²,3.0,3.0,,62.0,"Xã Hữu Định, Huyện Châu Thành, Bến Tre",Bến Tre,Huyện Châu Thành,Giấy tờ hợp lệ,,10.0
3605,Mặt tiền,3.1,99.2,m²,3.0,2.0,,25.0,"TP. Bến Tre, Bến Tre",Bến Tre,TP. Bến Tre,Sổ hồng,,4.0
3606,Mặt tiền,1.85,163.0,m²,2.0,2.0,,27.0,"Phường Phú Tân, TP. Bến Tre, Bến Tre",Bến Tre,TP. Bến Tre,Giấy tờ hợp lệ,,6.0
3607,Mặt tiền,2.1,110.0,m²,2.0,1.0,1.0,22.0,"Xã Phú Nhuận, TP. Bến Tre, Bến Tre",Bến Tre,TP. Bến Tre,Giấy tờ hợp lệ,Tây Nam,5.0
3608,Nhà mặt tiền,1.75,468.0,m²,2.0,2.0,,12.0,"Xã Sơn Đông, TP. Bến Tre, Bến Tre",Bến Tre,TP. Bến Tre,Giấy tờ hợp lệ,,39.0
3609,Nhà mặt tiền,3.8,620.0,m²,3.0,3.0,,62.0,"Xã Hữu Định, Huyện Châu Thành, Bến Tre",Bến Tre,Huyện Châu Thành,Giấy tờ hợp lệ,,10.0
3610,Mặt tiền,3.1,99.2,m²,3.0,2.0,,25.0,"TP. Bến Tre, Bến Tre",Bến Tre,TP. Bến Tre,Sổ hồng,,4.0
3611,Mặt tiền,1.85,163.0,m²,2.0,2.0,,27.0,"Phường Phú Tân, TP. Bến Tre, Bến Tre",Bến Tre,TP. Bến Tre,Giấy tờ hợp lệ,,6.0
3612,Mặt tiền,2.1,110.0,m²,2.0,1.0,1.0,22.0,"Xã Phú Nhuận, TP. Bến Tre, Bến Tre",Bến Tre,TP. Bến Tre,Giấy tờ hợp lệ,Tây Nam,5.0
3613,Nhà mặt tiền,1.75,468.0,m²,2.0,2.0,,12.0,"Xã Sơn Đông, TP. Bến Tre, Bến Tre",Bến Tre,TP. Bến Tre,Giấy tờ hợp lệ,,39.0
3614,Nhà mặt tiền,3.8,620.0,m²,3.0,3.0,,62.0,"Xã Hữu Định, Huyện Châu Thành, Bến Tre",Bến Tre,Huyện Châu Thành,Giấy tờ hợp lệ,,10.0
3615,Mặt tiền,3.1,99.2,m²,3.0,2.0,,25.0,"TP. Bến Tre, Bến Tre",Bến Tre,TP. Bến Tre,Sổ hồng,,4.0
3616,Mặt tiền,1.85,163.0,m²,2.0,2.0,,27.0,"Phường Phú Tân, TP. Bến Tre, Bến Tre",Bến Tre,TP. Bến Tre,Giấy tờ hợp lệ,,6.0
3617,Mặt tiền,2.1,110.0,m²,2.0,1.0,1.0,22.0,"Xã Phú Nhuận, TP. Bến Tre, Bến Tre",Bến Tre,TP. Bến Tre,Giấy tờ hợp lệ,Tây Nam,5.0
3618,Nhà mặt tiền,1.75,468.0,m²,2.0,2.0,,12.0,"Xã Sơn Đông, TP. Bến Tre, Bến Tre",Bến Tre,TP. Bến Tre,Giấy tờ hợp lệ,,39.0
3619,Nhà mặt tiền,3.8,620.0,m²,3.0,3.0,,62.0,"Xã Hữu Định, Huyện Châu Thành, Bến Tre",Bến Tre,Huyện Châu Thành,Giấy tờ hợp lệ,,10.0
3620,Mặt tiền,3.1,99.2,m²,3.0,2.0,,25.0,"TP. Bến Tre, Bến Tre",Bến Tre,TP. Bến Tre,Sổ hồng,,4.0
3621,Mặt tiền,1.85,163.0,m²,2.0,2.0,,27.0,"Phường Phú Tân, TP. Bến Tre, Bến Tre",Bến Tre,TP. Bến Tre,Giấy tờ hợp lệ,,6.0
3622,Mặt tiền,2.1,110.0,m²,2.0,1.0,1.0,22.0,"Xã Phú Nhuận, TP. Bến Tre, Bến Tre",Bến Tre,TP. Bến Tre,Giấy tờ hợp lệ,Tây Nam,5.0
3623,Nhà mặt tiền,1.75,468.0,m²,2.0,2.0,,12.0,"Xã Sơn Đông, TP. Bến Tre, Bến Tre",Bến Tre,TP. Bến Tre,Giấy tờ hợp lệ,,39.0
3624,Nhà mặt tiền,3.8,620.0,m²,3.0,3.0,,62.0,"Xã Hữu Định, Huyện Châu Thành, Bến Tre",Bến Tre,Huyện Châu Thành,Giấy tờ hợp lệ,,10.0
3625,Mặt tiền,3.1,99.2,m²,3.0,2.0,,25.0,"TP. Bến Tre, Bến Tre",Bến Tre,TP. Bến Tre,Sổ hồng,,4.0
3626,Mặt tiền,1.85,163.0,m²,2.0,2.0,,27.0,"Phường Phú Tân, TP. Bến Tre, Bến Tre",Bến Tre,TP. Bến Tre,Giấy tờ hợp lệ,,6.0
3627,Mặt tiền,2.1,110.0,m²,2.0,1.0,1.0,22.0,"Xã Phú Nhuận, TP. Bến Tre, Bến Tre",Bến Tre,TP. Bến Tre,Giấy tờ hợp lệ,Tây Nam,5.0
3628,Nhà mặt tiền,1.75,468.0,m²,2.0,2.0,,12.0,"Xã Sơn Đông, TP. Bến Tre, Bến Tre",Bến Tre,TP. Bến Tre,Giấy tờ hợp lệ,,39.0
3629,Nhà mặt tiền,3.8,620.0,m²,3.0,3.0,,62.0,"Xã Hữu Định, Huyện Châu Thành, Bến Tre",Bến Tre,Huyện Châu Thành,Giấy tờ hợp lệ,,10.0
3630,Mặt tiền,3.1,99.2,m²,3.0,2.0,,25.0,"TP. Bến Tre, Bến Tre",Bến Tre,TP. Bến Tre,Sổ hồng,,4.0
3631,Mặt tiền,1.85,163.0,m²,2.0,2.0,,27.0,"Phường Phú Tân, TP. Bến Tre, Bến Tre",Bến Tre,TP. Bến Tre,Giấy tờ hợp lệ,,6.0
3632,Mặt tiền,2.1,110.0,m²,2.0,1.0,1.0,22.0,"Xã Phú Nhuận, TP. Bến Tre, Bến Tre",Bến Tre,TP. Bến Tre,Giấy tờ hợp lệ,Tây Nam,5.0
3633,Nhà mặt tiền,1.75,468.0,m²,2.0,2.0,,12.0,"Xã Sơn Đông, TP. Bến Tre, Bến Tre",Bến Tre,TP. Bến Tre,Giấy tờ hợp lệ,,39.0
3634,Nhà mặt tiền,3.8,620.0,m²,3.0,3.0,,62.0,"Xã Hữu Định, Huyện Châu Thành, Bến Tre",Bến Tre,Huyện Châu Thành,Giấy tờ hợp lệ,,10.0
3635,Mặt tiền,3.1,99.2,m²,3.0,2.0,,25.0,"TP. Bến Tre, Bến Tre",Bến Tre,TP. Bến Tre,Sổ hồng,,4.0
3636,Mặt tiền,1.85,163.0,m²,2.0,2.0,,27.0,"Phường Phú Tân, TP. Bến Tre, Bến Tre",Bến Tre,TP. Bến Tre,Giấy tờ hợp lệ,,6.0
3637,Mặt tiền,2.1,110.0,m²,2.0,1.0,1.0,22.0,"Xã Phú Nhuận, TP. Bến Tre, Bến Tre",Bến Tre,TP. Bến Tre,Giấy tờ hợp lệ,Tây Nam,5.0
3638,Nhà mặt tiền,1.75,468.0,m²,2.0,2.0,,12.0,"Xã Sơn Đông, TP. Bến Tre, Bến Tre",Bến Tre,TP. Bến Tre,Giấy tờ hợp lệ,,39.0
3639,Nhà mặt tiền,3.8,620.0,m²,3.0,3.0,,62.0,"Xã Hữu Định, Huyện Châu Thành, Bến Tre",Bến Tre,Huyện Châu Thành,Giấy tờ hợp lệ,,10.0
3640,Mặt tiền,3.1,99.2,m²,3.0,2.0,,25.0,"TP. Bến Tre, Bến Tre",Bến Tre,TP. Bến Tre,Sổ hồng,,4.0
3641,Mặt tiền,1.85,163.0,m²,2.0,2.0,,27.0,"Phường Phú Tân, TP. Bến Tre, Bến Tre",Bến Tre,TP. Bến Tre,Giấy tờ hợp lệ,,6.0
3642,Mặt tiền,2.1,110.0,m²,2.0,1.0,1.0,22.0,"Xã Phú Nhuận, TP. Bến Tre, Bến Tre",Bến Tre,TP. Bến Tre,Giấy tờ hợp lệ,Tây Nam,5.0
3643,Nhà mặt tiền,1.75,468.0,m²,2.0,2.0,,12.0,"Xã Sơn Đông, TP. Bến Tre, Bến Tre",Bến Tre,TP. Bến Tre,Giấy tờ hợp lệ,,39.0
3644,Nhà mặt tiền,3.8,620.0,m²,3.0,3.0,,62.0,"Xã Hữu Định, Huyện Châu Thành, Bến Tre",Bến Tre,Huyện Châu Thành,Giấy tờ hợp lệ,,10.0
3645,Mặt tiền,3.1,99.2,m²,3.0,2.0,,25.0,"TP. Bến Tre, Bến Tre",Bến Tre,TP. Bến Tre,Sổ hồng,,4.0
3646,Mặt tiền,1.85,163.0,m²,2.0,2.0,,27.0,"Phường Phú Tân, TP. Bến Tre, Bến Tre",Bến Tre,TP. Bến Tre,Giấy tờ hợp lệ,,6.0
3647,Mặt tiền,2.1,110.0,m²,2.0,1.0,1.0,22.0,"Xã Phú Nhuận, TP. Bến Tre, Bến Tre",Bến Tre,TP. Bến Tre,Giấy tờ hợp lệ,Tây Nam,5.0
3648,Nhà mặt tiền,1.75,468.0,m²,2.0,2.0,,12.0,"Xã Sơn Đông, TP. Bến Tre, Bến Tre",Bến Tre,TP. Bến Tre,Giấy tờ hợp lệ,,39.0
3649,Nhà mặt tiền,3.8,620.0,m²,3.0,3.0,,62.0,"Xã Hữu Định, Huyện Châu Thành, Bến Tre",Bến Tre,Huyện Châu Thành,Giấy tờ hợp lệ,,10.0
3650,Mặt tiền,3.1,99.2,m²,3.0,2.0,,25.0,"TP. Bến Tre, Bến Tre",Bến Tre,TP. Bến Tre,Sổ hồng,,4.0
3651,Mặt tiền,1.85,163.0,m²,2.0,2.0,,27.0,"Phường Phú Tân, TP. Bến Tre, Bến Tre",Bến Tre,TP. Bến Tre,Giấy tờ hợp lệ,,6.0
3652,Mặt tiền,2.1,110.0,m²,2.0,1.0,1.0,22.0,"Xã Phú Nhuận, TP. Bến Tre, Bến Tre",Bến Tre,TP. Bến Tre,Giấy tờ hợp lệ,Tây Nam,5.0
3653,Nhà mặt tiền,1.75,468.0,m²,2.0,2.0,,12.0,"Xã Sơn Đông, TP. Bến Tre, Bến Tre",Bến Tre,TP. Bến Tre,Giấy tờ hợp lệ,,39.0
3654,Nhà mặt tiền,3.8,620.0,m²,3.0,3.0,,62.0,"Xã Hữu Định, Huyện Châu Thành, Bến Tre",Bến Tre,Huyện Châu Thành,Giấy tờ hợp lệ,,10.0
3655,Mặt tiền,3.1,99.2,m²,3.0,2.0,,25.0,"TP. Bến Tre, Bến Tre",Bến Tre,TP. Bến Tre,Sổ hồng,,4.0
3656,Mặt tiền,1.85,163.0,m²,2.0,2.0,,27.0,"Phường Phú Tân, TP. Bến Tre, Bến Tre",Bến Tre,TP. Bến Tre,Giấy tờ hợp lệ,,6.0
3657,Mặt tiền,2.1,110.0,m²,2.0,1.0,1.0,22.0,"Xã Phú Nhuận, TP. Bến Tre, Bến Tre",Bến Tre,TP. Bến Tre,Giấy tờ hợp lệ,Tây Nam,5.0
3658,Nhà mặt tiền,1.75,468.0,m²,2.0,2.0,,12.0,"Xã Sơn Đông, TP. Bến Tre, Bến Tre",Bến Tre,TP. Bến Tre,Giấy tờ hợp lệ,,39.0
3659,Nhà mặt tiền,3.8,620.0,m²,3.0,3.0,,62.0,"Xã Hữu Định, Huyện Châu Thành, Bến Tre",Bến Tre,Huyện Châu Thành,Giấy tờ hợp lệ,,10.0
3660,Mặt tiền,3.1,99.2,m²,3.0,2.0,,25.0,"TP. Bến Tre, Bến Tre",Bến Tre,TP. Bến Tre,Sổ hồng,,4.0
3661,Mặt tiền,1.85,163.0,m²,2.0,2.0,,27.0,"Phường Phú Tân, TP. Bến Tre, Bến Tre",Bến Tre,TP. Bến Tre,Giấy tờ hợp lệ,,6.0
3662,Mặt tiền,2.1,110.0,m²,2.0,1.0,1.0,22.0,"Xã Phú Nhuận, TP. Bến Tre, Bến Tre",Bến Tre,TP. Bến Tre,Giấy tờ hợp lệ,Tây Nam,5.0
3663,Nhà mặt tiền,1.75,468.0,m²,2.0,2.0,,12.0,"Xã Sơn Đông, TP. Bến Tre, Bến Tre",Bến Tre,TP. Bến Tre,Giấy tờ hợp lệ,,39.0
3664,Nhà mặt tiền,3.8,620.0,m²,3.0,3.0,,62.0,"Xã Hữu Định, Huyện Châu Thành, Bến Tre",Bến Tre,Huyện Châu Thành,Giấy tờ hợp lệ,,10.0
3665,Mặt tiền,3.1,99.2,m²,3.0,2.0,,25.0,"TP. Bến Tre, Bến Tre",Bến Tre,TP. Bến Tre,Sổ hồng,,4.0
3666,Mặt tiền,1.85,163.0,m²,2.0,2.0,,27.0,"Phường Phú Tân, TP. Bến Tre, Bến Tre",Bến Tre,TP. Bến Tre,Giấy tờ hợp lệ,,6.0
3667,Mặt tiền,2.1,110.0,m²,2.0,1.0,1.0,22.0,"Xã Phú Nhuận, TP. Bến Tre, Bến Tre",Bến Tre,TP. Bến Tre,Giấy tờ hợp lệ,Tây Nam,5.0
3668,Nhà mặt tiền,1.75,468.0,m²,2.0,2.0,,12.0,"Xã Sơn Đông, TP. Bến Tre, Bến Tre",Bến Tre,TP. Bến Tre,Giấy tờ hợp lệ,,39.0
3669,Nhà mặt tiền,3.8,620.0,m²,3.0,3.0,,62.0,"Xã Hữu Định, Huyện Châu Thành, Bến Tre",Bến Tre,Huyện Châu Thành,Giấy tờ hợp lệ,,10.0
3670,Mặt tiền,3.1,99.2,m²,3.0,2.0,,25.0,"TP. Bến Tre, Bến Tre",Bến Tre,TP. Bến Tre,Sổ hồng,,4.0
3671,Mặt tiền,1.85,163.0,m²,2.0,2.0,,27.0,"Phường Phú Tân, TP. Bến Tre, Bến Tre",Bến Tre,TP. Bến Tre,Giấy tờ hợp lệ,,6.0
3672,Mặt tiền,2.1,110.0,m²,2.0,1.0,1.0,22.0,"Xã Phú Nhuận, TP. Bến Tre, Bến Tre",Bến Tre,TP. Bến Tre,Giấy tờ hợp lệ,Tây Nam,5.0
3673,Nhà mặt tiền,1.75,468.0,m²,2.0,2.0,,12.0,"Xã Sơn Đông, TP. Bến Tre, Bến Tre",Bến Tre,TP. Bến Tre,Giấy tờ hợp lệ,,39.0
3674,Nhà mặt tiền,3.8,620.0,m²,3.0,3.0,,62.0,"Xã Hữu Định, Huyện Châu Thành, Bến Tre",Bến Tre,Huyện Châu Thành,Giấy tờ hợp lệ,,10.0
3675,Mặt tiền,3.1,99.2,m²,3.0,2.0,,25.0,"TP. Bến Tre, Bến Tre",Bến Tre,TP. Bến Tre,Sổ hồng,,4.0
3676,Mặt tiền,1.85,163.0,m²,2.0,2.0,,27.0,"Phường Phú Tân, TP. Bến Tre, Bến Tre",Bến Tre,TP. Bến Tre,Giấy tờ hợp lệ,,6.0
3677,Mặt tiền,2.1,110.0,m²,2.0,1.0,1.0,22.0,"Xã Phú Nhuận, TP. Bến Tre, Bến Tre",Bến Tre,TP. Bến Tre,Giấy tờ hợp lệ,Tây Nam,5.0
3678,Nhà mặt tiền,1.75,468.0,m²,2.0,2.0,,12.0,"Xã Sơn Đông, TP. Bến Tre, Bến Tre",Bến Tre,TP. Bến Tre,Giấy tờ hợp lệ,,39.0
3679,Nhà mặt tiền,3.8,620.0,m²,3.0,3.0,,62.0,"Xã Hữu Định, Huyện Châu Thành, Bến Tre",Bến Tre,Huyện Châu Thành,Giấy tờ hợp lệ,,10.0
3680,Mặt tiền,3.1,99.2,m²,3.0,2.0,,25.0,"TP. Bến Tre, Bến Tre",Bến Tre,TP. Bến Tre,Sổ hồng,,4.0
3681,Mặt tiền,1.85,163.0,m²,2.0,2.0,,27.0,"Phường Phú Tân, TP. Bến Tre, Bến Tre",Bến Tre,TP. Bến Tre,Giấy tờ hợp lệ,,6.0
3682,Mặt tiền,2.1,110.0,m²,2.0,1.0,1.0,22.0,"Xã Phú Nhuận, TP. Bến Tre, Bến Tre",Bến Tre,TP. Bến Tre,Giấy tờ hợp lệ,Tây Nam,5.0
3683,Nhà mặt tiền,1.75,468.0,m²,2.0,2.0,,12.0,"Xã Sơn Đông, TP. Bến Tre, Bến Tre",Bến Tre,TP. Bến Tre,Giấy tờ hợp lệ,,39.0
3684,Nhà mặt tiền,3.8,620.0,m²,3.0,3.0,,62.0,"Xã Hữu Định, Huyện Châu Thành, Bến Tre",Bến Tre,Huyện Châu Thành,Giấy tờ hợp lệ,,10.0
3685,Mặt tiền,3.1,99.2,m²,3.0,2.0,,25.0,"TP. Bến Tre, Bến Tre",Bến Tre,TP. Bến Tre,Sổ hồng,,4.0
3686,Mặt tiền,1.85,163.0,m²,2.0,2.0,,27.0,"Phường Phú Tân, TP. Bến Tre, Bến Tre",Bến Tre,TP. Bến Tre,Giấy tờ hợp lệ,,6.0
3687,Mặt tiền,2.1,110.0,m²,2.0,1.0,1.0,22.0,"Xã Phú Nhuận, TP. Bến Tre, Bến Tre",Bến Tre,TP. Bến Tre,Giấy tờ hợp lệ,Tây Nam,5.0
3688,Nhà mặt tiền,1.75,468.0,m²,2.0,2.0,,12.0,"Xã Sơn Đông, TP. Bến Tre, Bến Tre",Bến Tre,TP. Bến Tre,Giấy tờ hợp lệ,,39.0
3689,Nhà mặt tiền,3.8,620.0,m²,3.0,3.0,,62.0,"Xã Hữu Định, Huyện Châu Thành, Bến Tre",Bến Tre,Huyện Châu Thành,Giấy tờ hợp lệ,,10.0
3690,Mặt tiền,3.1,99.2,m²,3.0,2.0,,25.0,"TP. Bến Tre, Bến Tre",Bến Tre,TP. Bến Tre,Sổ hồng,,4.0
3691,Mặt tiền,1.85,163.0,m²,2.0,2.0,,27.0,"Phường Phú Tân, TP. Bến Tre, Bến Tre",Bến Tre,TP. Bến Tre,Giấy tờ hợp lệ,,6.0
3692,Mặt tiền,2.1,110.0,m²,2.0,1.0,1.0,22.0,"Xã Phú Nhuận, TP. Bến Tre, Bến Tre",Bến Tre,TP. Bến Tre,Giấy tờ hợp lệ,Tây Nam,5.0
3693,Nhà mặt tiền,1.75,468.0,m²,2.0,2.0,,12.0,"Xã Sơn Đông, TP. Bến Tre, Bến Tre",Bến Tre,TP. Bến Tre,Giấy tờ hợp lệ,,39.0
3694,Nhà mặt tiền,3.8,620.0,m²,3.0,3.0,,62.0,"Xã Hữu Định, Huyện Châu Thành, Bến Tre",Bến Tre,Huyện Châu Thành,Giấy tờ hợp lệ,,10.0
3695,Mặt tiền,3.1,99.2,m²,3.0,2.0,,25.0,"TP. Bến Tre, Bến Tre",Bến Tre,TP. Bến Tre,Sổ hồng,,4.0
3696,Mặt tiền,1.85,163.0,m²,2.0,2.0,,27.0,"Phường Phú Tân, TP. Bến Tre, Bến Tre",Bến Tre,TP. Bến Tre,Giấy tờ hợp lệ,,6.0
3697,Mặt tiền,2.1,110.0,m²,2.0,1.0,1.0,22.0,"Xã Phú Nhuận, TP. Bến Tre, Bến Tre",Bến Tre,TP. Bến Tre,Giấy tờ hợp lệ,Tây Nam,5.0
3698,Nhà mặt tiền,1.75,468.0,m²,2.0,2.0,,12.0,"Xã Sơn Đông, TP. Bến Tre, Bến Tre",Bến Tre,TP. Bến Tre,Giấy tờ hợp lệ,,39.0
3699,Nhà mặt tiền,3.8,620.0,m²,3.0,3.0,,62.0,"Xã Hữu Định, Huyện Châu Thành, Bến Tre",Bến Tre,Huyện Châu Thành,Giấy tờ hợp lệ,,10.0
3700,Mặt tiền,3.1,99.2,m²,3.0,2.0,,25.0,"TP. Bến Tre, Bến Tre",Bến Tre,TP. Bến Tre,Sổ hồng,,4.0
3701,Mặt tiền,1.85,163.0,m²,2.0,2.0,,27.0,"Phường Phú Tân, TP. Bến Tre, Bến Tre",Bến Tre,TP. Bến Tre,Giấy tờ hợp lệ,,6.0
3702,Mặt tiền,2.1,110.0,m²,2.0,1.0,1.0,22.0,"Xã Phú Nhuận, TP. Bến Tre, Bến Tre",Bến Tre,TP. Bến Tre,Giấy tờ hợp lệ,Tây Nam,5.0
3703,Nhà mặt tiền,1.75,468.0,m²,2.0,2.0,,12.0,"Xã Sơn Đông, TP. Bến Tre, Bến Tre",Bến Tre,TP. Bến Tre,Giấy tờ hợp lệ,,39.0
3704,Nhà mặt tiền,3.8,620.0,m²,3.0,3.0,,62.0,"Xã Hữu Định, Huyện Châu Thành, Bến Tre",Bến Tre,Huyện Châu Thành,Giấy tờ hợp lệ,,10.0
3705,Mặt tiền,3.1,99.2,m²,3.0,2.0,,25.0,"TP. Bến Tre, Bến Tre",Bến Tre,TP. Bến Tre,Sổ hồng,,4.0
3706,Mặt tiền,1.85,163.0,m²,2.0,2.0,,27.0,"Phường Phú Tân, TP. Bến Tre, Bến Tre",Bến Tre,TP. Bến Tre,Giấy tờ hợp lệ,,6.0
3707,Mặt tiền,2.1,110.0,m²,2.0,1.0,1.0,22.0,"Xã Phú Nhuận, TP. Bến Tre, Bến Tre",Bến Tre,TP. Bến Tre,Giấy tờ hợp lệ,Tây Nam,5.0
3708,Nhà mặt tiền,1.75,468.0,m²,2.0,2.0,,12.0,"Xã Sơn Đông, TP. Bến Tre, Bến Tre",Bến Tre,TP. Bến Tre,Giấy tờ hợp lệ,,39.0
3709,Nhà mặt tiền,3.8,620.0,m²,3.0,3.0,,62.0,"Xã Hữu Định, Huyện Châu Thành, Bến Tre",Bến Tre,Huyện Châu Thành,Giấy tờ hợp lệ,,10.0
3710,Mặt tiền,3.1,99.2,m²,3.0,2.0,,25.0,"TP. Bến Tre, Bến Tre",Bến Tre,TP. Bến Tre,Sổ hồng,,4.0
3711,Mặt tiền,1.85,163.0,m²,2.0,2.0,,27.0,"Phường Phú Tân, TP. Bến Tre, Bến Tre",Bến Tre,TP. Bến Tre,Giấy tờ hợp lệ,,6.0
3712,Mặt tiền,2.1,110.0,m²,2.0,1.0,1.0,22.0,"Xã Phú Nhuận, TP. Bến Tre, Bến Tre",Bến Tre,TP. Bến Tre,Giấy tờ hợp lệ,Tây Nam,5.0
3713,Nhà mặt tiền,1.75,468.0,m²,2.0,2.0,,12.0,"Xã Sơn Đông, TP. Bến Tre, Bến Tre",Bến Tre,TP. Bến Tre,Giấy tờ hợp lệ,,39.0
3714,Nhà mặt tiền,3.8,620.0,m²,3.0,3.0,,62.0,"Xã Hữu Định, Huyện Châu Thành, Bến Tre",Bến Tre,Huyện Châu Thành,Giấy tờ hợp lệ,,10.0
3715,Mặt tiền,3.1,99.2,m²,3.0,2.0,,25.0,"TP. Bến Tre, Bến Tre",Bến Tre,TP. Bến Tre,Sổ hồng,,4.0
3716,Mặt tiền,1.85,163.0,m²,2.0,2.0,,27.0,"Phường Phú Tân, TP. Bến Tre, Bến Tre",Bến Tre,TP. Bến Tre,Giấy tờ hợp lệ,,6.0
3717,Mặt tiền,2.1,110.0,m²,2.0,1.0,1.0,22.0,"Xã Phú Nhuận, TP. Bến Tre, Bến Tre",Bến Tre,TP. Bến Tre,Giấy tờ hợp lệ,Tây Nam,5.0
3718,Nhà mặt tiền,1.75,468.0,m²,2.0,2.0,,12.0,"Xã Sơn Đông, TP. Bến Tre, Bến Tre",Bến Tre,TP. Bến Tre,Giấy tờ hợp lệ,,39.0
3719,Nhà mặt tiền,3.8,620.0,m²,3.0,3.0,,62.0,"Xã Hữu Định, Huyện Châu Thành, Bến Tre",Bến Tre,Huyện Châu Thành,Giấy tờ hợp lệ,,10.0
3720,Mặt tiền,3.1,99.2,m²,3.0,2.0,,25.0,"TP. Bến Tre, Bến Tre",Bến Tre,TP. Bến Tre,Sổ hồng,,4.0
3721,Mặt tiền,1.85,163.0,m²,2.0,2.0,,27.0,"Phường Phú Tân, TP. Bến Tre, Bến Tre",Bến Tre,TP. Bến Tre,Giấy tờ hợp lệ,,6.0
3722,Mặt tiền,2.1,110.0,m²,2.0,1.0,1.0,22.0,"Xã Phú Nhuận, TP. Bến Tre, Bến Tre",Bến Tre,TP. Bến Tre,Giấy tờ hợp lệ,Tây Nam,5.0
3723,Nhà mặt tiền,1.75,468.0,m²,2.0,2.0,,12.0,"Xã Sơn Đông, TP. Bến Tre, Bến Tre",Bến Tre,TP. Bến Tre,Giấy tờ hợp lệ,,39.0
3724,Nhà mặt tiền,3.8,620.0,m²,3.0,3.0,,62.0,"Xã Hữu Định, Huyện Châu Thành, Bến Tre",Bến Tre,Huyện Châu Thành,Giấy tờ hợp lệ,,10.0
3725,Mặt tiền,3.1,99.2,m²,3.0,2.0,,25.0,"TP. Bến Tre, Bến Tre",Bến Tre,TP. Bến Tre,Sổ hồng,,4.0
3726,Mặt tiền,1.85,163.0,m²,2.0,2.0,,27.0,"Phường Phú Tân, TP. Bến Tre, Bến Tre",Bến Tre,TP. Bến Tre,Giấy tờ hợp lệ,,6.0
3727,Mặt tiền,2.1,110.0,m²,2.0,1.0,1.0,22.0,"Xã Phú Nhuận, TP. Bến Tre, Bến Tre",Bến Tre,TP. Bến Tre,Giấy tờ hợp lệ,Tây Nam,5.0
3728,Nhà mặt tiền,1.75,468.0,m²,2.0,2.0,,12.0,"Xã Sơn Đông, TP. Bến Tre, Bến Tre",Bến Tre,TP. Bến Tre,Giấy tờ hợp lệ,,39.0
3729,Nhà mặt tiền,3.8,620.0,m²,3.0,3.0,,62.0,"Xã Hữu Định, Huyện Châu Thành, Bến Tre",Bến Tre,Huyện Châu Thành,Giấy tờ hợp lệ,,10.0
3730,Mặt tiền,3.1,99.2,m²,3.0,2.0,,25.0,"TP. Bến Tre, Bến Tre",Bến Tre,TP. Bến Tre,Sổ hồng,,4.0
3731,Mặt tiền,1.85,163.0,m²,2.0,2.0,,27.0,"Phường Phú Tân, TP. Bến Tre, Bến Tre",Bến Tre,TP. Bến Tre,Giấy tờ hợp lệ,,6.0
3732,Mặt tiền,2.1,110.0,m²,2.0,1.0,1.0,22.0,"Xã Phú Nhuận, TP. Bến Tre, Bến Tre",Bến Tre,TP. Bến Tre,Giấy tờ hợp lệ,Tây Nam,5.0
3733,Nhà mặt tiền,1.75,468.0,m²,2.0,2.0,,12.0,"Xã Sơn Đông, TP. Bến Tre, Bến Tre",Bến Tre,TP. Bến Tre,Giấy tờ hợp lệ,,39.0
3734,Nhà mặt tiền,3.8,620.0,m²,3.0,3.0,,62.0,"Xã Hữu Định, Huyện Châu Thành, Bến Tre",Bến Tre,Huyện Châu Thành,Giấy tờ hợp lệ,,10.0
3735,Mặt tiền,3.1,99.2,m²,3.0,2.0,,25.0,"TP. Bến Tre, Bến Tre",Bến Tre,TP. Bến Tre,Sổ hồng,,4.0
3736,Mặt tiền,1.85,163.0,m²,2.0,2.0,,27.0,"Phường Phú Tân, TP. Bến Tre, Bến Tre",Bến Tre,TP. Bến Tre,Giấy tờ hợp lệ,,6.0
3737,Mặt tiền,2.1,110.0,m²,2.0,1.0,1.0,22.0,"Xã Phú Nhuận, TP. Bến Tre, Bến Tre",Bến Tre,TP. Bến Tre,Giấy tờ hợp lệ,Tây Nam,5.0
3738,Nhà mặt tiền,1.75,468.0,m²,2.0,2.0,,12.0,"Xã Sơn Đông, TP. Bến Tre, Bến Tre",Bến Tre,TP. Bến Tre,Giấy tờ hợp lệ,,39.0
3739,Nhà mặt tiền,3.8,620.0,m²,3.0,3.0,,62.0,"Xã Hữu Định, Huyện Châu Thành, Bến Tre",Bến Tre,Huyện Châu Thành,Giấy tờ hợp lệ,,10.0
3740,Mặt tiền,3.1,99.2,m²,3.0,2.0,,25.0,"TP. Bến Tre, Bến Tre",Bến Tre,TP. Bến Tre,Sổ hồng,,4.0
3741,Mặt tiền,1.85,163.0,m²,2.0,2.0,,27.0,"Phường Phú Tân, TP. Bến Tre, Bến Tre",Bến Tre,TP. Bến Tre,Giấy tờ hợp lệ,,6.0
3742,Mặt tiền,2.1,110.0,m²,2.0,1.0,1.0,22.0,"Xã Phú Nhuận, TP. Bến Tre, Bến Tre",Bến Tre,TP. Bến Tre,Giấy tờ hợp lệ,Tây Nam,5.0
3743,Nhà mặt tiền,1.75,468.0,m²,2.0,2.0,,12.0,"Xã Sơn Đông, TP. Bến Tre, Bến Tre",Bến Tre,TP. Bến Tre,Giấy tờ hợp lệ,,39.0
3744,Nhà mặt tiền,3.8,620.0,m²,3.0,3.0,,62.0,"Xã Hữu Định, Huyện Châu Thành, Bến Tre",Bến Tre,Huyện Châu Thành,Giấy tờ hợp lệ,,10.0
3745,Mặt tiền,3.1,99.2,m²,3.0,2.0,,25.0,"TP. Bến Tre, Bến Tre",Bến Tre,TP. Bến Tre,Sổ hồng,,4.0
3746,Mặt tiền,1.85,163.0,m²,2.0,2.0,,27.0,"Phường Phú Tân, TP. Bến Tre, Bến Tre",Bến Tre,TP. Bến Tre,Giấy tờ hợp lệ,,6.0
3747,Mặt tiền,2.1,110.0,m²,2.0,1.0,1.0,22.0,"Xã Phú Nhuận, TP. Bến Tre, Bến Tre",Bến Tre,TP. Bến Tre,Giấy tờ hợp lệ,Tây Nam,5.0
3748,Nhà mặt tiền,1.75,468.0,m²,2.0,2.0,,12.0,"Xã Sơn Đông, TP. Bến Tre, Bến Tre",Bến Tre,TP. Bến Tre,Giấy tờ hợp lệ,,39.0
3749,Nhà mặt tiền,3.8,620.0,m²,3.0,3.0,,62.0,"Xã Hữu Định, Huyện Châu Thành, Bến Tre",Bến Tre,Huyện Châu Thành,Giấy tờ hợp lệ,,10.0
3750,Mặt tiền,3.1,99.2,m²,3.0,2.0,,25.0,"TP. Bến Tre, Bến Tre",Bến Tre,TP. Bến Tre,Sổ hồng,,4.0
3751,Mặt tiền,1.85,163.0,m²,2.0,2.0,,27.0,"Phường Phú Tân, TP. Bến Tre, Bến Tre",Bến Tre,TP. Bến Tre,Giấy tờ hợp lệ,,6.0
3752,Mặt tiền,2.1,110.0,m²,2.0,1.0,1.0,22.0,"Xã Phú Nhuận, TP. Bến Tre, Bến Tre",Bến Tre,TP. Bến Tre,Giấy tờ hợp lệ,Tây Nam,5.0
3753,Nhà mặt tiền,1.75,468.0,m²,2.0,2.0,,12.0,"Xã Sơn Đông, TP. Bến Tre, Bến Tre",Bến Tre,TP. Bến Tre,Giấy tờ hợp lệ,,39.0
3754,Nhà mặt tiền,3.8,620.0,m²,3.0,3.0,,62.0,"Xã Hữu Định, Huyện Châu Thành, Bến Tre",Bến Tre,Huyện Châu Thành,Giấy tờ hợp lệ,,10.0
3755,Mặt tiền,3.1,99.2,m²,3.0,2.0,,25.0,"TP. Bến Tre, Bến Tre",Bến Tre,TP. Bến Tre,Sổ hồng,,4.0
3756,Mặt tiền,1.85,163.0,m²,2.0,2.0,,27.0,"Phường Phú Tân, TP. Bến Tre, Bến Tre",Bến Tre,TP. Bến Tre,Giấy tờ hợp lệ,,6.0
3757,Mặt tiền,2.1,110.0,m²,2.0,1.0,1.0,22.0,"Xã Phú Nhuận, TP. Bến Tre, Bến Tre",Bến Tre,TP. Bến Tre,Giấy tờ hợp lệ,Tây Nam,5.0
3758,Nhà mặt tiền,1.75,468.0,m²,2.0,2.0,,12.0,"Xã Sơn Đông, TP. Bến Tre, Bến Tre",Bến Tre,TP. Bến Tre,Giấy tờ hợp lệ,,39.0
3759,Nhà mặt tiền,3.8,620.0,m²,3.0,3.0,,62.0,"Xã Hữu Định, Huyện Châu Thành, Bến Tre",Bến Tre,Huyện Châu Thành,Giấy tờ hợp lệ,,10.0
3760,Mặt tiền,3.1,99.2,m²,3.0,2.0,,25.0,"TP. Bến Tre, Bến Tre",Bến Tre,TP. Bến Tre,Sổ hồng,,4.0
3761,Mặt tiền,1.85,163.0,m²,2.0,2.0,,27.0,"Phường Phú Tân, TP. Bến Tre, Bến Tre",Bến Tre,TP. Bến Tre,Giấy tờ hợp lệ,,6.0
3762,Mặt tiền,2.1,110.0,m²,2.0,1.0,1.0,22.0,"Xã Phú Nhuận, TP. Bến Tre, Bến Tre",Bến Tre,TP. Bến Tre,Giấy tờ hợp lệ,Tây Nam,5.0
3763,Nhà mặt tiền,1.75,468.0,m²,2.0,2.0,,12.0,"Xã Sơn Đông, TP. Bến Tre, Bến Tre",Bến Tre,TP. Bến Tre,Giấy tờ hợp lệ,,39.0
3764,Nhà mặt tiền,3.8,620.0,m²,3.0,3.0,,62.0,"Xã Hữu Định, Huyện Châu Thành, Bến Tre",Bến Tre,Huyện Châu Thành,Giấy tờ hợp lệ,,10.0
3765,Mặt tiền,3.1,99.2,m²,3.0,2.0,,25.0,"TP. Bến Tre, Bến Tre",Bến Tre,TP. Bến Tre,Sổ hồng,,4.0
3766,Mặt tiền,1.85,163.0,m²,2.0,2.0,,27.0,"Phường Phú Tân, TP. Bến Tre, Bến Tre",Bến Tre,TP. Bến Tre,Giấy tờ hợp lệ,,6.0
3767,Mặt tiền,2.1,110.0,m²,2.0,1.0,1.0,22.0,"Xã Phú Nhuận, TP. Bến Tre, Bến Tre",Bến Tre,TP. Bến Tre,Giấy tờ hợp lệ,Tây Nam,5.0
3768,Nhà mặt tiền,1.75,468.0,m²,2.0,2.0,,12.0,"Xã Sơn Đông, TP. Bến Tre, Bến Tre",Bến Tre,TP. Bến Tre,Giấy tờ hợp lệ,,39.0
3769,Nhà mặt tiền,3.8,620.0,m²,3.0,3.0,,62.0,"Xã Hữu Định, Huyện Châu Thành, Bến Tre",Bến Tre,Huyện Châu Thành,Giấy tờ hợp lệ,,10.0
3770,Mặt tiền,3.1,99.2,m²,3.0,2.0,,25.0,"TP. Bến Tre, Bến Tre",Bến Tre,TP. Bến Tre,Sổ hồng,,4.0
3771,Mặt tiền,1.85,163.0,m²,2.0,2.0,,27.0,"Phường Phú Tân, TP. Bến Tre, Bến Tre",Bến Tre,TP. Bến Tre,Giấy tờ hợp lệ,,6.0
3772,Mặt tiền,2.1,110.0,m²,2.0,1.0,1.0,22.0,"Xã Phú Nhuận, TP. Bến Tre, Bến Tre",Bến Tre,TP. Bến Tre,Giấy tờ hợp lệ,Tây Nam,5.0
3773,Nhà mặt tiền,1.75,468.0,m²,2.0,2.0,,12.0,"Xã Sơn Đông, TP. Bến Tre, Bến Tre",Bến Tre,TP. Bến Tre,Giấy tờ hợp lệ,,39.0
3774,Nhà mặt tiền,3.8,620.0,m²,3.0,3.0,,62.0,"Xã Hữu Định, Huyện Châu Thành, Bến Tre",Bến Tre,Huyện Châu Thành,Giấy tờ hợp lệ,,10.0
3775,Mặt tiền,3.1,99.2,m²,3.0,2.0,,25.0,"TP. Bến Tre, Bến Tre",Bến Tre,TP. Bến Tre,Sổ hồng,,4.0
3776,Mặt tiền,1.85,163.0,m²,2.0,2.0,,27.0,"Phường Phú Tân, TP. Bến Tre, Bến Tre",Bến Tre,TP. Bến Tre,Giấy tờ hợp lệ,,6.0
3777,Mặt tiền,2.1,110.0,m²,2.0,1.0,1.0,22.0,"Xã Phú Nhuận, TP. Bến Tre, Bến Tre",Bến Tre,TP. Bến Tre,Giấy tờ hợp lệ,Tây Nam,5.0
3778,Nhà mặt tiền,1.75,468.0,m²,2.0,2.0,,12.0,"Xã Sơn Đông, TP. Bến Tre, Bến Tre",Bến Tre,TP. Bến Tre,Giấy tờ hợp lệ,,39.0
3779,Nhà mặt tiền,3.8,620.0,m²,3.0,3.0,,62.0,"Xã Hữu Định, Huyện Châu Thành, Bến Tre",Bến Tre,Huyện Châu Thành,Giấy tờ hợp lệ,,10.0
3780,Mặt tiền,3.1,99.2,m²,3.0,2.0,,25.0,"TP. Bến Tre, Bến Tre",Bến Tre,TP. Bến Tre,Sổ hồng,,4.0
3781,Mặt tiền,1.85,163.0,m²,2.0,2.0,,27.0,"Phường Phú Tân, TP. Bến Tre, Bến Tre",Bến Tre,TP. Bến Tre,Giấy tờ hợp lệ,,6.0
3782,Mặt tiền,2.1,110.0,m²,2.0,1.0,1.0,22.0,"Xã Phú Nhuận, TP. Bến Tre, Bến Tre",Bến Tre,TP. Bến Tre,Giấy tờ hợp lệ,Tây Nam,5.0
3783,Nhà mặt tiền,1.75,468.0,m²,2.0,2.0,,12.0,"Xã Sơn Đông, TP. Bến Tre, Bến Tre",Bến Tre,TP. Bến Tre,Giấy tờ hợp lệ,,39.0
3784,Nhà mặt tiền,3.8,620.0,m²,3.0,3.0,,62.0,"Xã Hữu Định, Huyện Châu Thành, Bến Tre",Bến Tre,Huyện Châu Thành,Giấy tờ hợp lệ,,10.0
3785,Mặt tiền,3.1,99.2,m²,3.0,2.0,,25.0,"TP. Bến Tre, Bến Tre",Bến Tre,TP. Bến Tre,Sổ hồng,,4.0
3786,Mặt tiền,1.85,163.0,m²,2.0,2.0,,27.0,"Phường Phú Tân, TP. Bến Tre, Bến Tre",Bến Tre,TP. Bến Tre,Giấy tờ hợp lệ,,6.0
3787,Mặt tiền,2.1,110.0,m²,2.0,1.0,1.0,22.0,"Xã Phú Nhuận, TP. Bến Tre, Bến Tre",Bến Tre,TP. Bến Tre,Giấy tờ hợp lệ,Tây Nam,5.0
3788,Nhà hẻm ngõ,3.1,53.0,m²,2.0,2.0,,,"Phường Nguyễn Văn Cừ, TP. Quy Nhơn, Bình Định",Bình Định,TP. Quy Nhơn,Giấy tờ hợp lệ,,
3789,Nhà hẻm ngõ,2.66,45.0,m²,3.0,2.0,,,"Phường Nguyễn Văn Cừ, TP. Quy Nhơn, Bình Định",Bình Định,TP. Quy Nhơn,Giấy tờ hợp lệ,,
3790,Nhà mặt tiền,11.99,76.0,m²,4.0,6.0,,,"Phường Trần Phú, TP. Quy Nhơn, Bình Định",Bình Định,TP. Quy Nhơn,Giấy tờ hợp lệ,Đông Nam,
3791,Nhà mặt tiền,1.65,20.1,m²,2.0,2.0,2.0,5.6,"Phường Hải Cảng, TP. Quy Nhơn, Bình Định",Bình Định,TP. Quy Nhơn,Giấy tờ hợp lệ,Tây Nam,3.7
3792,Nhà mặt tiền,3.8,43.0,m²,3.0,3.0,,,"Phường Đống Đa, TP. Quy Nhơn, Bình Định",Bình Định,TP. Quy Nhơn,Giấy tờ hợp lệ,,
3793,Biệt thự,11.0,240.0,m²,3.0,2.0,,,"Xã Cát Tiến, Huyện Phù Cát, Bình Định",Bình Định,Huyện Phù Cát,Hợp đồng mua bán,,
3794,Nhà mặt tiền,7.8,68.0,m²,2.0,,22.0,13.6,"Phường Trần Hưng Đạo, TP. Quy Nhơn, Bình Định",Bình Định,TP. Quy Nhơn,Giấy tờ hợp lệ,Tây,5.0
3795,Nhà mặt tiền,2.95,46.0,m²,2.0,2.0,2.0,,"Phường Đống Đa, TP. Quy Nhơn, Bình Định",Bình Định,TP. Quy Nhơn,Giấy tờ hợp lệ,Tây Nam,
3796,Nhà hẻm ngõ,3.15,50.0,m²,2.0,2.0,2.0,6.3,"Phường Trần Hưng Đạo, TP. Quy Nhơn, Bình Định",Bình Định,TP. Quy Nhơn,Giấy tờ hợp lệ,Đông,8.0
3797,Mặt tiền,4.95,50.0,m²,3.0,3.0,3.0,12.5,"Phường Hải Cảng, TP. Quy Nhơn, Bình Định",Bình Định,TP. Quy Nhơn,Giấy tờ hợp lệ,Tây Bắc,4.0
3798,Biệt thự,140.0,9000.0,m²,41.0,41.0,,120.0,"00, Đường Quốc lộ 1D, Phường Ghềnh Ránh, TP. Quy Nhơn, Bình Định",Bình Định,TP. Quy Nhơn,Sổ đỏ,Đông,120.0
3799,Nhà hẻm ngõ,1.5,83.0,m²,2.0,2.0,2.0,14.0,"Phường An Lộc, Thị xã Bình Long, Bình Phước",Bình Phước,Thị xã Bình Long,Giấy tờ hợp lệ,Nam,6.0
3800,Nhà mặt tiền,3.0,81.6,m²,2.0,1.0,,18.7,"Đường Ngô Quyền, Phường An Lộc, Thị xã Bình Long, Bình Phước",Bình Phước,Thị xã Bình Long,Sổ hồng,Đông,4.4
3801,Nhà hẻm ngõ,0.37,3000.0,m²,2.0,1.0,,100.0,"Xã Minh Hưng, Huyện Chơn Thành, Bình Phước",Bình Phước,Huyện Chơn Thành,Giấy tờ hợp lệ,Đông Nam,30.0
3802,Mặt tiền,3.2,125.0,m²,3.0,3.0,,25.0,"Phường Tiến Hưng, Thị Xã Đồng Xoài, Bình Phước",Bình Phước,Thị Xã Đồng Xoài,Giấy tờ hợp lệ,,5.0
3803,Nhà hẻm ngõ,1.5,83.0,m²,2.0,2.0,2.0,14.0,"Phường An Lộc, Thị xã Bình Long, Bình Phước",Bình Phước,Thị xã Bình Long,Giấy tờ hợp lệ,Nam,6.0
3804,Nhà mặt tiền,3.0,81.6,m²,2.0,1.0,,18.7,"Đường Ngô Quyền, Phường An Lộc, Thị xã Bình Long, Bình Phước",Bình Phước,Thị xã Bình Long,Sổ hồng,Đông,4.4
3805,Nhà hẻm ngõ,0.37,3000.0,m²,2.0,1.0,,100.0,"Xã Minh Hưng, Huyện Chơn Thành, Bình Phước",Bình Phước,Huyện Chơn Thành,Giấy tờ hợp lệ,Đông Nam,30.0
3806,Mặt tiền,3.2,125.0,m²,3.0,3.0,,25.0,"Phường Tiến Hưng, Thị Xã Đồng Xoài, Bình Phước",Bình Phước,Thị Xã Đồng Xoài,Giấy tờ hợp lệ,,5.0
3807,Nhà hẻm ngõ,1.5,83.0,m²,2.0,2.0,2.0,14.0,"Phường An Lộc, Thị xã Bình Long, Bình Phước",Bình Phước,Thị xã Bình Long,Giấy tờ hợp lệ,Nam,6.0
3808,Nhà mặt tiền,3.0,81.6,m²,2.0,1.0,,18.7,"Đường Ngô Quyền, Phường An Lộc, Thị xã Bình Long, Bình Phước",Bình Phước,Thị xã Bình Long,Sổ hồng,Đông,4.4
3809,Nhà hẻm ngõ,0.37,3000.0,m²,2.0,1.0,,100.0,"Xã Minh Hưng, Huyện Chơn Thành, Bình Phước",Bình Phước,Huyện Chơn Thành,Giấy tờ hợp lệ,Đông Nam,30.0
3810,Mặt tiền,3.2,125.0,m²,3.0,3.0,,25.0,"Phường Tiến Hưng, Thị Xã Đồng Xoài, Bình Phước",Bình Phước,Thị Xã Đồng Xoài,Giấy tờ hợp lệ,,5.0
3811,Nhà hẻm ngõ,1.5,83.0,m²,2.0,2.0,2.0,14.0,"Phường An Lộc, Thị xã Bình Long, Bình Phước",Bình Phước,Thị xã Bình Long,Giấy tờ hợp lệ,Nam,6.0
3812,Nhà mặt tiền,3.0,81.6,m²,2.0,1.0,,18.7,"Đường Ngô Quyền, Phường An Lộc, Thị xã Bình Long, Bình Phước",Bình Phước,Thị xã Bình Long,Sổ hồng,Đông,4.4
3813,Nhà hẻm ngõ,0.37,3000.0,m²,2.0,1.0,,100.0,"Xã Minh Hưng, Huyện Chơn Thành, Bình Phước",Bình Phước,Huyện Chơn Thành,Giấy tờ hợp lệ,Đông Nam,30.0
3814,Mặt tiền,3.2,125.0,m²,3.0,3.0,,25.0,"Phường Tiến Hưng, Thị Xã Đồng Xoài, Bình Phước",Bình Phước,Thị Xã Đồng Xoài,Giấy tờ hợp lệ,,5.0
3815,Nhà hẻm ngõ,1.5,83.0,m²,2.0,2.0,2.0,14.0,"Phường An Lộc, Thị xã Bình Long, Bình Phước",Bình Phước,Thị xã Bình Long,Giấy tờ hợp lệ,Nam,6.0
3816,Nhà mặt tiền,3.0,81.6,m²,2.0,1.0,,18.7,"Đường Ngô Quyền, Phường An Lộc, Thị xã Bình Long, Bình Phước",Bình Phước,Thị xã Bình Long,Sổ hồng,Đông,4.4
3817,Nhà hẻm ngõ,0.37,3000.0,m²,2.0,1.0,,100.0,"Xã Minh Hưng, Huyện Chơn Thành, Bình Phước",Bình Phước,Huyện Chơn Thành,Giấy tờ hợp lệ,Đông Nam,30.0
3818,Mặt tiền,3.2,125.0,m²,3.0,3.0,,25.0,"Phường Tiến Hưng, Thị Xã Đồng Xoài, Bình Phước",Bình Phước,Thị Xã Đồng Xoài,Giấy tờ hợp lệ,,5.0
3819,Nhà hẻm ngõ,1.5,83.0,m²,2.0,2.0,2.0,14.0,"Phường An Lộc, Thị xã Bình Long, Bình Phước",Bình Phước,Thị xã Bình Long,Giấy tờ hợp lệ,Nam,6.0
3820,Nhà mặt tiền,3.0,81.6,m²,2.0,1.0,,18.7,"Đường Ngô Quyền, Phường An Lộc, Thị xã Bình Long, Bình Phước",Bình Phước,Thị xã Bình Long,Sổ hồng,Đông,4.4
3821,Nhà hẻm ngõ,0.37,3000.0,m²,2.0,1.0,,100.0,"Xã Minh Hưng, Huyện Chơn Thành, Bình Phước",Bình Phước,Huyện Chơn Thành,Giấy tờ hợp lệ,Đông Nam,30.0
3822,Mặt tiền,3.2,125.0,m²,3.0,3.0,,25.0,"Phường Tiến Hưng, Thị Xã Đồng Xoài, Bình Phước",Bình Phước,Thị Xã Đồng Xoài,Giấy tờ hợp lệ,,5.0
3823,Nhà hẻm ngõ,1.5,83.0,m²,2.0,2.0,2.0,14.0,"Phường An Lộc, Thị xã Bình Long, Bình Phước",Bình Phước,Thị xã Bình Long,Giấy tờ hợp lệ,Nam,6.0
3824,Nhà mặt tiền,3.0,81.6,m²,2.0,1.0,,18.7,"Đường Ngô Quyền, Phường An Lộc, Thị xã Bình Long, Bình Phước",Bình Phước,Thị xã Bình Long,Sổ hồng,Đông,4.4
3825,Nhà hẻm ngõ,0.37,3000.0,m²,2.0,1.0,,100.0,"Xã Minh Hưng, Huyện Chơn Thành, Bình Phước",Bình Phước,Huyện Chơn Thành,Giấy tờ hợp lệ,Đông Nam,30.0
3826,Mặt tiền,3.2,125.0,m²,3.0,3.0,,25.0,"Phường Tiến Hưng, Thị Xã Đồng Xoài, Bình Phước",Bình Phước,Thị Xã Đồng Xoài,Giấy tờ hợp lệ,,5.0
3827,Nhà hẻm ngõ,1.5,83.0,m²,2.0,2.0,2.0,14.0,"Phường An Lộc, Thị xã Bình Long, Bình Phước",Bình Phước,Thị xã Bình Long,Giấy tờ hợp lệ,Nam,6.0
3828,Nhà mặt tiền,3.0,81.6,m²,2.0,1.0,,18.7,"Đường Ngô Quyền, Phường An Lộc, Thị xã Bình Long, Bình Phước",Bình Phước,Thị xã Bình Long,Sổ hồng,Đông,4.4
3829,Nhà hẻm ngõ,0.37,3000.0,m²,2.0,1.0,,100.0,"Xã Minh Hưng, Huyện Chơn Thành, Bình Phước",Bình Phước,Huyện Chơn Thành,Giấy tờ hợp lệ,Đông Nam,30.0
3830,Mặt tiền,3.2,125.0,m²,3.0,3.0,,25.0,"Phường Tiến Hưng, Thị Xã Đồng Xoài, Bình Phước",Bình Phước,Thị Xã Đồng Xoài,Giấy tờ hợp lệ,,5.0
3831,Nhà hẻm ngõ,1.5,83.0,m²,2.0,2.0,2.0,14.0,"Phường An Lộc, Thị xã Bình Long, Bình Phước",Bình Phước,Thị xã Bình Long,Giấy tờ hợp lệ,Nam,6.0
3832,Nhà mặt tiền,3.0,81.6,m²,2.0,1.0,,18.7,"Đường Ngô Quyền, Phường An Lộc, Thị xã Bình Long, Bình Phước",Bình Phước,Thị xã Bình Long,Sổ hồng,Đông,4.4
3833,Nhà hẻm ngõ,0.37,3000.0,m²,2.0,1.0,,100.0,"Xã Minh Hưng, Huyện Chơn Thành, Bình Phước",Bình Phước,Huyện Chơn Thành,Giấy tờ hợp lệ,Đông Nam,30.0
3834,Mặt tiền,3.2,125.0,m²,3.0,3.0,,25.0,"Phường Tiến Hưng, Thị Xã Đồng Xoài, Bình Phước",Bình Phước,Thị Xã Đồng Xoài,Giấy tờ hợp lệ,,5.0
3835,Nhà hẻm ngõ,1.5,83.0,m²,2.0,2.0,2.0,14.0,"Phường An Lộc, Thị xã Bình Long, Bình Phước",Bình Phước,Thị xã Bình Long,Giấy tờ hợp lệ,Nam,6.0
3836,Nhà mặt tiền,3.0,81.6,m²,2.0,1.0,,18.7,"Đường Ngô Quyền, Phường An Lộc, Thị xã Bình Long, Bình Phước",Bình Phước,Thị xã Bình Long,Sổ hồng,Đông,4.4
3837,Nhà hẻm ngõ,0.37,3000.0,m²,2.0,1.0,,100.0,"Xã Minh Hưng, Huyện Chơn Thành, Bình Phước",Bình Phước,Huyện Chơn Thành,Giấy tờ hợp lệ,Đông Nam,30.0
3838,Mặt tiền,3.2,125.0,m²,3.0,3.0,,25.0,"Phường Tiến Hưng, Thị Xã Đồng Xoài, Bình Phước",Bình Phước,Thị Xã Đồng Xoài,Giấy tờ hợp lệ,,5.0
3839,Nhà hẻm ngõ,1.5,83.0,m²,2.0,2.0,2.0,14.0,"Phường An Lộc, Thị xã Bình Long, Bình Phước",Bình Phước,Thị xã Bình Long,Giấy tờ hợp lệ,Nam,6.0
3840,Nhà mặt tiền,3.0,81.6,m²,2.0,1.0,,18.7,"Đường Ngô Quyền, Phường An Lộc, Thị xã Bình Long, Bình Phước",Bình Phước,Thị xã Bình Long,Sổ hồng,Đông,4.4
3841,Nhà hẻm ngõ,0.37,3000.0,m²,2.0,1.0,,100.0,"Xã Minh Hưng, Huyện Chơn Thành, Bình Phước",Bình Phước,Huyện Chơn Thành,Giấy tờ hợp lệ,Đông Nam,30.0
3842,Mặt tiền,3.2,125.0,m²,3.0,3.0,,25.0,"Phường Tiến Hưng, Thị Xã Đồng Xoài, Bình Phước",Bình Phước,Thị Xã Đồng Xoài,Giấy tờ hợp lệ,,5.0
3843,Nhà hẻm ngõ,1.5,83.0,m²,2.0,2.0,2.0,14.0,"Phường An Lộc, Thị xã Bình Long, Bình Phước",Bình Phước,Thị xã Bình Long,Giấy tờ hợp lệ,Nam,6.0
3844,Nhà mặt tiền,3.0,81.6,m²,2.0,1.0,,18.7,"Đường Ngô Quyền, Phường An Lộc, Thị xã Bình Long, Bình Phước",Bình Phước,Thị xã Bình Long,Sổ hồng,Đông,4.4
3845,Nhà hẻm ngõ,0.37,3000.0,m²,2.0,1.0,,100.0,"Xã Minh Hưng, Huyện Chơn Thành, Bình Phước",Bình Phước,Huyện Chơn Thành,Giấy tờ hợp lệ,Đông Nam,30.0
3846,Mặt tiền,3.2,125.0,m²,3.0,3.0,,25.0,"Phường Tiến Hưng, Thị Xã Đồng Xoài, Bình Phước",Bình Phước,Thị Xã Đồng Xoài,Giấy tờ hợp lệ,,5.0
3847,Nhà hẻm ngõ,1.5,83.0,m²,2.0,2.0,2.0,14.0,"Phường An Lộc, Thị xã Bình Long, Bình Phước",Bình Phước,Thị xã Bình Long,Giấy tờ hợp lệ,Nam,6.0
3848,Nhà mặt tiền,3.0,81.6,m²,2.0,1.0,,18.7,"Đường Ngô Quyền, Phường An Lộc, Thị xã Bình Long, Bình Phước",Bình Phước,Thị xã Bình Long,Sổ hồng,Đông,4.4
3849,Nhà hẻm ngõ,0.37,3000.0,m²,2.0,1.0,,100.0,"Xã Minh Hưng, Huyện Chơn Thành, Bình Phước",Bình Phước,Huyện Chơn Thành,Giấy tờ hợp lệ,Đông Nam,30.0
3850,Mặt tiền,3.2,125.0,m²,3.0,3.0,,25.0,"Phường Tiến Hưng, Thị Xã Đồng Xoài, Bình Phước",Bình Phước,Thị Xã Đồng Xoài,Giấy tờ hợp lệ,,5.0
3851,Nhà hẻm ngõ,1.5,83.0,m²,2.0,2.0,2.0,14.0,"Phường An Lộc, Thị xã Bình Long, Bình Phước",Bình Phước,Thị xã Bình Long,Giấy tờ hợp lệ,Nam,6.0
3852,Nhà mặt tiền,3.0,81.6,m²,2.0,1.0,,18.7,"Đường Ngô Quyền, Phường An Lộc, Thị xã Bình Long, Bình Phước",Bình Phước,Thị xã Bình Long,Sổ hồng,Đông,4.4
3853,Nhà hẻm ngõ,0.37,3000.0,m²,2.0,1.0,,100.0,"Xã Minh Hưng, Huyện Chơn Thành, Bình Phước",Bình Phước,Huyện Chơn Thành,Giấy tờ hợp lệ,Đông Nam,30.0
3854,Mặt tiền,3.2,125.0,m²,3.0,3.0,,25.0,"Phường Tiến Hưng, Thị Xã Đồng Xoài, Bình Phước",Bình Phước,Thị Xã Đồng Xoài,Giấy tờ hợp lệ,,5.0
3855,Nhà hẻm ngõ,1.5,83.0,m²,2.0,2.0,2.0,14.0,"Phường An Lộc, Thị xã Bình Long, Bình Phước",Bình Phước,Thị xã Bình Long,Giấy tờ hợp lệ,Nam,6.0
3856,Nhà mặt tiền,3.0,81.6,m²,2.0,1.0,,18.7,"Đường Ngô Quyền, Phường An Lộc, Thị xã Bình Long, Bình Phước",Bình Phước,Thị xã Bình Long,Sổ hồng,Đông,4.4
3857,Nhà hẻm ngõ,0.37,3000.0,m²,2.0,1.0,,100.0,"Xã Minh Hưng, Huyện Chơn Thành, Bình Phước",Bình Phước,Huyện Chơn Thành,Giấy tờ hợp lệ,Đông Nam,30.0
3858,Mặt tiền,3.2,125.0,m²,3.0,3.0,,25.0,"Phường Tiến Hưng, Thị Xã Đồng Xoài, Bình Phước",Bình Phước,Thị Xã Đồng Xoài,Giấy tờ hợp lệ,,5.0
3859,Nhà hẻm ngõ,1.5,83.0,m²,2.0,2.0,2.0,14.0,"Phường An Lộc, Thị xã Bình Long, Bình Phước",Bình Phước,Thị xã Bình Long,Giấy tờ hợp lệ,Nam,6.0
3860,Nhà mặt tiền,3.0,81.6,m²,2.0,1.0,,18.7,"Đường Ngô Quyền, Phường An Lộc, Thị xã Bình Long, Bình Phước",Bình Phước,Thị xã Bình Long,Sổ hồng,Đông,4.4
3861,Nhà hẻm ngõ,0.37,3000.0,m²,2.0,1.0,,100.0,"Xã Minh Hưng, Huyện Chơn Thành, Bình Phước",Bình Phước,Huyện Chơn Thành,Giấy tờ hợp lệ,Đông Nam,30.0
3862,Mặt tiền,3.2,125.0,m²,3.0,3.0,,25.0,"Phường Tiến Hưng, Thị Xã Đồng Xoài, Bình Phước",Bình Phước,Thị Xã Đồng Xoài,Giấy tờ hợp lệ,,5.0
3863,Nhà hẻm ngõ,1.5,83.0,m²,2.0,2.0,2.0,14.0,"Phường An Lộc, Thị xã Bình Long, Bình Phước",Bình Phước,Thị xã Bình Long,Giấy tờ hợp lệ,Nam,6.0
3864,Nhà mặt tiền,3.0,81.6,m²,2.0,1.0,,18.7,"Đường Ngô Quyền, Phường An Lộc, Thị xã Bình Long, Bình Phước",Bình Phước,Thị xã Bình Long,Sổ hồng,Đông,4.4
3865,Nhà hẻm ngõ,0.37,3000.0,m²,2.0,1.0,,100.0,"Xã Minh Hưng, Huyện Chơn Thành, Bình Phước",Bình Phước,Huyện Chơn Thành,Giấy tờ hợp lệ,Đông Nam,30.0
3866,Mặt tiền,3.2,125.0,m²,3.0,3.0,,25.0,"Phường Tiến Hưng, Thị Xã Đồng Xoài, Bình Phước",Bình Phước,Thị Xã Đồng Xoài,Giấy tờ hợp lệ,,5.0
3867,Nhà hẻm ngõ,1.5,83.0,m²,2.0,2.0,2.0,14.0,"Phường An Lộc, Thị xã Bình Long, Bình Phước",Bình Phước,Thị xã Bình Long,Giấy tờ hợp lệ,Nam,6.0
3868,Nhà mặt tiền,3.0,81.6,m²,2.0,1.0,,18.7,"Đường Ngô Quyền, Phường An Lộc, Thị xã Bình Long, Bình Phước",Bình Phước,Thị xã Bình Long,Sổ hồng,Đông,4.4
3869,Nhà hẻm ngõ,0.37,3000.0,m²,2.0,1.0,,100.0,"Xã Minh Hưng, Huyện Chơn Thành, Bình Phước",Bình Phước,Huyện Chơn Thành,Giấy tờ hợp lệ,Đông Nam,30.0
3870,Mặt tiền,3.2,125.0,m²,3.0,3.0,,25.0,"Phường Tiến Hưng, Thị Xã Đồng Xoài, Bình Phước",Bình Phước,Thị Xã Đồng Xoài,Giấy tờ hợp lệ,,5.0
3871,Nhà hẻm ngõ,1.5,83.0,m²,2.0,2.0,2.0,14.0,"Phường An Lộc, Thị xã Bình Long, Bình Phước",Bình Phước,Thị xã Bình Long,Giấy tờ hợp lệ,Nam,6.0
3872,Nhà mặt tiền,3.0,81.6,m²,2.0,1.0,,18.7,"Đường Ngô Quyền, Phường An Lộc, Thị xã Bình Long, Bình Phước",Bình Phước,Thị xã Bình Long,Sổ hồng,Đông,4.4
3873,Nhà hẻm ngõ,0.37,3000.0,m²,2.0,1.0,,100.0,"Xã Minh Hưng, Huyện Chơn Thành, Bình Phước",Bình Phước,Huyện Chơn Thành,Giấy tờ hợp lệ,Đông Nam,30.0
3874,Mặt tiền,3.2,125.0,m²,3.0,3.0,,25.0,"Phường Tiến Hưng, Thị Xã Đồng Xoài, Bình Phước",Bình Phước,Thị Xã Đồng Xoài,Giấy tờ hợp lệ,,5.0
3875,Nhà hẻm ngõ,1.5,83.0,m²,2.0,2.0,2.0,14.0,"Phường An Lộc, Thị xã Bình Long, Bình Phước",Bình Phước,Thị xã Bình Long,Giấy tờ hợp lệ,Nam,6.0
3876,Nhà mặt tiền,3.0,81.6,m²,2.0,1.0,,18.7,"Đường Ngô Quyền, Phường An Lộc, Thị xã Bình Long, Bình Phước",Bình Phước,Thị xã Bình Long,Sổ hồng,Đông,4.4
3877,Nhà hẻm ngõ,0.37,3000.0,m²,2.0,1.0,,100.0,"Xã Minh Hưng, Huyện Chơn Thành, Bình Phước",Bình Phước,Huyện Chơn Thành,Giấy tờ hợp lệ,Đông Nam,30.0
3878,Mặt tiền,3.2,125.0,m²,3.0,3.0,,25.0,"Phường Tiến Hưng, Thị Xã Đồng Xoài, Bình Phước",Bình Phước,Thị Xã Đồng Xoài,Giấy tờ hợp lệ,,5.0
3879,Nhà hẻm ngõ,1.5,83.0,m²,2.0,2.0,2.0,14.0,"Phường An Lộc, Thị xã Bình Long, Bình Phước",Bình Phước,Thị xã Bình Long,Giấy tờ hợp lệ,Nam,6.0
3880,Nhà mặt tiền,3.0,81.6,m²,2.0,1.0,,18.7,"Đường Ngô Quyền, Phường An Lộc, Thị xã Bình Long, Bình Phước",Bình Phước,Thị xã Bình Long,Sổ hồng,Đông,4.4
3881,Nhà hẻm ngõ,0.37,3000.0,m²,2.0,1.0,,100.0,"Xã Minh Hưng, Huyện Chơn Thành, Bình Phước",Bình Phước,Huyện Chơn Thành,Giấy tờ hợp lệ,Đông Nam,30.0
3882,Mặt tiền,3.2,125.0,m²,3.0,3.0,,25.0,"Phường Tiến Hưng, Thị Xã Đồng Xoài, Bình Phước",Bình Phước,Thị Xã Đồng Xoài,Giấy tờ hợp lệ,,5.0
3883,Nhà hẻm ngõ,1.5,83.0,m²,2.0,2.0,2.0,14.0,"Phường An Lộc, Thị xã Bình Long, Bình Phước",Bình Phước,Thị xã Bình Long,Giấy tờ hợp lệ,Nam,6.0
3884,Nhà mặt tiền,3.0,81.6,m²,2.0,1.0,,18.7,"Đường Ngô Quyền, Phường An Lộc, Thị xã Bình Long, Bình Phước",Bình Phước,Thị xã Bình Long,Sổ hồng,Đông,4.4
3885,Nhà hẻm ngõ,0.37,3000.0,m²,2.0,1.0,,100.0,"Xã Minh Hưng, Huyện Chơn Thành, Bình Phước",Bình Phước,Huyện Chơn Thành,Giấy tờ hợp lệ,Đông Nam,30.0
3886,Mặt tiền,3.2,125.0,m²,3.0,3.0,,25.0,"Phường Tiến Hưng, Thị Xã Đồng Xoài, Bình Phước",Bình Phước,Thị Xã Đồng Xoài,Giấy tờ hợp lệ,,5.0
3887,Nhà hẻm ngõ,1.5,83.0,m²,2.0,2.0,2.0,14.0,"Phường An Lộc, Thị xã Bình Long, Bình Phước",Bình Phước,Thị xã Bình Long,Giấy tờ hợp lệ,Nam,6.0
3888,Nhà mặt tiền,3.0,81.6,m²,2.0,1.0,,18.7,"Đường Ngô Quyền, Phường An Lộc, Thị xã Bình Long, Bình Phước",Bình Phước,Thị xã Bình Long,Sổ hồng,Đông,4.4
3889,Nhà hẻm ngõ,0.37,3000.0,m²,2.0,1.0,,100.0,"Xã Minh Hưng, Huyện Chơn Thành, Bình Phước",Bình Phước,Huyện Chơn Thành,Giấy tờ hợp lệ,Đông Nam,30.0
3890,Mặt tiền,3.2,125.0,m²,3.0,3.0,,25.0,"Phường Tiến Hưng, Thị Xã Đồng Xoài, Bình Phước",Bình Phước,Thị Xã Đồng Xoài,Giấy tờ hợp lệ,,5.0
3891,Nhà hẻm ngõ,1.5,83.0,m²,2.0,2.0,2.0,14.0,"Phường An Lộc, Thị xã Bình Long, Bình Phước",Bình Phước,Thị xã Bình Long,Giấy tờ hợp lệ,Nam,6.0
3892,Nhà mặt tiền,3.0,81.6,m²,2.0,1.0,,18.7,"Đường Ngô Quyền, Phường An Lộc, Thị xã Bình Long, Bình Phước",Bình Phước,Thị xã Bình Long,Sổ hồng,Đông,4.4
3893,Nhà hẻm ngõ,0.37,3000.0,m²,2.0,1.0,,100.0,"Xã Minh Hưng, Huyện Chơn Thành, Bình Phước",Bình Phước,Huyện Chơn Thành,Giấy tờ hợp lệ,Đông Nam,30.0
3894,Mặt tiền,3.2,125.0,m²,3.0,3.0,,25.0,"Phường Tiến Hưng, Thị Xã Đồng Xoài, Bình Phước",Bình Phước,Thị Xã Đồng Xoài,Giấy tờ hợp lệ,,5.0
3895,Nhà hẻm ngõ,1.5,83.0,m²,2.0,2.0,2.0,14.0,"Phường An Lộc, Thị xã Bình Long, Bình Phước",Bình Phước,Thị xã Bình Long,Giấy tờ hợp lệ,Nam,6.0
3896,Nhà mặt tiền,3.0,81.6,m²,2.0,1.0,,18.7,"Đường Ngô Quyền, Phường An Lộc, Thị xã Bình Long, Bình Phước",Bình Phước,Thị xã Bình Long,Sổ hồng,Đông,4.4
3897,Nhà hẻm ngõ,0.37,3000.0,m²,2.0,1.0,,100.0,"Xã Minh Hưng, Huyện Chơn Thành, Bình Phước",Bình Phước,Huyện Chơn Thành,Giấy tờ hợp lệ,Đông Nam,30.0
3898,Mặt tiền,3.2,125.0,m²,3.0,3.0,,25.0,"Phường Tiến Hưng, Thị Xã Đồng Xoài, Bình Phước",Bình Phước,Thị Xã Đồng Xoài,Giấy tờ hợp lệ,,5.0
3899,Nhà hẻm ngõ,1.5,83.0,m²,2.0,2.0,2.0,14.0,"Phường An Lộc, Thị xã Bình Long, Bình Phước",Bình Phước,Thị xã Bình Long,Giấy tờ hợp lệ,Nam,6.0
3900,Nhà mặt tiền,3.0,81.6,m²,2.0,1.0,,18.7,"Đường Ngô Quyền, Phường An Lộc, Thị xã Bình Long, Bình Phước",Bình Phước,Thị xã Bình Long,Sổ hồng,Đông,4.4
3901,Nhà hẻm ngõ,0.37,3000.0,m²,2.0,1.0,,100.0,"Xã Minh Hưng, Huyện Chơn Thành, Bình Phước",Bình Phước,Huyện Chơn Thành,Giấy tờ hợp lệ,Đông Nam,30.0
3902,Mặt tiền,3.2,125.0,m²,3.0,3.0,,25.0,"Phường Tiến Hưng, Thị Xã Đồng Xoài, Bình Phước",Bình Phước,Thị Xã Đồng Xoài,Giấy tờ hợp lệ,,5.0
3903,Nhà hẻm ngõ,1.5,83.0,m²,2.0,2.0,2.0,14.0,"Phường An Lộc, Thị xã Bình Long, Bình Phước",Bình Phước,Thị xã Bình Long,Giấy tờ hợp lệ,Nam,6.0
3904,Nhà mặt tiền,3.0,81.6,m²,2.0,1.0,,18.7,"Đường Ngô Quyền, Phường An Lộc, Thị xã Bình Long, Bình Phước",Bình Phước,Thị xã Bình Long,Sổ hồng,Đông,4.4
3905,Nhà hẻm ngõ,0.37,3000.0,m²,2.0,1.0,,100.0,"Xã Minh Hưng, Huyện Chơn Thành, Bình Phước",Bình Phước,Huyện Chơn Thành,Giấy tờ hợp lệ,Đông Nam,30.0
3906,Mặt tiền,3.2,125.0,m²,3.0,3.0,,25.0,"Phường Tiến Hưng, Thị Xã Đồng Xoài, Bình Phước",Bình Phước,Thị Xã Đồng Xoài,Giấy tờ hợp lệ,,5.0
3907,Nhà hẻm ngõ,1.5,83.0,m²,2.0,2.0,2.0,14.0,"Phường An Lộc, Thị xã Bình Long, Bình Phước",Bình Phước,Thị xã Bình Long,Giấy tờ hợp lệ,Nam,6.0
3908,Nhà mặt tiền,3.0,81.6,m²,2.0,1.0,,18.7,"Đường Ngô Quyền, Phường An Lộc, Thị xã Bình Long, Bình Phước",Bình Phước,Thị xã Bình Long,Sổ hồng,Đông,4.4
3909,Nhà hẻm ngõ,0.37,3000.0,m²,2.0,1.0,,100.0,"Xã Minh Hưng, Huyện Chơn Thành, Bình Phước",Bình Phước,Huyện Chơn Thành,Giấy tờ hợp lệ,Đông Nam,30.0
3910,Mặt tiền,3.2,125.0,m²,3.0,3.0,,25.0,"Phường Tiến Hưng, Thị Xã Đồng Xoài, Bình Phước",Bình Phước,Thị Xã Đồng Xoài,Giấy tờ hợp lệ,,5.0
3911,Nhà hẻm ngõ,1.5,83.0,m²,2.0,2.0,2.0,14.0,"Phường An Lộc, Thị xã Bình Long, Bình Phước",Bình Phước,Thị xã Bình Long,Giấy tờ hợp lệ,Nam,6.0
3912,Nhà mặt tiền,3.0,81.6,m²,2.0,1.0,,18.7,"Đường Ngô Quyền, Phường An Lộc, Thị xã Bình Long, Bình Phước",Bình Phước,Thị xã Bình Long,Sổ hồng,Đông,4.4
3913,Nhà hẻm ngõ,0.37,3000.0,m²,2.0,1.0,,100.0,"Xã Minh Hưng, Huyện Chơn Thành, Bình Phước",Bình Phước,Huyện Chơn Thành,Giấy tờ hợp lệ,Đông Nam,30.0
3914,Mặt tiền,3.2,125.0,m²,3.0,3.0,,25.0,"Phường Tiến Hưng, Thị Xã Đồng Xoài, Bình Phước",Bình Phước,Thị Xã Đồng Xoài,Giấy tờ hợp lệ,,5.0
3915,Nhà hẻm ngõ,1.5,83.0,m²,2.0,2.0,2.0,14.0,"Phường An Lộc, Thị xã Bình Long, Bình Phước",Bình Phước,Thị xã Bình Long,Giấy tờ hợp lệ,Nam,6.0
3916,Nhà mặt tiền,3.0,81.6,m²,2.0,1.0,,18.7,"Đường Ngô Quyền, Phường An Lộc, Thị xã Bình Long, Bình Phước",Bình Phước,Thị xã Bình Long,Sổ hồng,Đông,4.4
3917,Nhà hẻm ngõ,0.37,3000.0,m²,2.0,1.0,,100.0,"Xã Minh Hưng, Huyện Chơn Thành, Bình Phước",Bình Phước,Huyện Chơn Thành,Giấy tờ hợp lệ,Đông Nam,30.0
3918,Mặt tiền,3.2,125.0,m²,3.0,3.0,,25.0,"Phường Tiến Hưng, Thị Xã Đồng Xoài, Bình Phước",Bình Phước,Thị Xã Đồng Xoài,Giấy tờ hợp lệ,,5.0
3919,Nhà hẻm ngõ,1.5,83.0,m²,2.0,2.0,2.0,14.0,"Phường An Lộc, Thị xã Bình Long, Bình Phước",Bình Phước,Thị xã Bình Long,Giấy tờ hợp lệ,Nam,6.0
3920,Nhà mặt tiền,3.0,81.6,m²,2.0,1.0,,18.7,"Đường Ngô Quyền, Phường An Lộc, Thị xã Bình Long, Bình Phước",Bình Phước,Thị xã Bình Long,Sổ hồng,Đông,4.4
3921,Nhà hẻm ngõ,0.37,3000.0,m²,2.0,1.0,,100.0,"Xã Minh Hưng, Huyện Chơn Thành, Bình Phước",Bình Phước,Huyện Chơn Thành,Giấy tờ hợp lệ,Đông Nam,30.0
3922,Mặt tiền,3.2,125.0,m²,3.0,3.0,,25.0,"Phường Tiến Hưng, Thị Xã Đồng Xoài, Bình Phước",Bình Phước,Thị Xã Đồng Xoài,Giấy tờ hợp lệ,,5.0
3923,Nhà hẻm ngõ,1.5,83.0,m²,2.0,2.0,2.0,14.0,"Phường An Lộc, Thị xã Bình Long, Bình Phước",Bình Phước,Thị xã Bình Long,Giấy tờ hợp lệ,Nam,6.0
3924,Nhà mặt tiền,3.0,81.6,m²,2.0,1.0,,18.7,"Đường Ngô Quyền, Phường An Lộc, Thị xã Bình Long, Bình Phước",Bình Phước,Thị xã Bình Long,Sổ hồng,Đông,4.4
3925,Nhà hẻm ngõ,0.37,3000.0,m²,2.0,1.0,,100.0,"Xã Minh Hưng, Huyện Chơn Thành, Bình Phước",Bình Phước,Huyện Chơn Thành,Giấy tờ hợp lệ,Đông Nam,30.0
3926,Mặt tiền,3.2,125.0,m²,3.0,3.0,,25.0,"Phường Tiến Hưng, Thị Xã Đồng Xoài, Bình Phước",Bình Phước,Thị Xã Đồng Xoài,Giấy tờ hợp lệ,,5.0
3927,Nhà hẻm ngõ,1.5,83.0,m²,2.0,2.0,2.0,14.0,"Phường An Lộc, Thị xã Bình Long, Bình Phước",Bình Phước,Thị xã Bình Long,Giấy tờ hợp lệ,Nam,6.0
3928,Nhà mặt tiền,3.0,81.6,m²,2.0,1.0,,18.7,"Đường Ngô Quyền, Phường An Lộc, Thị xã Bình Long, Bình Phước",Bình Phước,Thị xã Bình Long,Sổ hồng,Đông,4.4
3929,Nhà hẻm ngõ,0.37,3000.0,m²,2.0,1.0,,100.0,"Xã Minh Hưng, Huyện Chơn Thành, Bình Phước",Bình Phước,Huyện Chơn Thành,Giấy tờ hợp lệ,Đông Nam,30.0
3930,Mặt tiền,3.2,125.0,m²,3.0,3.0,,25.0,"Phường Tiến Hưng, Thị Xã Đồng Xoài, Bình Phước",Bình Phước,Thị Xã Đồng Xoài,Giấy tờ hợp lệ,,5.0
3931,Nhà hẻm ngõ,1.5,83.0,m²,2.0,2.0,2.0,14.0,"Phường An Lộc, Thị xã Bình Long, Bình Phước",Bình Phước,Thị xã Bình Long,Giấy tờ hợp lệ,Nam,6.0
3932,Nhà mặt tiền,3.0,81.6,m²,2.0,1.0,,18.7,"Đường Ngô Quyền, Phường An Lộc, Thị xã Bình Long, Bình Phước",Bình Phước,Thị xã Bình Long,Sổ hồng,Đông,4.4
3933,Nhà hẻm ngõ,0.37,3000.0,m²,2.0,1.0,,100.0,"Xã Minh Hưng, Huyện Chơn Thành, Bình Phước",Bình Phước,Huyện Chơn Thành,Giấy tờ hợp lệ,Đông Nam,30.0
3934,Mặt tiền,3.2,125.0,m²,3.0,3.0,,25.0,"Phường Tiến Hưng, Thị Xã Đồng Xoài, Bình Phước",Bình Phước,Thị Xã Đồng Xoài,Giấy tờ hợp lệ,,5.0
3935,Nhà hẻm ngõ,1.5,83.0,m²,2.0,2.0,2.0,14.0,"Phường An Lộc, Thị xã Bình Long, Bình Phước",Bình Phước,Thị xã Bình Long,Giấy tờ hợp lệ,Nam,6.0
3936,Nhà mặt tiền,3.0,81.6,m²,2.0,1.0,,18.7,"Đường Ngô Quyền, Phường An Lộc, Thị xã Bình Long, Bình Phước",Bình Phước,Thị xã Bình Long,Sổ hồng,Đông,4.4
3937,Nhà hẻm ngõ,0.37,3000.0,m²,2.0,1.0,,100.0,"Xã Minh Hưng, Huyện Chơn Thành, Bình Phước",Bình Phước,Huyện Chơn Thành,Giấy tờ hợp lệ,Đông Nam,30.0
3938,Mặt tiền,3.2,125.0,m²,3.0,3.0,,25.0,"Phường Tiến Hưng, Thị Xã Đồng Xoài, Bình Phước",Bình Phước,Thị Xã Đồng Xoài,Giấy tờ hợp lệ,,5.0
3939,Nhà hẻm ngõ,1.5,83.0,m²,2.0,2.0,2.0,14.0,"Phường An Lộc, Thị xã Bình Long, Bình Phước",Bình Phước,Thị xã Bình Long,Giấy tờ hợp lệ,Nam,6.0
3940,Nhà mặt tiền,3.0,81.6,m²,2.0,1.0,,18.7,"Đường Ngô Quyền, Phường An Lộc, Thị xã Bình Long, Bình Phước",Bình Phước,Thị xã Bình Long,Sổ hồng,Đông,4.4
3941,Nhà hẻm ngõ,0.37,3000.0,m²,2.0,1.0,,100.0,"Xã Minh Hưng, Huyện Chơn Thành, Bình Phước",Bình Phước,Huyện Chơn Thành,Giấy tờ hợp lệ,Đông Nam,30.0
3942,Mặt tiền,3.2,125.0,m²,3.0,3.0,,25.0,"Phường Tiến Hưng, Thị Xã Đồng Xoài, Bình Phước",Bình Phước,Thị Xã Đồng Xoài,Giấy tờ hợp lệ,,5.0
3943,Nhà hẻm ngõ,1.5,83.0,m²,2.0,2.0,2.0,14.0,"Phường An Lộc, Thị xã Bình Long, Bình Phước",Bình Phước,Thị xã Bình Long,Giấy tờ hợp lệ,Nam,6.0
3944,Nhà mặt tiền,3.0,81.6,m²,2.0,1.0,,18.7,"Đường Ngô Quyền, Phường An Lộc, Thị xã Bình Long, Bình Phước",Bình Phước,Thị xã Bình Long,Sổ hồng,Đông,4.4
3945,Nhà hẻm ngõ,0.37,3000.0,m²,2.0,1.0,,100.0,"Xã Minh Hưng, Huyện Chơn Thành, Bình Phước",Bình Phước,Huyện Chơn Thành,Giấy tờ hợp lệ,Đông Nam,30.0
3946,Mặt tiền,3.2,125.0,m²,3.0,3.0,,25.0,"Phường Tiến Hưng, Thị Xã Đồng Xoài, Bình Phước",Bình Phước,Thị Xã Đồng Xoài,Giấy tờ hợp lệ,,5.0
3947,Nhà hẻm ngõ,1.5,83.0,m²,2.0,2.0,2.0,14.0,"Phường An Lộc, Thị xã Bình Long, Bình Phước",Bình Phước,Thị xã Bình Long,Giấy tờ hợp lệ,Nam,6.0
3948,Nhà mặt tiền,3.0,81.6,m²,2.0,1.0,,18.7,"Đường Ngô Quyền, Phường An Lộc, Thị xã Bình Long, Bình Phước",Bình Phước,Thị xã Bình Long,Sổ hồng,Đông,4.4
3949,Nhà hẻm ngõ,0.37,3000.0,m²,2.0,1.0,,100.0,"Xã Minh Hưng, Huyện Chơn Thành, Bình Phước",Bình Phước,Huyện Chơn Thành,Giấy tờ hợp lệ,Đông Nam,30.0
3950,Mặt tiền,3.2,125.0,m²,3.0,3.0,,25.0,"Phường Tiến Hưng, Thị Xã Đồng Xoài, Bình Phước",Bình Phước,Thị Xã Đồng Xoài,Giấy tờ hợp lệ,,5.0
3951,Nhà hẻm ngõ,1.5,83.0,m²,2.0,2.0,2.0,14.0,"Phường An Lộc, Thị xã Bình Long, Bình Phước",Bình Phước,Thị xã Bình Long,Giấy tờ hợp lệ,Nam,6.0
3952,Nhà mặt tiền,3.0,81.6,m²,2.0,1.0,,18.7,"Đường Ngô Quyền, Phường An Lộc, Thị xã Bình Long, Bình Phước",Bình Phước,Thị xã Bình Long,Sổ hồng,Đông,4.4
3953,Nhà hẻm ngõ,0.37,3000.0,m²,2.0,1.0,,100.0,"Xã Minh Hưng, Huyện Chơn Thành, Bình Phước",Bình Phước,Huyện Chơn Thành,Giấy tờ hợp lệ,Đông Nam,30.0
3954,Mặt tiền,3.2,125.0,m²,3.0,3.0,,25.0,"Phường Tiến Hưng, Thị Xã Đồng Xoài, Bình Phước",Bình Phước,Thị Xã Đồng Xoài,Giấy tờ hợp lệ,,5.0
3955,Nhà hẻm ngõ,1.5,83.0,m²,2.0,2.0,2.0,14.0,"Phường An Lộc, Thị xã Bình Long, Bình Phước",Bình Phước,Thị xã Bình Long,Giấy tờ hợp lệ,Nam,6.0
3956,Nhà mặt tiền,3.0,81.6,m²,2.0,1.0,,18.7,"Đường Ngô Quyền, Phường An Lộc, Thị xã Bình Long, Bình Phước",Bình Phước,Thị xã Bình Long,Sổ hồng,Đông,4.4
3957,Nhà hẻm ngõ,0.37,3000.0,m²,2.0,1.0,,100.0,"Xã Minh Hưng, Huyện Chơn Thành, Bình Phước",Bình Phước,Huyện Chơn Thành,Giấy tờ hợp lệ,Đông Nam,30.0
3958,Mặt tiền,3.2,125.0,m²,3.0,3.0,,25.0,"Phường Tiến Hưng, Thị Xã Đồng Xoài, Bình Phước",Bình Phước,Thị Xã Đồng Xoài,Giấy tờ hợp lệ,,5.0
3959,Nhà hẻm ngõ,1.5,83.0,m²,2.0,2.0,2.0,14.0,"Phường An Lộc, Thị xã Bình Long, Bình Phước",Bình Phước,Thị xã Bình Long,Giấy tờ hợp lệ,Nam,6.0
3960,Nhà mặt tiền,3.0,81.6,m²,2.0,1.0,,18.7,"Đường Ngô Quyền, Phường An Lộc, Thị xã Bình Long, Bình Phước",Bình Phước,Thị xã Bình Long,Sổ hồng,Đông,4.4
3961,Nhà hẻm ngõ,0.37,3000.0,m²,2.0,1.0,,100.0,"Xã Minh Hưng, Huyện Chơn Thành, Bình Phước",Bình Phước,Huyện Chơn Thành,Giấy tờ hợp lệ,Đông Nam,30.0
3962,Mặt tiền,3.2,125.0,m²,3.0,3.0,,25.0,"Phường Tiến Hưng, Thị Xã Đồng Xoài, Bình Phước",Bình Phước,Thị Xã Đồng Xoài,Giấy tờ hợp lệ,,5.0
3963,Nhà hẻm ngõ,1.5,83.0,m²,2.0,2.0,2.0,14.0,"Phường An Lộc, Thị xã Bình Long, Bình Phước",Bình Phước,Thị xã Bình Long,Giấy tờ hợp lệ,Nam,6.0
3964,Nhà mặt tiền,3.0,81.6,m²,2.0,1.0,,18.7,"Đường Ngô Quyền, Phường An Lộc, Thị xã Bình Long, Bình Phước",Bình Phước,Thị xã Bình Long,Sổ hồng,Đông,4.4
3965,Nhà hẻm ngõ,0.37,3000.0,m²,2.0,1.0,,100.0,"Xã Minh Hưng, Huyện Chơn Thành, Bình Phước",Bình Phước,Huyện Chơn Thành,Giấy tờ hợp lệ,Đông Nam,30.0
3966,Mặt tiền,3.2,125.0,m²,3.0,3.0,,25.0,"Phường Tiến Hưng, Thị Xã Đồng Xoài, Bình Phước",Bình Phước,Thị Xã Đồng Xoài,Giấy tờ hợp lệ,,5.0
3967,Nhà hẻm ngõ,1.5,83.0,m²,2.0,2.0,2.0,14.0,"Phường An Lộc, Thị xã Bình Long, Bình Phước",Bình Phước,Thị xã Bình Long,Giấy tờ hợp lệ,Nam,6.0
3968,Nhà mặt tiền,3.0,81.6,m²,2.0,1.0,,18.7,"Đường Ngô Quyền, Phường An Lộc, Thị xã Bình Long, Bình Phước",Bình Phước,Thị xã Bình Long,Sổ hồng,Đông,4.4
3969,Nhà hẻm ngõ,0.37,3000.0,m²,2.0,1.0,,100.0,"Xã Minh Hưng, Huyện Chơn Thành, Bình Phước",Bình Phước,Huyện Chơn Thành,Giấy tờ hợp lệ,Đông Nam,30.0
3970,Mặt tiền,3.2,125.0,m²,3.0,3.0,,25.0,"Phường Tiến Hưng, Thị Xã Đồng Xoài, Bình Phước",Bình Phước,Thị Xã Đồng Xoài,Giấy tờ hợp lệ,,5.0
3971,Nhà hẻm ngõ,1.5,83.0,m²,2.0,2.0,2.0,14.0,"Phường An Lộc, Thị xã Bình Long, Bình Phước",Bình Phước,Thị xã Bình Long,Giấy tờ hợp lệ,Nam,6.0
3972,Nhà mặt tiền,3.0,81.6,m²,2.0,1.0,,18.7,"Đường Ngô Quyền, Phường An Lộc, Thị xã Bình Long, Bình Phước",Bình Phước,Thị xã Bình Long,Sổ hồng,Đông,4.4
3973,Nhà hẻm ngõ,0.37,3000.0,m²,2.0,1.0,,100.0,"Xã Minh Hưng, Huyện Chơn Thành, Bình Phước",Bình Phước,Huyện Chơn Thành,Giấy tờ hợp lệ,Đông Nam,30.0
3974,Mặt tiền,3.2,125.0,m²,3.0,3.0,,25.0,"Phường Tiến Hưng, Thị Xã Đồng Xoài, Bình Phước",Bình Phước,Thị Xã Đồng Xoài,Giấy tờ hợp lệ,,5.0
3975,Nhà hẻm ngõ,1.5,83.0,m²,2.0,2.0,2.0,14.0,"Phường An Lộc, Thị xã Bình Long, Bình Phước",Bình Phước,Thị xã Bình Long,Giấy tờ hợp lệ,Nam,6.0
3976,Nhà mặt tiền,3.0,81.6,m²,2.0,1.0,,18.7,"Đường Ngô Quyền, Phường An Lộc, Thị xã Bình Long, Bình Phước",Bình Phước,Thị xã Bình Long,Sổ hồng,Đông,4.4
3977,Nhà hẻm ngõ,0.37,3000.0,m²,2.0,1.0,,100.0,"Xã Minh Hưng, Huyện Chơn Thành, Bình Phước",Bình Phước,Huyện Chơn Thành,Giấy tờ hợp lệ,Đông Nam,30.0
3978,Mặt tiền,3.2,125.0,m²,3.0,3.0,,25.0,"Phường Tiến Hưng, Thị Xã Đồng Xoài, Bình Phước",Bình Phước,Thị Xã Đồng Xoài,Giấy tờ hợp lệ,,5.0
3979,Nhà hẻm ngõ,1.5,83.0,m²,2.0,2.0,2.0,14.0,"Phường An Lộc, Thị xã Bình Long, Bình Phước",Bình Phước,Thị xã Bình Long,Giấy tờ hợp lệ,Nam,6.0
3980,Nhà mặt tiền,3.0,81.6,m²,2.0,1.0,,18.7,"Đường Ngô Quyền, Phường An Lộc, Thị xã Bình Long, Bình Phước",Bình Phước,Thị xã Bình Long,Sổ hồng,Đông,4.4
3981,Nhà hẻm ngõ,0.37,3000.0,m²,2.0,1.0,,100.0,"Xã Minh Hưng, Huyện Chơn Thành, Bình Phước",Bình Phước,Huyện Chơn Thành,Giấy tờ hợp lệ,Đông Nam,30.0
3982,Mặt tiền,3.2,125.0,m²,3.0,3.0,,25.0,"Phường Tiến Hưng, Thị Xã Đồng Xoài, Bình Phước",Bình Phước,Thị Xã Đồng Xoài,Giấy tờ hợp lệ,,5.0
3983,Nhà hẻm ngõ,1.5,83.0,m²,2.0,2.0,2.0,14.0,"Phường An Lộc, Thị xã Bình Long, Bình Phước",Bình Phước,Thị xã Bình Long,Giấy tờ hợp lệ,Nam,6.0
3984,Nhà mặt tiền,3.0,81.6,m²,2.0,1.0,,18.7,"Đường Ngô Quyền, Phường An Lộc, Thị xã Bình Long, Bình Phước",Bình Phước,Thị xã Bình Long,Sổ hồng,Đông,4.4
3985,Nhà hẻm ngõ,0.37,3000.0,m²,2.0,1.0,,100.0,"Xã Minh Hưng, Huyện Chơn Thành, Bình Phước",Bình Phước,Huyện Chơn Thành,Giấy tờ hợp lệ,Đông Nam,30.0
3986,Mặt tiền,3.2,125.0,m²,3.0,3.0,,25.0,"Phường Tiến Hưng, Thị Xã Đồng Xoài, Bình Phước",Bình Phước,Thị Xã Đồng Xoài,Giấy tờ hợp lệ,,5.0
3987,Nhà hẻm ngõ,1.5,83.0,m²,2.0,2.0,2.0,14.0,"Phường An Lộc, Thị xã Bình Long, Bình Phước",Bình Phước,Thị xã Bình Long,Giấy tờ hợp lệ,Nam,6.0
3988,Nhà mặt tiền,3.0,81.6,m²,2.0,1.0,,18.7,"Đường Ngô Quyền, Phường An Lộc, Thị xã Bình Long, Bình Phước",Bình Phước,Thị xã Bình Long,Sổ hồng,Đông,4.4
3989,Nhà hẻm ngõ,0.37,3000.0,m²,2.0,1.0,,100.0,"Xã Minh Hưng, Huyện Chơn Thành, Bình Phước",Bình Phước,Huyện Chơn Thành,Giấy tờ hợp lệ,Đông Nam,30.0
3990,Mặt tiền,3.2,125.0,m²,3.0,3.0,,25.0,"Phường Tiến Hưng, Thị Xã Đồng Xoài, Bình Phước",Bình Phước,Thị Xã Đồng Xoài,Giấy tờ hợp lệ,,5.0
3991,Nhà hẻm ngõ,1.5,83.0,m²,2.0,2.0,2.0,14.0,"Phường An Lộc, Thị xã Bình Long, Bình Phước",Bình Phước,Thị xã Bình Long,Giấy tờ hợp lệ,Nam,6.0
3992,Nhà mặt tiền,3.0,81.6,m²,2.0,1.0,,18.7,"Đường Ngô Quyền, Phường An Lộc, Thị xã Bình Long, Bình Phước",Bình Phước,Thị xã Bình Long,Sổ hồng,Đông,4.4
3993,Nhà hẻm ngõ,0.37,3000.0,m²,2.0,1.0,,100.0,"Xã Minh Hưng, Huyện Chơn Thành, Bình Phước",Bình Phước,Huyện Chơn Thành,Giấy tờ hợp lệ,Đông Nam,30.0
3994,Mặt tiền,3.2,125.0,m²,3.0,3.0,,25.0,"Phường Tiến Hưng, Thị Xã Đồng Xoài, Bình Phước",Bình Phước,Thị Xã Đồng Xoài,Giấy tờ hợp lệ,,5.0
3995,Nhà hẻm ngõ,1.5,83.0,m²,2.0,2.0,2.0,14.0,"Phường An Lộc, Thị xã Bình Long, Bình Phước",Bình Phước,Thị xã Bình Long,Giấy tờ hợp lệ,Nam,6.0
3996,Nhà mặt tiền,3.0,81.6,m²,2.0,1.0,,18.7,"Đường Ngô Quyền, Phường An Lộc, Thị xã Bình Long, Bình Phước",Bình Phước,Thị xã Bình Long,Sổ hồng,Đông,4.4
3997,Nhà hẻm ngõ,0.37,3000.0,m²,2.0,1.0,,100.0,"Xã Minh Hưng, Huyện Chơn Thành, Bình Phước",Bình Phước,Huyện Chơn Thành,Giấy tờ hợp lệ,Đông Nam,30.0
3998,Mặt tiền,3.2,125.0,m²,3.0,3.0,,25.0,"Phường Tiến Hưng, Thị Xã Đồng Xoài, Bình Phước",Bình Phước,Thị Xã Đồng Xoài,Giấy tờ hợp lệ,,5.0
3999,Nhà mặt tiền,6.2,200.0,m²,,,,20.0,"Đường khu 7, Xã Tiến Thành, TP. Phan Thiết, Bình Thuận",Bình Thuận,TP. Phan Thiết,Sổ hồng,,10.0
4000,Nhà mặt tiền,2.2,80.0,m²,2.0,1.0,2.0,20.2,"Phường Thanh Hải, TP. Phan Thiết, Bình Thuận",Bình Thuận,TP. Phan Thiết,Giấy tờ hợp lệ,Tây Bắc,4.0
4001,Biệt thự,38.0,7320.0,m²,,,,,"Xã Tân Phước, Thị Xã LaGi, Bình Thuận",Bình Thuận,Thị Xã LaGi,Sổ hồng,,
4002,Nhà mặt tiền,4.8,250.0,m²,4.0,2.0,,36.0,"Phường Phú Thủy, TP. Phan Thiết, Bình Thuận",Bình Thuận,TP. Phan Thiết,Giấy tờ hợp lệ,Đông,7.3
4003,Biệt thự,0.923,56.0,m²,2.0,2.0,1.0,14.0,"Đường DT709, Xã Hàm Mỹ, Huyện Hàm Thuận Nam, Bình Thuận",Bình Thuận,Huyện Hàm Thuận Nam,Sổ hồng,Tây,4.0
4004,Nhà mặt tiền,0.9,78.0,m²,2.0,2.0,1.0,14.0,"Đường DT709, Xã Hàm Mỹ, Huyện Hàm Thuận Nam, Bình Thuận",Bình Thuận,Huyện Hàm Thuận Nam,Sổ hồng,Tây,4.0
4005,Biệt thự,35.0,450.0,m²,5.0,4.0,,37.5,"Đường Lạc Long Quân, Xã Tiến Thành, TP. Phan Thiết, Bình Thuận",Bình Thuận,TP. Phan Thiết,Sổ hồng,,12.0
4006,Nhà mặt tiền,1.25,87.0,m²,2.0,1.0,1.0,18.2,"Thị trấn Đức Tài, Huyện Đức Linh, Bình Thuận",Bình Thuận,Huyện Đức Linh,Giấy tờ hợp lệ,,4.6
4007,Nhà hẻm ngõ,3.5,270.0,m²,2.0,1.0,,20.0,"48, 48, Phường Phước Lộc, Thị Xã LaGi, Bình Thuận",Bình Thuận,Thị Xã LaGi,Sổ hồng,Đông,14.0
4008,Nhà mặt tiền,2.4,186.6,m²,2.0,1.0,1.0,23.0,"Phường Mũi Né, TP. Phan Thiết, Bình Thuận",Bình Thuận,TP. Phan Thiết,Giấy tờ hợp lệ,,7.2
4009,Nhà mặt tiền,2.0,150.0,m²,4.0,2.0,1.0,20.0,"Xã Tiến Thành, TP. Phan Thiết, Bình Thuận",Bình Thuận,TP. Phan Thiết,Giấy tờ hợp lệ,Nam,7.5
4010,Biệt thự,25.0,480.0,m²,8.0,9.0,6.0,10.0,"61, Đường Hòa Bình, Phường Hàm Tiến, TP. Phan Thiết, Bình Thuận",Bình Thuận,TP. Phan Thiết,Sổ hồng,Nam,8.4
4011,Nhà hẻm ngõ,1.89,155.0,m²,2.0,1.0,,25.0,"2/44, Đường Trần Phú, Thị trấn Phan Rí Cửa, Huyện Tuy Phong, Bình Thuận",Bình Thuận,Huyện Tuy Phong,Sổ hồng,,6.0
4012,Nhà hẻm ngõ,2.25,126.0,m²,2.0,2.0,2.0,20.0,"Xã Phong Nẫm, TP. Phan Thiết, Bình Thuận",Bình Thuận,TP. Phan Thiết,Giấy tờ hợp lệ,Tây Bắc,5.0
4013,Nhà mặt tiền,7.9,262.7,m²,3.0,3.0,2.0,,"Phường Phú Trinh, TP. Phan Thiết, Bình Thuận",Bình Thuận,TP. Phan Thiết,Giấy tờ hợp lệ,Nam,
4014,Nhà mặt tiền,1.3,150.0,m²,5.0,1.0,1.0,25.0,"Phường Phú Thủy, TP. Phan Thiết, Bình Thuận",Bình Thuận,TP. Phan Thiết,Giấy tờ hợp lệ,Nam,6.0
4015,Nhà mặt tiền,8.5,262.7,m²,3.0,3.0,2.0,,"Phường Phú Trinh, TP. Phan Thiết, Bình Thuận",Bình Thuận,TP. Phan Thiết,Giấy tờ hợp lệ,Nam,
4016,Nhà mặt tiền,6.5,648.0,m²,2.0,1.0,1.0,32.4,"Xã Tân Thuận, Huyện Hàm Thuận Nam, Bình Thuận",Bình Thuận,Huyện Hàm Thuận Nam,Giấy tờ hợp lệ,,20.0
4017,Nhà hẻm ngõ,29.9,2264.0,m²,17.0,20.0,,60.0,"201/5, Đường Nguyễn Đình Chiểu, Phường Hàm Tiến, TP. Phan Thiết, Bình Thuận",Bình Thuận,TP. Phan Thiết,Sổ đỏ,Nam,40.0
4018,Nhà mặt tiền,3.5,85.0,m²,2.0,2.0,1.0,,"Phường Phú Trinh, TP. Phan Thiết, Bình Thuận",Bình Thuận,TP. Phan Thiết,Giấy tờ hợp lệ,,
4019,Nhà mặt tiền,7.5,108.0,m²,4.0,6.0,3.0,20.0,"TP. Phan Thiết, Bình Thuận",Bình Thuận,TP. Phan Thiết,Hợp đồng mua bán,,5.5
4020,Nhà hẻm ngõ,2.8,140.0,m²,2.0,1.0,,20.0,"Phường Phú Thủy, TP. Phan Thiết, Bình Thuận",Bình Thuận,TP. Phan Thiết,Sổ hồng,Đông Nam,7.0
4021,Biệt thự,19.9,600.0,m²,,,,,"Đường Nguyễn Đình Chiểu, Phường Hàm Tiến, TP. Phan Thiết, Bình Thuận",Bình Thuận,TP. Phan Thiết,Sổ hồng,,
4022,Biệt thự,11.5,400.0,m²,2.0,3.0,,,"Đường Nguyễn Đình Chiểu, Phường Hàm Tiến, TP. Phan Thiết, Bình Thuận",Bình Thuận,TP. Phan Thiết,Sổ hồng,Nam,
4023,Nhà hẻm ngõ,2.0,370.0,m²,2.0,1.0,,46.0,"Đường Lý Thường Kiệt, Phường Tân An, Thị Xã LaGi, Bình Thuận",Bình Thuận,Thị Xã LaGi,Sổ hồng,Tây Bắc,7.8
4024,Nhà hẻm ngõ,1.8,85.1,m²,2.0,2.0,,17.1,"Phường Phước Lộc, Thị Xã LaGi, Bình Thuận",Bình Thuận,Thị Xã LaGi,Giấy tờ hợp lệ,,5.0
4025,Nhà mặt tiền,3.25,85.0,m²,3.0,1.0,1.0,17.0,"Phường Phú Tài, TP. Phan Thiết, Bình Thuận",Bình Thuận,TP. Phan Thiết,Giấy tờ hợp lệ,Nam,5.0
4026,Biệt thự,,56.0,m²,2.0,2.0,1.0,14.0,"Đường ĐT 719B, Xã Hàm Mỹ, Huyện Hàm Thuận Nam, Bình Thuận",Bình Thuận,Huyện Hàm Thuận Nam,Sổ hồng,Tây,4.0
4027,Mặt tiền,0.899,60.0,m²,3.0,2.0,2.0,12.0,"Đường Quốc Lộ 1A, Xã Tiến Thành, TP. Phan Thiết, Bình Thuận",Bình Thuận,TP. Phan Thiết,Sổ hồng,,4.0
4028,Mặt tiền,12.5,270.0,m²,,,,,"Đường Võ Văn Kiệt, Phường Phú Thủy, TP. Phan Thiết, Bình Thuận",Bình Thuận,TP. Phan Thiết,Sổ hồng,,
4029,Mặt tiền,2.8,100.0,m²,1.0,1.0,,20.0,"Đường Nguyễn Thái Học, Phường Tân An, Thị Xã LaGi, Bình Thuận",Bình Thuận,Thị Xã LaGi,Sổ hồng,Đông Nam,5.0
4030,Nhà mặt tiền,18.0,168.0,m²,1.0,,,17.1,"Phường 5, TP. Cà Mau, Cà Mau",Cà Mau,TP. Cà Mau,Giấy tờ hợp lệ,,9.8
4031,Nhà mặt tiền,2.1,1116.0,m²,2.0,2.0,1.0,124.0,"Phường Tân Thành, TP. Cà Mau, Cà Mau",Cà Mau,TP. Cà Mau,Giấy tờ hợp lệ,Tây Nam,9.0
4032,Nhà mặt tiền,2.9,639.0,m²,7.0,7.0,1.0,36.5,"Phường Tân Thành, TP. Cà Mau, Cà Mau",Cà Mau,TP. Cà Mau,Giấy tờ hợp lệ,Nam,17.5
4033,Nhà mặt tiền,3.85,164.0,m²,2.0,2.0,1.0,20.0,"Phường 1, TP. Cà Mau, Cà Mau",Cà Mau,TP. Cà Mau,Giấy tờ hợp lệ,Tây,5.0
4034,Nhà mặt tiền,4.3,145.0,m²,2.0,1.0,1.0,22.0,"Phường 5, TP. Cà Mau, Cà Mau",Cà Mau,TP. Cà Mau,Giấy tờ hợp lệ,Tây Bắc,6.3
4035,Mặt tiền,0.89,94.5,m²,3.0,4.0,2.0,21.0,"Phường 8, TP. Cà Mau, Cà Mau",Cà Mau,TP. Cà Mau,Giấy tờ hợp lệ,,4.5
4036,Nhà mặt tiền,8.4,200.0,m²,12.0,13.0,2.0,20.0,"Đường Võ Văn Kiệt, Thị Trấn Tràm Chim, Huyện Tam Nông, Đồng Tháp",Đồng Tháp,Huyện Tam Nông,Sổ hồng,,10.0
4037,Nhà mặt tiền,8.4,200.0,m²,12.0,13.0,2.0,20.0,"Đường Võ Văn Kiệt, Thị Trấn Tràm Chim, Huyện Tam Nông, Đồng Tháp",Đồng Tháp,Huyện Tam Nông,Sổ hồng,,10.0
4038,Nhà mặt tiền,8.4,200.0,m²,12.0,13.0,3.0,20.0,"Đường Võ Văn Kiệt, Thị Trấn Tràm Chim, Huyện Tam Nông, Đồng Tháp",Đồng Tháp,Huyện Tam Nông,Sổ hồng,,10.0
4039,Nhà mặt tiền,8.4,200.0,m²,12.0,13.0,2.0,20.0,"Đường Võ Văn Kiệt, Thị Trấn Tràm Chim, Huyện Tam Nông, Đồng Tháp",Đồng Tháp,Huyện Tam Nông,Sổ hồng,,19.0
4040,Nhà hẻm ngõ,1.6,75.0,m²,2.0,1.0,1.0,8.3,"Phường An Hòa, TP. Sa Đéc, Đồng Tháp",Đồng Tháp,TP. Sa Đéc,Giấy tờ hợp lệ,Nam,9.0
4041,Nhà mặt tiền,1.9,75.0,m²,2.0,2.0,2.0,11.0,"Phường An Hòa, TP. Sa Đéc, Đồng Tháp",Đồng Tháp,TP. Sa Đéc,Giấy tờ hợp lệ,Đông,6.8
4042,Nhà hẻm ngõ,1.8,72.5,m²,3.0,2.0,2.0,14.5,"Xã Tân Phú Đông, TP. Sa Đéc, Đồng Tháp",Đồng Tháp,TP. Sa Đéc,Giấy tờ hợp lệ,Đông Nam,5.0
4043,Nhà hẻm ngõ,1.53,10014.0,m²,,,,,"Đường Trần Phú, Xã Hòa Phú, Huyện Chư Păh, Gia Lai",Gia Lai,Huyện Chư Păh,Sổ đỏ,,
4044,Nhà hẻm ngõ,1.53,10014.0,m²,,,,,"Đường Trần Phú, Xã Hòa Phú, Huyện Chư Păh, Gia Lai",Gia Lai,Huyện Chư Păh,Sổ đỏ,,
4045,Nhà mặt tiền,1.49,80.0,m²,2.0,2.0,1.0,20.0,"Xã Đông Phú, Huyện Châu Thành, Hậu Giang",Hậu Giang,Huyện Châu Thành,Giấy tờ hợp lệ,Tây Nam,4.0
4046,Nhà mặt tiền,1.59,90.0,m²,2.0,1.0,,20.0,"Xã Đông Phú, Huyện Châu Thành, Hậu Giang",Hậu Giang,Huyện Châu Thành,Giấy tờ hợp lệ,Đông Bắc,4.5
4047,Nhà mặt tiền,0.85,56.9,m²,3.0,1.0,1.0,14.2,"Xã Tân Phú Thạnh, Huyện Châu Thành A, Hậu Giang",Hậu Giang,Huyện Châu Thành A,Giấy tờ hợp lệ,,4.0
4048,Nhà mặt tiền,1.49,80.0,m²,2.0,,1.0,20.0,"Xã Đông Phú, Huyện Châu Thành, Hậu Giang",Hậu Giang,Huyện Châu Thành,Giấy tờ hợp lệ,Tây Nam,4.0
4049,Nhà mặt tiền,1.49,80.0,m²,2.0,2.0,1.0,20.0,"Xã Đông Phú, Huyện Châu Thành, Hậu Giang",Hậu Giang,Huyện Châu Thành,Giấy tờ hợp lệ,Tây Nam,4.0
4050,Mặt tiền,1.59,90.0,m²,2.0,2.0,1.0,20.0,"Xã Đông Phú, Huyện Châu Thành, Hậu Giang",Hậu Giang,Huyện Châu Thành,Giấy tờ hợp lệ,Đông Bắc,4.5
4051,Mặt tiền,0.58,58.9,m²,1.0,1.0,1.0,12.3,"Thị Trấn Ngã Sáu, Huyện Châu Thành, Hậu Giang",Hậu Giang,Huyện Châu Thành,Giấy tờ hợp lệ,Nam,4.8
4052,Nhà mặt tiền,16.0,84.0,m²,,,,,"Huyện Văn Giang, Hưng Yên",Hưng Yên,Huyện Văn Giang,Sổ hồng,,
4053,Nhà mặt tiền,12.0,85.0,m²,6.0,6.0,5.0,17.0,"Xã Nghĩa Trụ, Huyện Văn Giang, Hưng Yên",Hưng Yên,Huyện Văn Giang,Giấy tờ hợp lệ,Đông Nam,5.0
4054,Nhà mặt tiền,18.0,96.0,m²,5.0,5.0,5.0,,"TV43, TV43, Huyện Văn Giang, Hưng Yên",Hưng Yên,Huyện Văn Giang,Đang chờ sổ,Tây Nam,
4055,Nhà mặt tiền,13.5,71.0,m²,,,,,"Huyện Văn Giang, Hưng Yên",Hưng Yên,Huyện Văn Giang,Sổ đỏ,,
4056,Nhà hẻm ngõ,2.85,53.5,m²,3.0,2.0,3.0,,"Xã Minh Hải, Huyện Văn Lâm, Hưng Yên",Hưng Yên,Huyện Văn Lâm,Giấy tờ hợp lệ,,
4057,Biệt thự,12.0,84.0,m²,,,5.0,12.0,"Xã Nghĩa Trụ, Huyện Văn Giang, Hưng Yên",Hưng Yên,Huyện Văn Giang,Sổ đỏ,,7.0
4058,Nhà hẻm ngõ,8.5,75.0,m²,4.0,,,15.0,"Thị trấn Như Quỳnh, Huyện Văn Lâm, Hưng Yên",Hưng Yên,Huyện Văn Lâm,Giấy tờ hợp lệ,,5.0
4059,Nhà mặt tiền,9.0,3350.0,m²,4.0,,,,"Đường Trần Hưng Đạo, Phường An Thới, Thành phố Phú Quốc, Kiên Giang",Kiên Giang,Thành phố Phú Quốc,Sổ hồng,,
4060,Nhà mặt tiền,1.9,206.0,m²,3.0,2.0,2.0,30.0,"Xã Cửa Cạn, Thành phố Phú Quốc, Kiên Giang",Kiên Giang,Thành phố Phú Quốc,Giấy tờ hợp lệ,Tây Nam,7.0
4061,Nhà mặt tiền,1.0,230.0,m²,1.0,,,65.0,"Xã Thạnh Đông A, Huyện Tân Hiệp, Kiên Giang",Kiên Giang,Huyện Tân Hiệp,Giấy tờ hợp lệ,,3.6
4062,Biệt thự,7.5,135.0,m²,3.0,3.0,3.0,14.0,"Xã Dương Tơ, Thành phố Phú Quốc, Kiên Giang",Kiên Giang,Thành phố Phú Quốc,Giấy tờ hợp lệ,Đông Nam,10.0
4063,Biệt thự,6.0,88.0,m²,2.0,2.0,2.0,10.0,"Xã Dương Tơ, Thành phố Phú Quốc, Kiên Giang",Kiên Giang,Thành phố Phú Quốc,Giấy tờ hợp lệ,Đông Nam,9.0
4064,Biệt thự,6.2,208.0,m²,3.0,3.0,2.0,20.0,"Phường An Hòa, TP. Rạch Giá, Kiên Giang",Kiên Giang,TP. Rạch Giá,Giấy tờ hợp lệ,Đông Nam,13.0
4065,Nhà hẻm ngõ,1.25,48.0,m²,2.0,2.0,1.0,12.2,"Phường Vĩnh Quang, TP. Rạch Giá, Kiên Giang",Kiên Giang,TP. Rạch Giá,Giấy tờ hợp lệ,,4.0
4066,Nhà hẻm ngõ,1.55,64.0,m²,3.0,2.0,,16.0,"Phường An Hòa, TP. Rạch Giá, Kiên Giang",Kiên Giang,TP. Rạch Giá,Giấy tờ hợp lệ,,4.0
4067,Nhà hẻm ngõ,1.6,107.0,m²,2.0,2.0,,21.5,"Phường Vĩnh Quang, TP. Rạch Giá, Kiên Giang",Kiên Giang,TP. Rạch Giá,Giấy tờ hợp lệ,,5.0
4068,Nhà hẻm ngõ,1.86,67.5,m²,2.0,3.0,1.0,15.0,"Phường Vĩnh Quang, TP. Rạch Giá, Kiên Giang",Kiên Giang,TP. Rạch Giá,Giấy tờ hợp lệ,Nam,4.5
4069,Mặt tiền,3.7,286.8,m²,7.0,7.0,,,"Xã Hàm Ninh, Thành phố Phú Quốc, Kiên Giang",Kiên Giang,Thành phố Phú Quốc,Giấy tờ hợp lệ,Tây Nam,
4070,Nhà mặt tiền,3.5,102.0,m²,2.0,1.0,1.0,21.8,"Phường Vĩnh Bảo, TP. Rạch Giá, Kiên Giang",Kiên Giang,TP. Rạch Giá,Giấy tờ hợp lệ,Đông Bắc,4.0
4071,Mặt tiền,10.0,90.0,m²,,,4.0,,"QT -01, Đường Bãi Dài, Xã Gành Dầu, Thành phố Phú Quốc, Kiên Giang",Kiên Giang,Thành phố Phú Quốc,Sổ hồng,,
4072,Nhà mặt tiền,3.3,133.0,m²,3.0,3.0,2.0,35.5,"Phường Quyết Thắng, TP. KonTum, Kon Tum",Kon Tum,TP. KonTum,Giấy tờ hợp lệ,Nam,3.8
4073,Nhà mặt tiền,3.3,133.0,m²,3.0,3.0,2.0,35.5,"Phường Quyết Thắng, TP. KonTum, Kon Tum",Kon Tum,TP. KonTum,Giấy tờ hợp lệ,Nam,3.8
4074,Biệt thự,23.0,312.0,m²,21.0,,,21.0,"Đường Cầu Mây, Thị Trấn Sa Pa, Huyện Sa Pa, Lào Cai",Lào Cai,Huyện Sa Pa,Sổ hồng,,15.0
4075,Biệt thự,23.0,312.0,m²,21.0,,,21.0,"Đường Cầu Mây, Thị Trấn Sa Pa, Huyện Sa Pa, Lào Cai",Lào Cai,Huyện Sa Pa,Sổ hồng,,15.0
4076,Nhà hẻm ngõ,2.1,53.0,m²,3.0,2.0,,15.7,"Đường Trần Huy Liệu, Phường Văn Miếu, TP. Nam Định, Nam Định",Nam Định,TP. Nam Định,Sổ đỏ,Nam,3.5
4077,Nhà mặt tiền,3.8,31.0,m²,3.0,3.0,3.0,10.5,"Đường Huỳnh Thúc Kháng, Phường Trần Hưng Đạo, TP. Nam Định, Nam Định",Nam Định,TP. Nam Định,Sổ đỏ,Đông Nam,3.0
4078,Biệt thự,8.0,610.0,m²,4.0,2.0,2.0,30.0,"Xã Lộc Hòa, TP. Nam Định, Nam Định",Nam Định,TP. Nam Định,Giấy tờ hợp lệ,Đông Bắc,20.0
4079,Nhà hẻm ngõ,1.48,48.5,m²,2.0,2.0,2.0,9.0,"Phường Trần Hưng Đạo, TP. Nam Định, Nam Định",Nam Định,TP. Nam Định,Giấy tờ hợp lệ,Tây Nam,5.3
4080,Nhà hẻm ngõ,2.1,53.0,m²,3.0,2.0,,15.7,"Đường Trần Huy Liệu, Phường Văn Miếu, TP. Nam Định, Nam Định",Nam Định,TP. Nam Định,Sổ đỏ,Nam,3.5
4081,Nhà mặt tiền,3.8,31.0,m²,3.0,3.0,3.0,10.5,"Đường Huỳnh Thúc Kháng, Phường Trần Hưng Đạo, TP. Nam Định, Nam Định",Nam Định,TP. Nam Định,Sổ đỏ,Đông Nam,3.0
4082,Biệt thự,8.0,610.0,m²,4.0,2.0,2.0,30.0,"Xã Lộc Hòa, TP. Nam Định, Nam Định",Nam Định,TP. Nam Định,Giấy tờ hợp lệ,Đông Bắc,20.0
4083,Nhà hẻm ngõ,1.48,48.5,m²,2.0,2.0,2.0,9.0,"Phường Trần Hưng Đạo, TP. Nam Định, Nam Định",Nam Định,TP. Nam Định,Giấy tờ hợp lệ,Tây Nam,5.3
4084,Nhà hẻm ngõ,2.1,53.0,m²,3.0,2.0,,15.7,"Đường Trần Huy Liệu, Phường Văn Miếu, TP. Nam Định, Nam Định",Nam Định,TP. Nam Định,Sổ đỏ,Nam,3.5
4085,Nhà mặt tiền,3.8,31.0,m²,3.0,3.0,3.0,10.5,"Đường Huỳnh Thúc Kháng, Phường Trần Hưng Đạo, TP. Nam Định, Nam Định",Nam Định,TP. Nam Định,Sổ đỏ,Đông Nam,3.0
4086,Biệt thự,8.0,610.0,m²,4.0,2.0,2.0,30.0,"Xã Lộc Hòa, TP. Nam Định, Nam Định",Nam Định,TP. Nam Định,Giấy tờ hợp lệ,Đông Bắc,20.0
4087,Nhà hẻm ngõ,1.48,48.5,m²,2.0,2.0,2.0,9.0,"Phường Trần Hưng Đạo, TP. Nam Định, Nam Định",Nam Định,TP. Nam Định,Giấy tờ hợp lệ,Tây Nam,5.3
4088,Nhà hẻm ngõ,2.1,53.0,m²,3.0,2.0,,15.7,"Đường Trần Huy Liệu, Phường Văn Miếu, TP. Nam Định, Nam Định",Nam Định,TP. Nam Định,Sổ đỏ,Nam,3.5
4089,Nhà mặt tiền,3.8,31.0,m²,3.0,3.0,3.0,10.5,"Đường Huỳnh Thúc Kháng, Phường Trần Hưng Đạo, TP. Nam Định, Nam Định",Nam Định,TP. Nam Định,Sổ đỏ,Đông Nam,3.0
4090,Biệt thự,8.0,610.0,m²,4.0,2.0,2.0,30.0,"Xã Lộc Hòa, TP. Nam Định, Nam Định",Nam Định,TP. Nam Định,Giấy tờ hợp lệ,Đông Bắc,20.0
4091,Nhà hẻm ngõ,1.48,48.5,m²,2.0,2.0,2.0,9.0,"Phường Trần Hưng Đạo, TP. Nam Định, Nam Định",Nam Định,TP. Nam Định,Giấy tờ hợp lệ,Tây Nam,5.3
4092,Nhà hẻm ngõ,2.1,53.0,m²,3.0,2.0,,15.7,"Đường Trần Huy Liệu, Phường Văn Miếu, TP. Nam Định, Nam Định",Nam Định,TP. Nam Định,Sổ đỏ,Nam,3.5
4093,Nhà mặt tiền,3.8,31.0,m²,3.0,3.0,3.0,10.5,"Đường Huỳnh Thúc Kháng, Phường Trần Hưng Đạo, TP. Nam Định, Nam Định",Nam Định,TP. Nam Định,Sổ đỏ,Đông Nam,3.0
4094,Biệt thự,8.0,610.0,m²,4.0,2.0,2.0,30.0,"Xã Lộc Hòa, TP. Nam Định, Nam Định",Nam Định,TP. Nam Định,Giấy tờ hợp lệ,Đông Bắc,20.0
4095,Nhà hẻm ngõ,1.48,48.5,m²,2.0,2.0,2.0,9.0,"Phường Trần Hưng Đạo, TP. Nam Định, Nam Định",Nam Định,TP. Nam Định,Giấy tờ hợp lệ,Tây Nam,5.3
4096,Nhà hẻm ngõ,2.1,53.0,m²,3.0,2.0,,15.7,"Đường Trần Huy Liệu, Phường Văn Miếu, TP. Nam Định, Nam Định",Nam Định,TP. Nam Định,Sổ đỏ,Nam,3.5
4097,Nhà mặt tiền,3.8,31.0,m²,3.0,3.0,3.0,10.5,"Đường Huỳnh Thúc Kháng, Phường Trần Hưng Đạo, TP. Nam Định, Nam Định",Nam Định,TP. Nam Định,Sổ đỏ,Đông Nam,3.0
4098,Biệt thự,8.0,610.0,m²,4.0,2.0,2.0,30.0,"Xã Lộc Hòa, TP. Nam Định, Nam Định",Nam Định,TP. Nam Định,Giấy tờ hợp lệ,Đông Bắc,20.0
4099,Nhà hẻm ngõ,1.48,48.5,m²,2.0,2.0,2.0,9.0,"Phường Trần Hưng Đạo, TP. Nam Định, Nam Định",Nam Định,TP. Nam Định,Giấy tờ hợp lệ,Tây Nam,5.3
4100,Nhà hẻm ngõ,2.1,53.0,m²,3.0,2.0,,15.7,"Đường Trần Huy Liệu, Phường Văn Miếu, TP. Nam Định, Nam Định",Nam Định,TP. Nam Định,Sổ đỏ,Nam,3.5
4101,Nhà mặt tiền,3.8,31.0,m²,3.0,3.0,3.0,10.5,"Đường Huỳnh Thúc Kháng, Phường Trần Hưng Đạo, TP. Nam Định, Nam Định",Nam Định,TP. Nam Định,Sổ đỏ,Đông Nam,3.0
4102,Biệt thự,8.0,610.0,m²,4.0,2.0,2.0,30.0,"Xã Lộc Hòa, TP. Nam Định, Nam Định",Nam Định,TP. Nam Định,Giấy tờ hợp lệ,Đông Bắc,20.0
4103,Nhà hẻm ngõ,1.48,48.5,m²,2.0,2.0,2.0,9.0,"Phường Trần Hưng Đạo, TP. Nam Định, Nam Định",Nam Định,TP. Nam Định,Giấy tờ hợp lệ,Tây Nam,5.3
4104,Nhà hẻm ngõ,2.1,53.0,m²,3.0,2.0,,15.7,"Đường Trần Huy Liệu, Phường Văn Miếu, TP. Nam Định, Nam Định",Nam Định,TP. Nam Định,Sổ đỏ,Nam,3.5
4105,Nhà mặt tiền,3.8,31.0,m²,3.0,3.0,3.0,10.5,"Đường Huỳnh Thúc Kháng, Phường Trần Hưng Đạo, TP. Nam Định, Nam Định",Nam Định,TP. Nam Định,Sổ đỏ,Đông Nam,3.0
4106,Biệt thự,8.0,610.0,m²,4.0,2.0,2.0,30.0,"Xã Lộc Hòa, TP. Nam Định, Nam Định",Nam Định,TP. Nam Định,Giấy tờ hợp lệ,Đông Bắc,20.0
4107,Nhà hẻm ngõ,1.48,48.5,m²,2.0,2.0,2.0,9.0,"Phường Trần Hưng Đạo, TP. Nam Định, Nam Định",Nam Định,TP. Nam Định,Giấy tờ hợp lệ,Tây Nam,5.3
4108,Nhà hẻm ngõ,2.1,53.0,m²,3.0,2.0,,15.7,"Đường Trần Huy Liệu, Phường Văn Miếu, TP. Nam Định, Nam Định",Nam Định,TP. Nam Định,Sổ đỏ,Nam,3.5
4109,Nhà mặt tiền,3.8,31.0,m²,3.0,3.0,3.0,10.5,"Đường Huỳnh Thúc Kháng, Phường Trần Hưng Đạo, TP. Nam Định, Nam Định",Nam Định,TP. Nam Định,Sổ đỏ,Đông Nam,3.0
4110,Biệt thự,8.0,610.0,m²,4.0,2.0,2.0,30.0,"Xã Lộc Hòa, TP. Nam Định, Nam Định",Nam Định,TP. Nam Định,Giấy tờ hợp lệ,Đông Bắc,20.0
4111,Nhà hẻm ngõ,1.48,48.5,m²,2.0,2.0,2.0,9.0,"Phường Trần Hưng Đạo, TP. Nam Định, Nam Định",Nam Định,TP. Nam Định,Giấy tờ hợp lệ,Tây Nam,5.3
4112,Nhà hẻm ngõ,2.1,53.0,m²,3.0,2.0,,15.7,"Đường Trần Huy Liệu, Phường Văn Miếu, TP. Nam Định, Nam Định",Nam Định,TP. Nam Định,Sổ đỏ,Nam,3.5
4113,Nhà mặt tiền,3.8,31.0,m²,3.0,3.0,3.0,10.5,"Đường Huỳnh Thúc Kháng, Phường Trần Hưng Đạo, TP. Nam Định, Nam Định",Nam Định,TP. Nam Định,Sổ đỏ,Đông Nam,3.0
4114,Biệt thự,8.0,610.0,m²,4.0,2.0,2.0,30.0,"Xã Lộc Hòa, TP. Nam Định, Nam Định",Nam Định,TP. Nam Định,Giấy tờ hợp lệ,Đông Bắc,20.0
4115,Nhà hẻm ngõ,1.48,48.5,m²,2.0,2.0,2.0,9.0,"Phường Trần Hưng Đạo, TP. Nam Định, Nam Định",Nam Định,TP. Nam Định,Giấy tờ hợp lệ,Tây Nam,5.3
4116,Nhà hẻm ngõ,2.1,53.0,m²,3.0,2.0,,15.7,"Đường Trần Huy Liệu, Phường Văn Miếu, TP. Nam Định, Nam Định",Nam Định,TP. Nam Định,Sổ đỏ,Nam,3.5
4117,Nhà mặt tiền,3.8,31.0,m²,3.0,3.0,3.0,10.5,"Đường Huỳnh Thúc Kháng, Phường Trần Hưng Đạo, TP. Nam Định, Nam Định",Nam Định,TP. Nam Định,Sổ đỏ,Đông Nam,3.0
4118,Biệt thự,8.0,610.0,m²,4.0,2.0,2.0,30.0,"Xã Lộc Hòa, TP. Nam Định, Nam Định",Nam Định,TP. Nam Định,Giấy tờ hợp lệ,Đông Bắc,20.0
4119,Nhà hẻm ngõ,1.48,48.5,m²,2.0,2.0,2.0,9.0,"Phường Trần Hưng Đạo, TP. Nam Định, Nam Định",Nam Định,TP. Nam Định,Giấy tờ hợp lệ,Tây Nam,5.3
4120,Nhà hẻm ngõ,2.1,53.0,m²,3.0,2.0,,15.7,"Đường Trần Huy Liệu, Phường Văn Miếu, TP. Nam Định, Nam Định",Nam Định,TP. Nam Định,Sổ đỏ,Nam,3.5
4121,Nhà mặt tiền,3.8,31.0,m²,3.0,3.0,3.0,10.5,"Đường Huỳnh Thúc Kháng, Phường Trần Hưng Đạo, TP. Nam Định, Nam Định",Nam Định,TP. Nam Định,Sổ đỏ,Đông Nam,3.0
4122,Biệt thự,8.0,610.0,m²,4.0,2.0,2.0,30.0,"Xã Lộc Hòa, TP. Nam Định, Nam Định",Nam Định,TP. Nam Định,Giấy tờ hợp lệ,Đông Bắc,20.0
4123,Nhà hẻm ngõ,1.48,48.5,m²,2.0,2.0,2.0,9.0,"Phường Trần Hưng Đạo, TP. Nam Định, Nam Định",Nam Định,TP. Nam Định,Giấy tờ hợp lệ,Tây Nam,5.3
4124,Nhà hẻm ngõ,2.1,53.0,m²,3.0,2.0,,15.7,"Đường Trần Huy Liệu, Phường Văn Miếu, TP. Nam Định, Nam Định",Nam Định,TP. Nam Định,Sổ đỏ,Nam,3.5
4125,Nhà mặt tiền,3.8,31.0,m²,3.0,3.0,3.0,10.5,"Đường Huỳnh Thúc Kháng, Phường Trần Hưng Đạo, TP. Nam Định, Nam Định",Nam Định,TP. Nam Định,Sổ đỏ,Đông Nam,3.0
4126,Biệt thự,8.0,610.0,m²,4.0,2.0,2.0,30.0,"Xã Lộc Hòa, TP. Nam Định, Nam Định",Nam Định,TP. Nam Định,Giấy tờ hợp lệ,Đông Bắc,20.0
4127,Nhà hẻm ngõ,1.48,48.5,m²,2.0,2.0,2.0,9.0,"Phường Trần Hưng Đạo, TP. Nam Định, Nam Định",Nam Định,TP. Nam Định,Giấy tờ hợp lệ,Tây Nam,5.3
4128,Nhà hẻm ngõ,2.1,53.0,m²,3.0,2.0,,15.7,"Đường Trần Huy Liệu, Phường Văn Miếu, TP. Nam Định, Nam Định",Nam Định,TP. Nam Định,Sổ đỏ,Nam,3.5
4129,Nhà mặt tiền,3.8,31.0,m²,3.0,3.0,3.0,10.5,"Đường Huỳnh Thúc Kháng, Phường Trần Hưng Đạo, TP. Nam Định, Nam Định",Nam Định,TP. Nam Định,Sổ đỏ,Đông Nam,3.0
4130,Biệt thự,8.0,610.0,m²,4.0,2.0,2.0,30.0,"Xã Lộc Hòa, TP. Nam Định, Nam Định",Nam Định,TP. Nam Định,Giấy tờ hợp lệ,Đông Bắc,20.0
4131,Nhà hẻm ngõ,1.48,48.5,m²,2.0,2.0,2.0,9.0,"Phường Trần Hưng Đạo, TP. Nam Định, Nam Định",Nam Định,TP. Nam Định,Giấy tờ hợp lệ,Tây Nam,5.3
4132,Nhà hẻm ngõ,2.1,53.0,m²,3.0,2.0,,15.7,"Đường Trần Huy Liệu, Phường Văn Miếu, TP. Nam Định, Nam Định",Nam Định,TP. Nam Định,Sổ đỏ,Nam,3.5
4133,Nhà mặt tiền,3.8,31.0,m²,3.0,3.0,3.0,10.5,"Đường Huỳnh Thúc Kháng, Phường Trần Hưng Đạo, TP. Nam Định, Nam Định",Nam Định,TP. Nam Định,Sổ đỏ,Đông Nam,3.0
4134,Biệt thự,8.0,610.0,m²,4.0,2.0,2.0,30.0,"Xã Lộc Hòa, TP. Nam Định, Nam Định",Nam Định,TP. Nam Định,Giấy tờ hợp lệ,Đông Bắc,20.0
4135,Nhà hẻm ngõ,1.48,48.5,m²,2.0,2.0,2.0,9.0,"Phường Trần Hưng Đạo, TP. Nam Định, Nam Định",Nam Định,TP. Nam Định,Giấy tờ hợp lệ,Tây Nam,5.3
4136,Nhà hẻm ngõ,2.1,53.0,m²,3.0,2.0,,15.7,"Đường Trần Huy Liệu, Phường Văn Miếu, TP. Nam Định, Nam Định",Nam Định,TP. Nam Định,Sổ đỏ,Nam,3.5
4137,Nhà mặt tiền,3.8,31.0,m²,3.0,3.0,3.0,10.5,"Đường Huỳnh Thúc Kháng, Phường Trần Hưng Đạo, TP. Nam Định, Nam Định",Nam Định,TP. Nam Định,Sổ đỏ,Đông Nam,3.0
4138,Biệt thự,8.0,610.0,m²,4.0,2.0,2.0,30.0,"Xã Lộc Hòa, TP. Nam Định, Nam Định",Nam Định,TP. Nam Định,Giấy tờ hợp lệ,Đông Bắc,20.0
4139,Nhà hẻm ngõ,1.48,48.5,m²,2.0,2.0,2.0,9.0,"Phường Trần Hưng Đạo, TP. Nam Định, Nam Định",Nam Định,TP. Nam Định,Giấy tờ hợp lệ,Tây Nam,5.3
4140,Nhà hẻm ngõ,2.1,53.0,m²,3.0,2.0,,15.7,"Đường Trần Huy Liệu, Phường Văn Miếu, TP. Nam Định, Nam Định",Nam Định,TP. Nam Định,Sổ đỏ,Nam,3.5
4141,Nhà mặt tiền,3.8,31.0,m²,3.0,3.0,3.0,10.5,"Đường Huỳnh Thúc Kháng, Phường Trần Hưng Đạo, TP. Nam Định, Nam Định",Nam Định,TP. Nam Định,Sổ đỏ,Đông Nam,3.0
4142,Biệt thự,8.0,610.0,m²,4.0,2.0,2.0,30.0,"Xã Lộc Hòa, TP. Nam Định, Nam Định",Nam Định,TP. Nam Định,Giấy tờ hợp lệ,Đông Bắc,20.0
4143,Nhà hẻm ngõ,1.48,48.5,m²,2.0,2.0,2.0,9.0,"Phường Trần Hưng Đạo, TP. Nam Định, Nam Định",Nam Định,TP. Nam Định,Giấy tờ hợp lệ,Tây Nam,5.3
4144,Nhà hẻm ngõ,2.1,53.0,m²,3.0,2.0,,15.7,"Đường Trần Huy Liệu, Phường Văn Miếu, TP. Nam Định, Nam Định",Nam Định,TP. Nam Định,Sổ đỏ,Nam,3.5
4145,Nhà mặt tiền,3.8,31.0,m²,3.0,3.0,3.0,10.5,"Đường Huỳnh Thúc Kháng, Phường Trần Hưng Đạo, TP. Nam Định, Nam Định",Nam Định,TP. Nam Định,Sổ đỏ,Đông Nam,3.0
4146,Biệt thự,8.0,610.0,m²,4.0,2.0,2.0,30.0,"Xã Lộc Hòa, TP. Nam Định, Nam Định",Nam Định,TP. Nam Định,Giấy tờ hợp lệ,Đông Bắc,20.0
4147,Nhà hẻm ngõ,1.48,48.5,m²,2.0,2.0,2.0,9.0,"Phường Trần Hưng Đạo, TP. Nam Định, Nam Định",Nam Định,TP. Nam Định,Giấy tờ hợp lệ,Tây Nam,5.3
4148,Nhà hẻm ngõ,2.1,53.0,m²,3.0,2.0,,15.7,"Đường Trần Huy Liệu, Phường Văn Miếu, TP. Nam Định, Nam Định",Nam Định,TP. Nam Định,Sổ đỏ,Nam,3.5
4149,Nhà mặt tiền,3.8,31.0,m²,3.0,3.0,3.0,10.5,"Đường Huỳnh Thúc Kháng, Phường Trần Hưng Đạo, TP. Nam Định, Nam Định",Nam Định,TP. Nam Định,Sổ đỏ,Đông Nam,3.0
4150,Biệt thự,8.0,610.0,m²,4.0,2.0,2.0,30.0,"Xã Lộc Hòa, TP. Nam Định, Nam Định",Nam Định,TP. Nam Định,Giấy tờ hợp lệ,Đông Bắc,20.0
4151,Nhà hẻm ngõ,1.48,48.5,m²,2.0,2.0,2.0,9.0,"Phường Trần Hưng Đạo, TP. Nam Định, Nam Định",Nam Định,TP. Nam Định,Giấy tờ hợp lệ,Tây Nam,5.3
4152,Nhà hẻm ngõ,2.1,53.0,m²,3.0,2.0,,15.7,"Đường Trần Huy Liệu, Phường Văn Miếu, TP. Nam Định, Nam Định",Nam Định,TP. Nam Định,Sổ đỏ,Nam,3.5
4153,Nhà mặt tiền,3.8,31.0,m²,3.0,3.0,3.0,10.5,"Đường Huỳnh Thúc Kháng, Phường Trần Hưng Đạo, TP. Nam Định, Nam Định",Nam Định,TP. Nam Định,Sổ đỏ,Đông Nam,3.0
4154,Biệt thự,8.0,610.0,m²,4.0,2.0,2.0,30.0,"Xã Lộc Hòa, TP. Nam Định, Nam Định",Nam Định,TP. Nam Định,Giấy tờ hợp lệ,Đông Bắc,20.0
4155,Nhà hẻm ngõ,1.48,48.5,m²,2.0,2.0,2.0,9.0,"Phường Trần Hưng Đạo, TP. Nam Định, Nam Định",Nam Định,TP. Nam Định,Giấy tờ hợp lệ,Tây Nam,5.3
4156,Nhà hẻm ngõ,2.1,53.0,m²,3.0,2.0,,15.7,"Đường Trần Huy Liệu, Phường Văn Miếu, TP. Nam Định, Nam Định",Nam Định,TP. Nam Định,Sổ đỏ,Nam,3.5
4157,Nhà mặt tiền,3.8,31.0,m²,3.0,3.0,3.0,10.5,"Đường Huỳnh Thúc Kháng, Phường Trần Hưng Đạo, TP. Nam Định, Nam Định",Nam Định,TP. Nam Định,Sổ đỏ,Đông Nam,3.0
4158,Biệt thự,8.0,610.0,m²,4.0,2.0,2.0,30.0,"Xã Lộc Hòa, TP. Nam Định, Nam Định",Nam Định,TP. Nam Định,Giấy tờ hợp lệ,Đông Bắc,20.0
4159,Nhà hẻm ngõ,1.48,48.5,m²,2.0,2.0,2.0,9.0,"Phường Trần Hưng Đạo, TP. Nam Định, Nam Định",Nam Định,TP. Nam Định,Giấy tờ hợp lệ,Tây Nam,5.3
4160,Nhà hẻm ngõ,2.1,53.0,m²,3.0,2.0,,15.7,"Đường Trần Huy Liệu, Phường Văn Miếu, TP. Nam Định, Nam Định",Nam Định,TP. Nam Định,Sổ đỏ,Nam,3.5
4161,Nhà mặt tiền,3.8,31.0,m²,3.0,3.0,3.0,10.5,"Đường Huỳnh Thúc Kháng, Phường Trần Hưng Đạo, TP. Nam Định, Nam Định",Nam Định,TP. Nam Định,Sổ đỏ,Đông Nam,3.0
4162,Biệt thự,8.0,610.0,m²,4.0,2.0,2.0,30.0,"Xã Lộc Hòa, TP. Nam Định, Nam Định",Nam Định,TP. Nam Định,Giấy tờ hợp lệ,Đông Bắc,20.0
4163,Nhà hẻm ngõ,1.48,48.5,m²,2.0,2.0,2.0,9.0,"Phường Trần Hưng Đạo, TP. Nam Định, Nam Định",Nam Định,TP. Nam Định,Giấy tờ hợp lệ,Tây Nam,5.3
4164,Nhà hẻm ngõ,2.1,53.0,m²,3.0,2.0,,15.7,"Đường Trần Huy Liệu, Phường Văn Miếu, TP. Nam Định, Nam Định",Nam Định,TP. Nam Định,Sổ đỏ,Nam,3.5
4165,Nhà mặt tiền,3.8,31.0,m²,3.0,3.0,3.0,10.5,"Đường Huỳnh Thúc Kháng, Phường Trần Hưng Đạo, TP. Nam Định, Nam Định",Nam Định,TP. Nam Định,Sổ đỏ,Đông Nam,3.0
4166,Biệt thự,8.0,610.0,m²,4.0,2.0,2.0,30.0,"Xã Lộc Hòa, TP. Nam Định, Nam Định",Nam Định,TP. Nam Định,Giấy tờ hợp lệ,Đông Bắc,20.0
4167,Nhà hẻm ngõ,1.48,48.5,m²,2.0,2.0,2.0,9.0,"Phường Trần Hưng Đạo, TP. Nam Định, Nam Định",Nam Định,TP. Nam Định,Giấy tờ hợp lệ,Tây Nam,5.3
4168,Nhà hẻm ngõ,2.1,53.0,m²,3.0,2.0,,15.7,"Đường Trần Huy Liệu, Phường Văn Miếu, TP. Nam Định, Nam Định",Nam Định,TP. Nam Định,Sổ đỏ,Nam,3.5
4169,Nhà mặt tiền,3.8,31.0,m²,3.0,3.0,3.0,10.5,"Đường Huỳnh Thúc Kháng, Phường Trần Hưng Đạo, TP. Nam Định, Nam Định",Nam Định,TP. Nam Định,Sổ đỏ,Đông Nam,3.0
4170,Biệt thự,8.0,610.0,m²,4.0,2.0,2.0,30.0,"Xã Lộc Hòa, TP. Nam Định, Nam Định",Nam Định,TP. Nam Định,Giấy tờ hợp lệ,Đông Bắc,20.0
4171,Nhà hẻm ngõ,1.48,48.5,m²,2.0,2.0,2.0,9.0,"Phường Trần Hưng Đạo, TP. Nam Định, Nam Định",Nam Định,TP. Nam Định,Giấy tờ hợp lệ,Tây Nam,5.3
4172,Nhà hẻm ngõ,2.1,53.0,m²,3.0,2.0,,15.7,"Đường Trần Huy Liệu, Phường Văn Miếu, TP. Nam Định, Nam Định",Nam Định,TP. Nam Định,Sổ đỏ,Nam,3.5
4173,Nhà mặt tiền,3.8,31.0,m²,3.0,3.0,3.0,10.5,"Đường Huỳnh Thúc Kháng, Phường Trần Hưng Đạo, TP. Nam Định, Nam Định",Nam Định,TP. Nam Định,Sổ đỏ,Đông Nam,3.0
4174,Biệt thự,8.0,610.0,m²,4.0,2.0,2.0,30.0,"Xã Lộc Hòa, TP. Nam Định, Nam Định",Nam Định,TP. Nam Định,Giấy tờ hợp lệ,Đông Bắc,20.0
4175,Nhà hẻm ngõ,1.48,48.5,m²,2.0,2.0,2.0,9.0,"Phường Trần Hưng Đạo, TP. Nam Định, Nam Định",Nam Định,TP. Nam Định,Giấy tờ hợp lệ,Tây Nam,5.3
4176,Nhà hẻm ngõ,2.1,53.0,m²,3.0,2.0,,15.7,"Đường Trần Huy Liệu, Phường Văn Miếu, TP. Nam Định, Nam Định",Nam Định,TP. Nam Định,Sổ đỏ,Nam,3.5
4177,Nhà mặt tiền,3.8,31.0,m²,3.0,3.0,3.0,10.5,"Đường Huỳnh Thúc Kháng, Phường Trần Hưng Đạo, TP. Nam Định, Nam Định",Nam Định,TP. Nam Định,Sổ đỏ,Đông Nam,3.0
4178,Biệt thự,8.0,610.0,m²,4.0,2.0,2.0,30.0,"Xã Lộc Hòa, TP. Nam Định, Nam Định",Nam Định,TP. Nam Định,Giấy tờ hợp lệ,Đông Bắc,20.0
4179,Nhà hẻm ngõ,1.48,48.5,m²,2.0,2.0,2.0,9.0,"Phường Trần Hưng Đạo, TP. Nam Định, Nam Định",Nam Định,TP. Nam Định,Giấy tờ hợp lệ,Tây Nam,5.3
4180,Nhà hẻm ngõ,2.1,53.0,m²,3.0,2.0,,15.7,"Đường Trần Huy Liệu, Phường Văn Miếu, TP. Nam Định, Nam Định",Nam Định,TP. Nam Định,Sổ đỏ,Nam,3.5
4181,Nhà mặt tiền,3.8,31.0,m²,3.0,3.0,3.0,10.5,"Đường Huỳnh Thúc Kháng, Phường Trần Hưng Đạo, TP. Nam Định, Nam Định",Nam Định,TP. Nam Định,Sổ đỏ,Đông Nam,3.0
4182,Biệt thự,8.0,610.0,m²,4.0,2.0,2.0,30.0,"Xã Lộc Hòa, TP. Nam Định, Nam Định",Nam Định,TP. Nam Định,Giấy tờ hợp lệ,Đông Bắc,20.0
4183,Nhà hẻm ngõ,1.48,48.5,m²,2.0,2.0,2.0,9.0,"Phường Trần Hưng Đạo, TP. Nam Định, Nam Định",Nam Định,TP. Nam Định,Giấy tờ hợp lệ,Tây Nam,5.3
4184,Nhà hẻm ngõ,2.1,53.0,m²,3.0,2.0,,15.7,"Đường Trần Huy Liệu, Phường Văn Miếu, TP. Nam Định, Nam Định",Nam Định,TP. Nam Định,Sổ đỏ,Nam,3.5
4185,Nhà mặt tiền,3.8,31.0,m²,3.0,3.0,3.0,10.5,"Đường Huỳnh Thúc Kháng, Phường Trần Hưng Đạo, TP. Nam Định, Nam Định",Nam Định,TP. Nam Định,Sổ đỏ,Đông Nam,3.0
4186,Biệt thự,8.0,610.0,m²,4.0,2.0,2.0,30.0,"Xã Lộc Hòa, TP. Nam Định, Nam Định",Nam Định,TP. Nam Định,Giấy tờ hợp lệ,Đông Bắc,20.0
4187,Nhà hẻm ngõ,1.48,48.5,m²,2.0,2.0,2.0,9.0,"Phường Trần Hưng Đạo, TP. Nam Định, Nam Định",Nam Định,TP. Nam Định,Giấy tờ hợp lệ,Tây Nam,5.3
4188,Nhà hẻm ngõ,2.1,53.0,m²,3.0,2.0,,15.7,"Đường Trần Huy Liệu, Phường Văn Miếu, TP. Nam Định, Nam Định",Nam Định,TP. Nam Định,Sổ đỏ,Nam,3.5
4189,Nhà mặt tiền,3.8,31.0,m²,3.0,3.0,3.0,10.5,"Đường Huỳnh Thúc Kháng, Phường Trần Hưng Đạo, TP. Nam Định, Nam Định",Nam Định,TP. Nam Định,Sổ đỏ,Đông Nam,3.0
4190,Biệt thự,8.0,610.0,m²,4.0,2.0,2.0,30.0,"Xã Lộc Hòa, TP. Nam Định, Nam Định",Nam Định,TP. Nam Định,Giấy tờ hợp lệ,Đông Bắc,20.0
4191,Nhà hẻm ngõ,1.48,48.5,m²,2.0,2.0,2.0,9.0,"Phường Trần Hưng Đạo, TP. Nam Định, Nam Định",Nam Định,TP. Nam Định,Giấy tờ hợp lệ,Tây Nam,5.3
4192,Nhà hẻm ngõ,2.1,53.0,m²,3.0,2.0,,15.7,"Đường Trần Huy Liệu, Phường Văn Miếu, TP. Nam Định, Nam Định",Nam Định,TP. Nam Định,Sổ đỏ,Nam,3.5
4193,Nhà mặt tiền,3.8,31.0,m²,3.0,3.0,3.0,10.5,"Đường Huỳnh Thúc Kháng, Phường Trần Hưng Đạo, TP. Nam Định, Nam Định",Nam Định,TP. Nam Định,Sổ đỏ,Đông Nam,3.0
4194,Biệt thự,8.0,610.0,m²,4.0,2.0,2.0,30.0,"Xã Lộc Hòa, TP. Nam Định, Nam Định",Nam Định,TP. Nam Định,Giấy tờ hợp lệ,Đông Bắc,20.0
4195,Nhà hẻm ngõ,1.48,48.5,m²,2.0,2.0,2.0,9.0,"Phường Trần Hưng Đạo, TP. Nam Định, Nam Định",Nam Định,TP. Nam Định,Giấy tờ hợp lệ,Tây Nam,5.3
4196,Nhà hẻm ngõ,2.1,53.0,m²,3.0,2.0,,15.7,"Đường Trần Huy Liệu, Phường Văn Miếu, TP. Nam Định, Nam Định",Nam Định,TP. Nam Định,Sổ đỏ,Nam,3.5
4197,Nhà mặt tiền,3.8,31.0,m²,3.0,3.0,3.0,10.5,"Đường Huỳnh Thúc Kháng, Phường Trần Hưng Đạo, TP. Nam Định, Nam Định",Nam Định,TP. Nam Định,Sổ đỏ,Đông Nam,3.0
4198,Biệt thự,8.0,610.0,m²,4.0,2.0,2.0,30.0,"Xã Lộc Hòa, TP. Nam Định, Nam Định",Nam Định,TP. Nam Định,Giấy tờ hợp lệ,Đông Bắc,20.0
4199,Nhà hẻm ngõ,1.48,48.5,m²,2.0,2.0,2.0,9.0,"Phường Trần Hưng Đạo, TP. Nam Định, Nam Định",Nam Định,TP. Nam Định,Giấy tờ hợp lệ,Tây Nam,5.3
4200,Nhà hẻm ngõ,2.1,53.0,m²,3.0,2.0,,15.7,"Đường Trần Huy Liệu, Phường Văn Miếu, TP. Nam Định, Nam Định",Nam Định,TP. Nam Định,Sổ đỏ,Nam,3.5
4201,Nhà mặt tiền,3.8,31.0,m²,3.0,3.0,3.0,10.5,"Đường Huỳnh Thúc Kháng, Phường Trần Hưng Đạo, TP. Nam Định, Nam Định",Nam Định,TP. Nam Định,Sổ đỏ,Đông Nam,3.0
4202,Biệt thự,8.0,610.0,m²,4.0,2.0,2.0,30.0,"Xã Lộc Hòa, TP. Nam Định, Nam Định",Nam Định,TP. Nam Định,Giấy tờ hợp lệ,Đông Bắc,20.0
4203,Nhà hẻm ngõ,1.48,48.5,m²,2.0,2.0,2.0,9.0,"Phường Trần Hưng Đạo, TP. Nam Định, Nam Định",Nam Định,TP. Nam Định,Giấy tờ hợp lệ,Tây Nam,5.3
4204,Nhà hẻm ngõ,2.1,53.0,m²,3.0,2.0,,15.7,"Đường Trần Huy Liệu, Phường Văn Miếu, TP. Nam Định, Nam Định",Nam Định,TP. Nam Định,Sổ đỏ,Nam,3.5
4205,Nhà mặt tiền,3.8,31.0,m²,3.0,3.0,3.0,10.5,"Đường Huỳnh Thúc Kháng, Phường Trần Hưng Đạo, TP. Nam Định, Nam Định",Nam Định,TP. Nam Định,Sổ đỏ,Đông Nam,3.0
4206,Biệt thự,8.0,610.0,m²,4.0,2.0,2.0,30.0,"Xã Lộc Hòa, TP. Nam Định, Nam Định",Nam Định,TP. Nam Định,Giấy tờ hợp lệ,Đông Bắc,20.0
4207,Nhà hẻm ngõ,1.48,48.5,m²,2.0,2.0,2.0,9.0,"Phường Trần Hưng Đạo, TP. Nam Định, Nam Định",Nam Định,TP. Nam Định,Giấy tờ hợp lệ,Tây Nam,5.3
4208,Nhà hẻm ngõ,2.1,53.0,m²,3.0,2.0,,15.7,"Đường Trần Huy Liệu, Phường Văn Miếu, TP. Nam Định, Nam Định",Nam Định,TP. Nam Định,Sổ đỏ,Nam,3.5
4209,Nhà mặt tiền,3.8,31.0,m²,3.0,3.0,3.0,10.5,"Đường Huỳnh Thúc Kháng, Phường Trần Hưng Đạo, TP. Nam Định, Nam Định",Nam Định,TP. Nam Định,Sổ đỏ,Đông Nam,3.0
4210,Biệt thự,8.0,610.0,m²,4.0,2.0,2.0,30.0,"Xã Lộc Hòa, TP. Nam Định, Nam Định",Nam Định,TP. Nam Định,Giấy tờ hợp lệ,Đông Bắc,20.0
4211,Nhà hẻm ngõ,1.48,48.5,m²,2.0,2.0,2.0,9.0,"Phường Trần Hưng Đạo, TP. Nam Định, Nam Định",Nam Định,TP. Nam Định,Giấy tờ hợp lệ,Tây Nam,5.3
4212,Nhà hẻm ngõ,2.1,53.0,m²,3.0,2.0,,15.7,"Đường Trần Huy Liệu, Phường Văn Miếu, TP. Nam Định, Nam Định",Nam Định,TP. Nam Định,Sổ đỏ,Nam,3.5
4213,Nhà mặt tiền,3.8,31.0,m²,3.0,3.0,3.0,10.5,"Đường Huỳnh Thúc Kháng, Phường Trần Hưng Đạo, TP. Nam Định, Nam Định",Nam Định,TP. Nam Định,Sổ đỏ,Đông Nam,3.0
4214,Biệt thự,8.0,610.0,m²,4.0,2.0,2.0,30.0,"Xã Lộc Hòa, TP. Nam Định, Nam Định",Nam Định,TP. Nam Định,Giấy tờ hợp lệ,Đông Bắc,20.0
4215,Nhà hẻm ngõ,1.48,48.5,m²,2.0,2.0,2.0,9.0,"Phường Trần Hưng Đạo, TP. Nam Định, Nam Định",Nam Định,TP. Nam Định,Giấy tờ hợp lệ,Tây Nam,5.3
4216,Nhà hẻm ngõ,2.1,53.0,m²,3.0,2.0,,15.7,"Đường Trần Huy Liệu, Phường Văn Miếu, TP. Nam Định, Nam Định",Nam Định,TP. Nam Định,Sổ đỏ,Nam,3.5
4217,Nhà mặt tiền,3.8,31.0,m²,3.0,3.0,3.0,10.5,"Đường Huỳnh Thúc Kháng, Phường Trần Hưng Đạo, TP. Nam Định, Nam Định",Nam Định,TP. Nam Định,Sổ đỏ,Đông Nam,3.0
4218,Biệt thự,8.0,610.0,m²,4.0,2.0,2.0,30.0,"Xã Lộc Hòa, TP. Nam Định, Nam Định",Nam Định,TP. Nam Định,Giấy tờ hợp lệ,Đông Bắc,20.0
4219,Nhà hẻm ngõ,1.48,48.5,m²,2.0,2.0,2.0,9.0,"Phường Trần Hưng Đạo, TP. Nam Định, Nam Định",Nam Định,TP. Nam Định,Giấy tờ hợp lệ,Tây Nam,5.3
4220,Nhà hẻm ngõ,2.1,53.0,m²,3.0,2.0,,15.7,"Đường Trần Huy Liệu, Phường Văn Miếu, TP. Nam Định, Nam Định",Nam Định,TP. Nam Định,Sổ đỏ,Nam,3.5
4221,Nhà mặt tiền,3.8,31.0,m²,3.0,3.0,3.0,10.5,"Đường Huỳnh Thúc Kháng, Phường Trần Hưng Đạo, TP. Nam Định, Nam Định",Nam Định,TP. Nam Định,Sổ đỏ,Đông Nam,3.0
4222,Biệt thự,8.0,610.0,m²,4.0,2.0,2.0,30.0,"Xã Lộc Hòa, TP. Nam Định, Nam Định",Nam Định,TP. Nam Định,Giấy tờ hợp lệ,Đông Bắc,20.0
4223,Nhà hẻm ngõ,1.48,48.5,m²,2.0,2.0,2.0,9.0,"Phường Trần Hưng Đạo, TP. Nam Định, Nam Định",Nam Định,TP. Nam Định,Giấy tờ hợp lệ,Tây Nam,5.3
4224,Nhà hẻm ngõ,2.1,53.0,m²,3.0,2.0,,15.7,"Đường Trần Huy Liệu, Phường Văn Miếu, TP. Nam Định, Nam Định",Nam Định,TP. Nam Định,Sổ đỏ,Nam,3.5
4225,Nhà mặt tiền,3.8,31.0,m²,3.0,3.0,3.0,10.5,"Đường Huỳnh Thúc Kháng, Phường Trần Hưng Đạo, TP. Nam Định, Nam Định",Nam Định,TP. Nam Định,Sổ đỏ,Đông Nam,3.0
4226,Biệt thự,8.0,610.0,m²,4.0,2.0,2.0,30.0,"Xã Lộc Hòa, TP. Nam Định, Nam Định",Nam Định,TP. Nam Định,Giấy tờ hợp lệ,Đông Bắc,20.0
4227,Nhà hẻm ngõ,1.48,48.5,m²,2.0,2.0,2.0,9.0,"Phường Trần Hưng Đạo, TP. Nam Định, Nam Định",Nam Định,TP. Nam Định,Giấy tờ hợp lệ,Tây Nam,5.3
4228,Nhà hẻm ngõ,2.1,53.0,m²,3.0,2.0,,15.7,"Đường Trần Huy Liệu, Phường Văn Miếu, TP. Nam Định, Nam Định",Nam Định,TP. Nam Định,Sổ đỏ,Nam,3.5
4229,Nhà mặt tiền,3.8,31.0,m²,3.0,3.0,3.0,10.5,"Đường Huỳnh Thúc Kháng, Phường Trần Hưng Đạo, TP. Nam Định, Nam Định",Nam Định,TP. Nam Định,Sổ đỏ,Đông Nam,3.0
4230,Biệt thự,8.0,610.0,m²,4.0,2.0,2.0,30.0,"Xã Lộc Hòa, TP. Nam Định, Nam Định",Nam Định,TP. Nam Định,Giấy tờ hợp lệ,Đông Bắc,20.0
4231,Nhà hẻm ngõ,1.48,48.5,m²,2.0,2.0,2.0,9.0,"Phường Trần Hưng Đạo, TP. Nam Định, Nam Định",Nam Định,TP. Nam Định,Giấy tờ hợp lệ,Tây Nam,5.3
4232,Nhà hẻm ngõ,2.1,53.0,m²,3.0,2.0,,15.7,"Đường Trần Huy Liệu, Phường Văn Miếu, TP. Nam Định, Nam Định",Nam Định,TP. Nam Định,Sổ đỏ,Nam,3.5
4233,Nhà mặt tiền,3.8,31.0,m²,3.0,3.0,3.0,10.5,"Đường Huỳnh Thúc Kháng, Phường Trần Hưng Đạo, TP. Nam Định, Nam Định",Nam Định,TP. Nam Định,Sổ đỏ,Đông Nam,3.0
4234,Biệt thự,8.0,610.0,m²,4.0,2.0,2.0,30.0,"Xã Lộc Hòa, TP. Nam Định, Nam Định",Nam Định,TP. Nam Định,Giấy tờ hợp lệ,Đông Bắc,20.0
4235,Nhà hẻm ngõ,1.48,48.5,m²,2.0,2.0,2.0,9.0,"Phường Trần Hưng Đạo, TP. Nam Định, Nam Định",Nam Định,TP. Nam Định,Giấy tờ hợp lệ,Tây Nam,5.3
4236,Nhà hẻm ngõ,2.1,53.0,m²,3.0,2.0,,15.7,"Đường Trần Huy Liệu, Phường Văn Miếu, TP. Nam Định, Nam Định",Nam Định,TP. Nam Định,Sổ đỏ,Nam,3.5
4237,Nhà mặt tiền,3.8,31.0,m²,3.0,3.0,3.0,10.5,"Đường Huỳnh Thúc Kháng, Phường Trần Hưng Đạo, TP. Nam Định, Nam Định",Nam Định,TP. Nam Định,Sổ đỏ,Đông Nam,3.0
4238,Biệt thự,8.0,610.0,m²,4.0,2.0,2.0,30.0,"Xã Lộc Hòa, TP. Nam Định, Nam Định",Nam Định,TP. Nam Định,Giấy tờ hợp lệ,Đông Bắc,20.0
4239,Nhà hẻm ngõ,1.48,48.5,m²,2.0,2.0,2.0,9.0,"Phường Trần Hưng Đạo, TP. Nam Định, Nam Định",Nam Định,TP. Nam Định,Giấy tờ hợp lệ,Tây Nam,5.3
4240,Nhà hẻm ngõ,2.1,53.0,m²,3.0,2.0,,15.7,"Đường Trần Huy Liệu, Phường Văn Miếu, TP. Nam Định, Nam Định",Nam Định,TP. Nam Định,Sổ đỏ,Nam,3.5
4241,Nhà mặt tiền,3.8,31.0,m²,3.0,3.0,3.0,10.5,"Đường Huỳnh Thúc Kháng, Phường Trần Hưng Đạo, TP. Nam Định, Nam Định",Nam Định,TP. Nam Định,Sổ đỏ,Đông Nam,3.0
4242,Biệt thự,8.0,610.0,m²,4.0,2.0,2.0,30.0,"Xã Lộc Hòa, TP. Nam Định, Nam Định",Nam Định,TP. Nam Định,Giấy tờ hợp lệ,Đông Bắc,20.0
4243,Nhà hẻm ngõ,1.48,48.5,m²,2.0,2.0,2.0,9.0,"Phường Trần Hưng Đạo, TP. Nam Định, Nam Định",Nam Định,TP. Nam Định,Giấy tờ hợp lệ,Tây Nam,5.3
4244,Nhà hẻm ngõ,2.1,53.0,m²,3.0,2.0,,15.7,"Đường Trần Huy Liệu, Phường Văn Miếu, TP. Nam Định, Nam Định",Nam Định,TP. Nam Định,Sổ đỏ,Nam,3.5
4245,Nhà mặt tiền,3.8,31.0,m²,3.0,3.0,3.0,10.5,"Đường Huỳnh Thúc Kháng, Phường Trần Hưng Đạo, TP. Nam Định, Nam Định",Nam Định,TP. Nam Định,Sổ đỏ,Đông Nam,3.0
4246,Biệt thự,8.0,610.0,m²,4.0,2.0,2.0,30.0,"Xã Lộc Hòa, TP. Nam Định, Nam Định",Nam Định,TP. Nam Định,Giấy tờ hợp lệ,Đông Bắc,20.0
4247,Nhà hẻm ngõ,1.48,48.5,m²,2.0,2.0,2.0,9.0,"Phường Trần Hưng Đạo, TP. Nam Định, Nam Định",Nam Định,TP. Nam Định,Giấy tờ hợp lệ,Tây Nam,5.3
4248,Nhà hẻm ngõ,2.1,53.0,m²,3.0,2.0,,15.7,"Đường Trần Huy Liệu, Phường Văn Miếu, TP. Nam Định, Nam Định",Nam Định,TP. Nam Định,Sổ đỏ,Nam,3.5
4249,Nhà mặt tiền,3.8,31.0,m²,3.0,3.0,3.0,10.5,"Đường Huỳnh Thúc Kháng, Phường Trần Hưng Đạo, TP. Nam Định, Nam Định",Nam Định,TP. Nam Định,Sổ đỏ,Đông Nam,3.0
4250,Biệt thự,8.0,610.0,m²,4.0,2.0,2.0,30.0,"Xã Lộc Hòa, TP. Nam Định, Nam Định",Nam Định,TP. Nam Định,Giấy tờ hợp lệ,Đông Bắc,20.0
4251,Nhà hẻm ngõ,1.48,48.5,m²,2.0,2.0,2.0,9.0,"Phường Trần Hưng Đạo, TP. Nam Định, Nam Định",Nam Định,TP. Nam Định,Giấy tờ hợp lệ,Tây Nam,5.3
4252,Nhà hẻm ngõ,2.1,53.0,m²,3.0,2.0,,15.7,"Đường Trần Huy Liệu, Phường Văn Miếu, TP. Nam Định, Nam Định",Nam Định,TP. Nam Định,Sổ đỏ,Nam,3.5
4253,Nhà mặt tiền,3.8,31.0,m²,3.0,3.0,3.0,10.5,"Đường Huỳnh Thúc Kháng, Phường Trần Hưng Đạo, TP. Nam Định, Nam Định",Nam Định,TP. Nam Định,Sổ đỏ,Đông Nam,3.0
4254,Biệt thự,8.0,610.0,m²,4.0,2.0,2.0,30.0,"Xã Lộc Hòa, TP. Nam Định, Nam Định",Nam Định,TP. Nam Định,Giấy tờ hợp lệ,Đông Bắc,20.0
4255,Nhà hẻm ngõ,1.48,48.5,m²,2.0,2.0,2.0,9.0,"Phường Trần Hưng Đạo, TP. Nam Định, Nam Định",Nam Định,TP. Nam Định,Giấy tờ hợp lệ,Tây Nam,5.3
4256,Nhà hẻm ngõ,2.1,53.0,m²,3.0,2.0,,15.7,"Đường Trần Huy Liệu, Phường Văn Miếu, TP. Nam Định, Nam Định",Nam Định,TP. Nam Định,Sổ đỏ,Nam,3.5
4257,Nhà mặt tiền,3.8,31.0,m²,3.0,3.0,3.0,10.5,"Đường Huỳnh Thúc Kháng, Phường Trần Hưng Đạo, TP. Nam Định, Nam Định",Nam Định,TP. Nam Định,Sổ đỏ,Đông Nam,3.0
4258,Biệt thự,8.0,610.0,m²,4.0,2.0,2.0,30.0,"Xã Lộc Hòa, TP. Nam Định, Nam Định",Nam Định,TP. Nam Định,Giấy tờ hợp lệ,Đông Bắc,20.0
4259,Nhà hẻm ngõ,1.48,48.5,m²,2.0,2.0,2.0,9.0,"Phường Trần Hưng Đạo, TP. Nam Định, Nam Định",Nam Định,TP. Nam Định,Giấy tờ hợp lệ,Tây Nam,5.3
4260,Nhà hẻm ngõ,2.1,53.0,m²,3.0,2.0,,15.7,"Đường Trần Huy Liệu, Phường Văn Miếu, TP. Nam Định, Nam Định",Nam Định,TP. Nam Định,Sổ đỏ,Nam,3.5
4261,Nhà mặt tiền,3.8,31.0,m²,3.0,3.0,3.0,10.5,"Đường Huỳnh Thúc Kháng, Phường Trần Hưng Đạo, TP. Nam Định, Nam Định",Nam Định,TP. Nam Định,Sổ đỏ,Đông Nam,3.0
4262,Biệt thự,8.0,610.0,m²,4.0,2.0,2.0,30.0,"Xã Lộc Hòa, TP. Nam Định, Nam Định",Nam Định,TP. Nam Định,Giấy tờ hợp lệ,Đông Bắc,20.0
4263,Nhà hẻm ngõ,1.48,48.5,m²,2.0,2.0,2.0,9.0,"Phường Trần Hưng Đạo, TP. Nam Định, Nam Định",Nam Định,TP. Nam Định,Giấy tờ hợp lệ,Tây Nam,5.3
4264,Nhà hẻm ngõ,2.1,53.0,m²,3.0,2.0,,15.7,"Đường Trần Huy Liệu, Phường Văn Miếu, TP. Nam Định, Nam Định",Nam Định,TP. Nam Định,Sổ đỏ,Nam,3.5
4265,Nhà mặt tiền,3.8,31.0,m²,3.0,3.0,3.0,10.5,"Đường Huỳnh Thúc Kháng, Phường Trần Hưng Đạo, TP. Nam Định, Nam Định",Nam Định,TP. Nam Định,Sổ đỏ,Đông Nam,3.0
4266,Biệt thự,8.0,610.0,m²,4.0,2.0,2.0,30.0,"Xã Lộc Hòa, TP. Nam Định, Nam Định",Nam Định,TP. Nam Định,Giấy tờ hợp lệ,Đông Bắc,20.0
4267,Nhà hẻm ngõ,1.48,48.5,m²,2.0,2.0,2.0,9.0,"Phường Trần Hưng Đạo, TP. Nam Định, Nam Định",Nam Định,TP. Nam Định,Giấy tờ hợp lệ,Tây Nam,5.3
4268,Nhà hẻm ngõ,2.1,53.0,m²,3.0,2.0,,15.7,"Đường Trần Huy Liệu, Phường Văn Miếu, TP. Nam Định, Nam Định",Nam Định,TP. Nam Định,Sổ đỏ,Nam,3.5
4269,Nhà mặt tiền,3.8,31.0,m²,3.0,3.0,3.0,10.5,"Đường Huỳnh Thúc Kháng, Phường Trần Hưng Đạo, TP. Nam Định, Nam Định",Nam Định,TP. Nam Định,Sổ đỏ,Đông Nam,3.0
4270,Biệt thự,8.0,610.0,m²,4.0,2.0,2.0,30.0,"Xã Lộc Hòa, TP. Nam Định, Nam Định",Nam Định,TP. Nam Định,Giấy tờ hợp lệ,Đông Bắc,20.0
4271,Nhà hẻm ngõ,1.48,48.5,m²,2.0,2.0,2.0,9.0,"Phường Trần Hưng Đạo, TP. Nam Định, Nam Định",Nam Định,TP. Nam Định,Giấy tờ hợp lệ,Tây Nam,5.3
4272,Nhà hẻm ngõ,2.1,53.0,m²,3.0,2.0,,15.7,"Đường Trần Huy Liệu, Phường Văn Miếu, TP. Nam Định, Nam Định",Nam Định,TP. Nam Định,Sổ đỏ,Nam,3.5
4273,Nhà mặt tiền,3.8,31.0,m²,3.0,3.0,3.0,10.5,"Đường Huỳnh Thúc Kháng, Phường Trần Hưng Đạo, TP. Nam Định, Nam Định",Nam Định,TP. Nam Định,Sổ đỏ,Đông Nam,3.0
4274,Biệt thự,8.0,610.0,m²,4.0,2.0,2.0,30.0,"Xã Lộc Hòa, TP. Nam Định, Nam Định",Nam Định,TP. Nam Định,Giấy tờ hợp lệ,Đông Bắc,20.0
4275,Nhà hẻm ngõ,1.48,48.5,m²,2.0,2.0,2.0,9.0,"Phường Trần Hưng Đạo, TP. Nam Định, Nam Định",Nam Định,TP. Nam Định,Giấy tờ hợp lệ,Tây Nam,5.3
4276,Nhà mặt tiền,8.5,56.0,m²,6.0,7.0,4.0,8.0,"Phường Thanh Sơn, TP. Phan Rang-Tháp Chàm, Ninh Thuận",Ninh Thuận,TP. Phan Rang-Tháp Chàm,Giấy tờ hợp lệ,,7.0
4277,Nhà mặt tiền,5.5,90.0,m²,5.0,5.0,2.0,18.0,"Phường Thanh Sơn, TP. Phan Rang-Tháp Chàm, Ninh Thuận",Ninh Thuận,TP. Phan Rang-Tháp Chàm,Giấy tờ hợp lệ,Tây,5.0
4278,Nhà hẻm ngõ,2.49,226.0,m²,2.0,,,21.7,"Xã An Hải, Huyện Ninh Phước, Ninh Thuận",Ninh Thuận,Huyện Ninh Phước,Giấy tờ hợp lệ,Nam,10.0
4279,Mặt tiền,3.8,50.0,m²,5.0,4.0,4.0,11.0,"Phường Thanh Sơn, TP. Phan Rang-Tháp Chàm, Ninh Thuận",Ninh Thuận,TP. Phan Rang-Tháp Chàm,Giấy tờ hợp lệ,Nam,4.5
4280,Nhà hẻm ngõ,2.75,415.0,m²,2.0,2.0,,,"Xã An Hải, Huyện Ninh Phước, Ninh Thuận",Ninh Thuận,Huyện Ninh Phước,Hợp đồng mua bán,Đông,
4281,Mặt tiền,7.9,96.0,m²,6.0,6.0,3.0,12.0,"Phường Kinh Dinh, TP. Phan Rang-Tháp Chàm, Ninh Thuận",Ninh Thuận,TP. Phan Rang-Tháp Chàm,Giấy tờ hợp lệ,Nam,8.0
4282,Biệt thự,21.0,1400.0,m²,8.0,6.0,4.0,40.0,"Xã Yên Sơn, Huyện Thanh Sơn, Phú Thọ",Phú Thọ,Huyện Thanh Sơn,Giấy tờ hợp lệ,Đông,38.0
4283,Biệt thự,21.0,1400.0,m²,8.0,6.0,4.0,40.0,"Xã Yên Sơn, Huyện Thanh Sơn, Phú Thọ",Phú Thọ,Huyện Thanh Sơn,Giấy tờ hợp lệ,Đông,38.0
4284,Nhà hẻm ngõ,3.5,180.0,m²,2.0,2.0,,22.5,"Phường Xuân Yên, Thị Xã Sông Cầu, Phú Yên",Phú Yên,Thị Xã Sông Cầu,Giấy tờ hợp lệ,,8.0
4285,Nhà hẻm ngõ,2.2,134.0,m²,,,,14.0,"Đường Hùng Vương, Xã Hòa Hiệp Trung, Huyện Đông Hoà, Phú Yên",Phú Yên,Huyện Đông Hoà,Sổ hồng,,9.7
4286,Mặt tiền,7.0,100.0,m²,4.0,4.0,4.0,20.0,"53, Đường Nguyễn thế Bảo, Phường 9, TP. Tuy Hoà, Phú Yên",Phú Yên,TP. Tuy Hoà,Sổ đỏ,Đông,5.0
4287,Nhà hẻm ngõ,3.5,180.0,m²,2.0,2.0,,22.5,"Phường Xuân Yên, Thị Xã Sông Cầu, Phú Yên",Phú Yên,Thị Xã Sông Cầu,Giấy tờ hợp lệ,,8.0
4288,Nhà hẻm ngõ,2.2,134.0,m²,,,,14.0,"Đường Hùng Vương, Xã Hòa Hiệp Trung, Huyện Đông Hoà, Phú Yên",Phú Yên,Huyện Đông Hoà,Sổ hồng,,9.7
4289,Mặt tiền,7.0,100.0,m²,4.0,4.0,4.0,20.0,"53, Đường Nguyễn thế Bảo, Phường 9, TP. Tuy Hoà, Phú Yên",Phú Yên,TP. Tuy Hoà,Sổ đỏ,Đông,5.0
4290,Nhà hẻm ngõ,3.5,180.0,m²,2.0,2.0,,22.5,"Phường Xuân Yên, Thị Xã Sông Cầu, Phú Yên",Phú Yên,Thị Xã Sông Cầu,Giấy tờ hợp lệ,,8.0
4291,Nhà hẻm ngõ,2.2,134.0,m²,,,,14.0,"Đường Hùng Vương, Xã Hòa Hiệp Trung, Huyện Đông Hoà, Phú Yên",Phú Yên,Huyện Đông Hoà,Sổ hồng,,9.7
4292,Mặt tiền,7.0,100.0,m²,4.0,4.0,4.0,20.0,"53, Đường Nguyễn thế Bảo, Phường 9, TP. Tuy Hoà, Phú Yên",Phú Yên,TP. Tuy Hoà,Sổ đỏ,Đông,5.0
4293,Nhà hẻm ngõ,3.5,180.0,m²,2.0,2.0,,22.5,"Phường Xuân Yên, Thị Xã Sông Cầu, Phú Yên",Phú Yên,Thị Xã Sông Cầu,Giấy tờ hợp lệ,,8.0
4294,Nhà hẻm ngõ,2.2,134.0,m²,,,,14.0,"Đường Hùng Vương, Xã Hòa Hiệp Trung, Huyện Đông Hoà, Phú Yên",Phú Yên,Huyện Đông Hoà,Sổ hồng,,9.7
4295,Mặt tiền,7.0,100.0,m²,4.0,4.0,4.0,20.0,"53, Đường Nguyễn thế Bảo, Phường 9, TP. Tuy Hoà, Phú Yên",Phú Yên,TP. Tuy Hoà,Sổ đỏ,Đông,5.0
4296,Nhà hẻm ngõ,3.5,180.0,m²,2.0,2.0,,22.5,"Phường Xuân Yên, Thị Xã Sông Cầu, Phú Yên",Phú Yên,Thị Xã Sông Cầu,Giấy tờ hợp lệ,,8.0
4297,Nhà hẻm ngõ,2.2,134.0,m²,,,,14.0,"Đường Hùng Vương, Xã Hòa Hiệp Trung, Huyện Đông Hoà, Phú Yên",Phú Yên,Huyện Đông Hoà,Sổ hồng,,9.7
4298,Mặt tiền,7.0,100.0,m²,4.0,4.0,4.0,20.0,"53, Đường Nguyễn thế Bảo, Phường 9, TP. Tuy Hoà, Phú Yên",Phú Yên,TP. Tuy Hoà,Sổ đỏ,Đông,5.0
4299,Nhà hẻm ngõ,3.5,180.0,m²,2.0,2.0,,22.5,"Phường Xuân Yên, Thị Xã Sông Cầu, Phú Yên",Phú Yên,Thị Xã Sông Cầu,Giấy tờ hợp lệ,,8.0
4300,Nhà hẻm ngõ,2.2,134.0,m²,,,,14.0,"Đường Hùng Vương, Xã Hòa Hiệp Trung, Huyện Đông Hoà, Phú Yên",Phú Yên,Huyện Đông Hoà,Sổ hồng,,9.7
4301,Mặt tiền,7.0,100.0,m²,4.0,4.0,4.0,20.0,"53, Đường Nguyễn thế Bảo, Phường 9, TP. Tuy Hoà, Phú Yên",Phú Yên,TP. Tuy Hoà,Sổ đỏ,Đông,5.0
4302,Nhà hẻm ngõ,3.5,180.0,m²,2.0,2.0,,22.5,"Phường Xuân Yên, Thị Xã Sông Cầu, Phú Yên",Phú Yên,Thị Xã Sông Cầu,Giấy tờ hợp lệ,,8.0
4303,Nhà hẻm ngõ,2.2,134.0,m²,,,,14.0,"Đường Hùng Vương, Xã Hòa Hiệp Trung, Huyện Đông Hoà, Phú Yên",Phú Yên,Huyện Đông Hoà,Sổ hồng,,9.7
4304,Mặt tiền,7.0,100.0,m²,4.0,4.0,4.0,20.0,"53, Đường Nguyễn thế Bảo, Phường 9, TP. Tuy Hoà, Phú Yên",Phú Yên,TP. Tuy Hoà,Sổ đỏ,Đông,5.0
4305,Nhà hẻm ngõ,3.5,180.0,m²,2.0,2.0,,22.5,"Phường Xuân Yên, Thị Xã Sông Cầu, Phú Yên",Phú Yên,Thị Xã Sông Cầu,Giấy tờ hợp lệ,,8.0
4306,Nhà hẻm ngõ,2.2,134.0,m²,,,,14.0,"Đường Hùng Vương, Xã Hòa Hiệp Trung, Huyện Đông Hoà, Phú Yên",Phú Yên,Huyện Đông Hoà,Sổ hồng,,9.7
4307,Mặt tiền,7.0,100.0,m²,4.0,4.0,4.0,20.0,"53, Đường Nguyễn thế Bảo, Phường 9, TP. Tuy Hoà, Phú Yên",Phú Yên,TP. Tuy Hoà,Sổ đỏ,Đông,5.0
4308,Nhà hẻm ngõ,3.5,180.0,m²,2.0,2.0,,22.5,"Phường Xuân Yên, Thị Xã Sông Cầu, Phú Yên",Phú Yên,Thị Xã Sông Cầu,Giấy tờ hợp lệ,,8.0
4309,Nhà hẻm ngõ,2.2,134.0,m²,,,,14.0,"Đường Hùng Vương, Xã Hòa Hiệp Trung, Huyện Đông Hoà, Phú Yên",Phú Yên,Huyện Đông Hoà,Sổ hồng,,9.7
4310,Mặt tiền,7.0,100.0,m²,4.0,4.0,4.0,20.0,"53, Đường Nguyễn thế Bảo, Phường 9, TP. Tuy Hoà, Phú Yên",Phú Yên,TP. Tuy Hoà,Sổ đỏ,Đông,5.0
4311,Nhà hẻm ngõ,3.5,180.0,m²,2.0,2.0,,22.5,"Phường Xuân Yên, Thị Xã Sông Cầu, Phú Yên",Phú Yên,Thị Xã Sông Cầu,Giấy tờ hợp lệ,,8.0
4312,Nhà hẻm ngõ,2.2,134.0,m²,,,,14.0,"Đường Hùng Vương, Xã Hòa Hiệp Trung, Huyện Đông Hoà, Phú Yên",Phú Yên,Huyện Đông Hoà,Sổ hồng,,9.7
4313,Mặt tiền,7.0,100.0,m²,4.0,4.0,4.0,20.0,"53, Đường Nguyễn thế Bảo, Phường 9, TP. Tuy Hoà, Phú Yên",Phú Yên,TP. Tuy Hoà,Sổ đỏ,Đông,5.0
4314,Nhà hẻm ngõ,3.5,180.0,m²,2.0,2.0,,22.5,"Phường Xuân Yên, Thị Xã Sông Cầu, Phú Yên",Phú Yên,Thị Xã Sông Cầu,Giấy tờ hợp lệ,,8.0
4315,Nhà hẻm ngõ,2.2,134.0,m²,,,,14.0,"Đường Hùng Vương, Xã Hòa Hiệp Trung, Huyện Đông Hoà, Phú Yên",Phú Yên,Huyện Đông Hoà,Sổ hồng,,9.7
4316,Mặt tiền,7.0,100.0,m²,4.0,4.0,4.0,20.0,"53, Đường Nguyễn thế Bảo, Phường 9, TP. Tuy Hoà, Phú Yên",Phú Yên,TP. Tuy Hoà,Sổ đỏ,Đông,5.0
4317,Nhà hẻm ngõ,3.5,180.0,m²,2.0,2.0,,22.5,"Phường Xuân Yên, Thị Xã Sông Cầu, Phú Yên",Phú Yên,Thị Xã Sông Cầu,Giấy tờ hợp lệ,,8.0
4318,Nhà hẻm ngõ,2.2,134.0,m²,,,,14.0,"Đường Hùng Vương, Xã Hòa Hiệp Trung, Huyện Đông Hoà, Phú Yên",Phú Yên,Huyện Đông Hoà,Sổ hồng,,9.7
4319,Mặt tiền,7.0,100.0,m²,4.0,4.0,4.0,20.0,"53, Đường Nguyễn thế Bảo, Phường 9, TP. Tuy Hoà, Phú Yên",Phú Yên,TP. Tuy Hoà,Sổ đỏ,Đông,5.0
4320,Nhà hẻm ngõ,3.5,180.0,m²,2.0,2.0,,22.5,"Phường Xuân Yên, Thị Xã Sông Cầu, Phú Yên",Phú Yên,Thị Xã Sông Cầu,Giấy tờ hợp lệ,,8.0
4321,Nhà hẻm ngõ,2.2,134.0,m²,,,,14.0,"Đường Hùng Vương, Xã Hòa Hiệp Trung, Huyện Đông Hoà, Phú Yên",Phú Yên,Huyện Đông Hoà,Sổ hồng,,9.7
4322,Mặt tiền,7.0,100.0,m²,4.0,4.0,4.0,20.0,"53, Đường Nguyễn thế Bảo, Phường 9, TP. Tuy Hoà, Phú Yên",Phú Yên,TP. Tuy Hoà,Sổ đỏ,Đông,5.0
4323,Nhà hẻm ngõ,3.5,180.0,m²,2.0,2.0,,22.5,"Phường Xuân Yên, Thị Xã Sông Cầu, Phú Yên",Phú Yên,Thị Xã Sông Cầu,Giấy tờ hợp lệ,,8.0
4324,Nhà hẻm ngõ,2.2,134.0,m²,,,,14.0,"Đường Hùng Vương, Xã Hòa Hiệp Trung, Huyện Đông Hoà, Phú Yên",Phú Yên,Huyện Đông Hoà,Sổ hồng,,9.7
4325,Mặt tiền,7.0,100.0,m²,4.0,4.0,4.0,20.0,"53, Đường Nguyễn thế Bảo, Phường 9, TP. Tuy Hoà, Phú Yên",Phú Yên,TP. Tuy Hoà,Sổ đỏ,Đông,5.0
4326,Nhà hẻm ngõ,3.5,180.0,m²,2.0,2.0,,22.5,"Phường Xuân Yên, Thị Xã Sông Cầu, Phú Yên",Phú Yên,Thị Xã Sông Cầu,Giấy tờ hợp lệ,,8.0
4327,Nhà hẻm ngõ,2.2,134.0,m²,,,,14.0,"Đường Hùng Vương, Xã Hòa Hiệp Trung, Huyện Đông Hoà, Phú Yên",Phú Yên,Huyện Đông Hoà,Sổ hồng,,9.7
4328,Mặt tiền,7.0,100.0,m²,4.0,4.0,4.0,20.0,"53, Đường Nguyễn thế Bảo, Phường 9, TP. Tuy Hoà, Phú Yên",Phú Yên,TP. Tuy Hoà,Sổ đỏ,Đông,5.0
4329,Nhà hẻm ngõ,3.5,180.0,m²,2.0,2.0,,22.5,"Phường Xuân Yên, Thị Xã Sông Cầu, Phú Yên",Phú Yên,Thị Xã Sông Cầu,Giấy tờ hợp lệ,,8.0
4330,Nhà hẻm ngõ,2.2,134.0,m²,,,,14.0,"Đường Hùng Vương, Xã Hòa Hiệp Trung, Huyện Đông Hoà, Phú Yên",Phú Yên,Huyện Đông Hoà,Sổ hồng,,9.7
4331,Mặt tiền,7.0,100.0,m²,4.0,4.0,4.0,20.0,"53, Đường Nguyễn thế Bảo, Phường 9, TP. Tuy Hoà, Phú Yên",Phú Yên,TP. Tuy Hoà,Sổ đỏ,Đông,5.0
4332,Nhà hẻm ngõ,3.5,180.0,m²,2.0,2.0,,22.5,"Phường Xuân Yên, Thị Xã Sông Cầu, Phú Yên",Phú Yên,Thị Xã Sông Cầu,Giấy tờ hợp lệ,,8.0
4333,Nhà hẻm ngõ,2.2,134.0,m²,,,,14.0,"Đường Hùng Vương, Xã Hòa Hiệp Trung, Huyện Đông Hoà, Phú Yên",Phú Yên,Huyện Đông Hoà,Sổ hồng,,9.7
4334,Mặt tiền,7.0,100.0,m²,4.0,4.0,4.0,20.0,"53, Đường Nguyễn thế Bảo, Phường 9, TP. Tuy Hoà, Phú Yên",Phú Yên,TP. Tuy Hoà,Sổ đỏ,Đông,5.0
4335,Nhà hẻm ngõ,3.5,180.0,m²,2.0,2.0,,22.5,"Phường Xuân Yên, Thị Xã Sông Cầu, Phú Yên",Phú Yên,Thị Xã Sông Cầu,Giấy tờ hợp lệ,,8.0
4336,Nhà hẻm ngõ,2.2,134.0,m²,,,,14.0,"Đường Hùng Vương, Xã Hòa Hiệp Trung, Huyện Đông Hoà, Phú Yên",Phú Yên,Huyện Đông Hoà,Sổ hồng,,9.7
4337,Mặt tiền,7.0,100.0,m²,4.0,4.0,4.0,20.0,"53, Đường Nguyễn thế Bảo, Phường 9, TP. Tuy Hoà, Phú Yên",Phú Yên,TP. Tuy Hoà,Sổ đỏ,Đông,5.0
4338,Nhà hẻm ngõ,3.5,180.0,m²,2.0,2.0,,22.5,"Phường Xuân Yên, Thị Xã Sông Cầu, Phú Yên",Phú Yên,Thị Xã Sông Cầu,Giấy tờ hợp lệ,,8.0
4339,Nhà hẻm ngõ,2.2,134.0,m²,,,,14.0,"Đường Hùng Vương, Xã Hòa Hiệp Trung, Huyện Đông Hoà, Phú Yên",Phú Yên,Huyện Đông Hoà,Sổ hồng,,9.7
4340,Mặt tiền,7.0,100.0,m²,4.0,4.0,4.0,20.0,"53, Đường Nguyễn thế Bảo, Phường 9, TP. Tuy Hoà, Phú Yên",Phú Yên,TP. Tuy Hoà,Sổ đỏ,Đông,5.0
4341,Nhà hẻm ngõ,3.5,180.0,m²,2.0,2.0,,22.5,"Phường Xuân Yên, Thị Xã Sông Cầu, Phú Yên",Phú Yên,Thị Xã Sông Cầu,Giấy tờ hợp lệ,,8.0
4342,Nhà hẻm ngõ,2.2,134.0,m²,,,,14.0,"Đường Hùng Vương, Xã Hòa Hiệp Trung, Huyện Đông Hoà, Phú Yên",Phú Yên,Huyện Đông Hoà,Sổ hồng,,9.7
4343,Mặt tiền,7.0,100.0,m²,4.0,4.0,4.0,20.0,"53, Đường Nguyễn thế Bảo, Phường 9, TP. Tuy Hoà, Phú Yên",Phú Yên,TP. Tuy Hoà,Sổ đỏ,Đông,5.0
4344,Nhà hẻm ngõ,3.5,180.0,m²,2.0,2.0,,22.5,"Phường Xuân Yên, Thị Xã Sông Cầu, Phú Yên",Phú Yên,Thị Xã Sông Cầu,Giấy tờ hợp lệ,,8.0
4345,Nhà hẻm ngõ,2.2,134.0,m²,,,,14.0,"Đường Hùng Vương, Xã Hòa Hiệp Trung, Huyện Đông Hoà, Phú Yên",Phú Yên,Huyện Đông Hoà,Sổ hồng,,9.7
4346,Mặt tiền,7.0,100.0,m²,4.0,4.0,4.0,20.0,"53, Đường Nguyễn thế Bảo, Phường 9, TP. Tuy Hoà, Phú Yên",Phú Yên,TP. Tuy Hoà,Sổ đỏ,Đông,5.0
4347,Nhà hẻm ngõ,3.5,180.0,m²,2.0,2.0,,22.5,"Phường Xuân Yên, Thị Xã Sông Cầu, Phú Yên",Phú Yên,Thị Xã Sông Cầu,Giấy tờ hợp lệ,,8.0
4348,Nhà hẻm ngõ,2.2,134.0,m²,,,,14.0,"Đường Hùng Vương, Xã Hòa Hiệp Trung, Huyện Đông Hoà, Phú Yên",Phú Yên,Huyện Đông Hoà,Sổ hồng,,9.7
4349,Mặt tiền,7.0,100.0,m²,4.0,4.0,4.0,20.0,"53, Đường Nguyễn thế Bảo, Phường 9, TP. Tuy Hoà, Phú Yên",Phú Yên,TP. Tuy Hoà,Sổ đỏ,Đông,5.0
4350,Nhà hẻm ngõ,3.5,180.0,m²,2.0,2.0,,22.5,"Phường Xuân Yên, Thị Xã Sông Cầu, Phú Yên",Phú Yên,Thị Xã Sông Cầu,Giấy tờ hợp lệ,,8.0
4351,Nhà hẻm ngõ,2.2,134.0,m²,,,,14.0,"Đường Hùng Vương, Xã Hòa Hiệp Trung, Huyện Đông Hoà, Phú Yên",Phú Yên,Huyện Đông Hoà,Sổ hồng,,9.7
4352,Mặt tiền,7.0,100.0,m²,4.0,4.0,4.0,20.0,"53, Đường Nguyễn thế Bảo, Phường 9, TP. Tuy Hoà, Phú Yên",Phú Yên,TP. Tuy Hoà,Sổ đỏ,Đông,5.0
4353,Nhà hẻm ngõ,3.5,180.0,m²,2.0,2.0,,22.5,"Phường Xuân Yên, Thị Xã Sông Cầu, Phú Yên",Phú Yên,Thị Xã Sông Cầu,Giấy tờ hợp lệ,,8.0
4354,Nhà hẻm ngõ,2.2,134.0,m²,,,,14.0,"Đường Hùng Vương, Xã Hòa Hiệp Trung, Huyện Đông Hoà, Phú Yên",Phú Yên,Huyện Đông Hoà,Sổ hồng,,9.7
4355,Mặt tiền,7.0,100.0,m²,4.0,4.0,4.0,20.0,"53, Đường Nguyễn thế Bảo, Phường 9, TP. Tuy Hoà, Phú Yên",Phú Yên,TP. Tuy Hoà,Sổ đỏ,Đông,5.0
4356,Nhà hẻm ngõ,3.5,180.0,m²,2.0,2.0,,22.5,"Phường Xuân Yên, Thị Xã Sông Cầu, Phú Yên",Phú Yên,Thị Xã Sông Cầu,Giấy tờ hợp lệ,,8.0
4357,Nhà hẻm ngõ,2.2,134.0,m²,,,,14.0,"Đường Hùng Vương, Xã Hòa Hiệp Trung, Huyện Đông Hoà, Phú Yên",Phú Yên,Huyện Đông Hoà,Sổ hồng,,9.7
4358,Mặt tiền,7.0,100.0,m²,4.0,4.0,4.0,20.0,"53, Đường Nguyễn thế Bảo, Phường 9, TP. Tuy Hoà, Phú Yên",Phú Yên,TP. Tuy Hoà,Sổ đỏ,Đông,5.0
4359,Nhà hẻm ngõ,3.5,180.0,m²,2.0,2.0,,22.5,"Phường Xuân Yên, Thị Xã Sông Cầu, Phú Yên",Phú Yên,Thị Xã Sông Cầu,Giấy tờ hợp lệ,,8.0
4360,Nhà hẻm ngõ,2.2,134.0,m²,,,,14.0,"Đường Hùng Vương, Xã Hòa Hiệp Trung, Huyện Đông Hoà, Phú Yên",Phú Yên,Huyện Đông Hoà,Sổ hồng,,9.7
4361,Mặt tiền,7.0,100.0,m²,4.0,4.0,4.0,20.0,"53, Đường Nguyễn thế Bảo, Phường 9, TP. Tuy Hoà, Phú Yên",Phú Yên,TP. Tuy Hoà,Sổ đỏ,Đông,5.0
4362,Nhà hẻm ngõ,3.5,180.0,m²,2.0,2.0,,22.5,"Phường Xuân Yên, Thị Xã Sông Cầu, Phú Yên",Phú Yên,Thị Xã Sông Cầu,Giấy tờ hợp lệ,,8.0
4363,Nhà hẻm ngõ,2.2,134.0,m²,,,,14.0,"Đường Hùng Vương, Xã Hòa Hiệp Trung, Huyện Đông Hoà, Phú Yên",Phú Yên,Huyện Đông Hoà,Sổ hồng,,9.7
4364,Mặt tiền,7.0,100.0,m²,4.0,4.0,4.0,20.0,"53, Đường Nguyễn thế Bảo, Phường 9, TP. Tuy Hoà, Phú Yên",Phú Yên,TP. Tuy Hoà,Sổ đỏ,Đông,5.0
4365,Nhà hẻm ngõ,3.5,180.0,m²,2.0,2.0,,22.5,"Phường Xuân Yên, Thị Xã Sông Cầu, Phú Yên",Phú Yên,Thị Xã Sông Cầu,Giấy tờ hợp lệ,,8.0
4366,Nhà hẻm ngõ,2.2,134.0,m²,,,,14.0,"Đường Hùng Vương, Xã Hòa Hiệp Trung, Huyện Đông Hoà, Phú Yên",Phú Yên,Huyện Đông Hoà,Sổ hồng,,9.7
4367,Mặt tiền,7.0,100.0,m²,4.0,4.0,4.0,20.0,"53, Đường Nguyễn thế Bảo, Phường 9, TP. Tuy Hoà, Phú Yên",Phú Yên,TP. Tuy Hoà,Sổ đỏ,Đông,5.0
4368,Nhà hẻm ngõ,3.5,180.0,m²,2.0,2.0,,22.5,"Phường Xuân Yên, Thị Xã Sông Cầu, Phú Yên",Phú Yên,Thị Xã Sông Cầu,Giấy tờ hợp lệ,,8.0
4369,Nhà hẻm ngõ,2.2,134.0,m²,,,,14.0,"Đường Hùng Vương, Xã Hòa Hiệp Trung, Huyện Đông Hoà, Phú Yên",Phú Yên,Huyện Đông Hoà,Sổ hồng,,9.7
4370,Mặt tiền,7.0,100.0,m²,4.0,4.0,4.0,20.0,"53, Đường Nguyễn thế Bảo, Phường 9, TP. Tuy Hoà, Phú Yên",Phú Yên,TP. Tuy Hoà,Sổ đỏ,Đông,5.0
4371,Nhà hẻm ngõ,3.5,180.0,m²,2.0,2.0,,22.5,"Phường Xuân Yên, Thị Xã Sông Cầu, Phú Yên",Phú Yên,Thị Xã Sông Cầu,Giấy tờ hợp lệ,,8.0
4372,Nhà hẻm ngõ,2.2,134.0,m²,,,,14.0,"Đường Hùng Vương, Xã Hòa Hiệp Trung, Huyện Đông Hoà, Phú Yên",Phú Yên,Huyện Đông Hoà,Sổ hồng,,9.7
4373,Mặt tiền,7.0,100.0,m²,4.0,4.0,4.0,20.0,"53, Đường Nguyễn thế Bảo, Phường 9, TP. Tuy Hoà, Phú Yên",Phú Yên,TP. Tuy Hoà,Sổ đỏ,Đông,5.0
4374,Nhà hẻm ngõ,3.5,180.0,m²,2.0,2.0,,22.5,"Phường Xuân Yên, Thị Xã Sông Cầu, Phú Yên",Phú Yên,Thị Xã Sông Cầu,Giấy tờ hợp lệ,,8.0
4375,Nhà hẻm ngõ,2.2,134.0,m²,,,,14.0,"Đường Hùng Vương, Xã Hòa Hiệp Trung, Huyện Đông Hoà, Phú Yên",Phú Yên,Huyện Đông Hoà,Sổ hồng,,9.7
4376,Mặt tiền,7.0,100.0,m²,4.0,4.0,4.0,20.0,"53, Đường Nguyễn thế Bảo, Phường 9, TP. Tuy Hoà, Phú Yên",Phú Yên,TP. Tuy Hoà,Sổ đỏ,Đông,5.0
4377,Nhà hẻm ngõ,3.5,180.0,m²,2.0,2.0,,22.5,"Phường Xuân Yên, Thị Xã Sông Cầu, Phú Yên",Phú Yên,Thị Xã Sông Cầu,Giấy tờ hợp lệ,,8.0
4378,Nhà hẻm ngõ,2.2,134.0,m²,,,,14.0,"Đường Hùng Vương, Xã Hòa Hiệp Trung, Huyện Đông Hoà, Phú Yên",Phú Yên,Huyện Đông Hoà,Sổ hồng,,9.7
4379,Mặt tiền,7.0,100.0,m²,4.0,4.0,4.0,20.0,"53, Đường Nguyễn thế Bảo, Phường 9, TP. Tuy Hoà, Phú Yên",Phú Yên,TP. Tuy Hoà,Sổ đỏ,Đông,5.0
4380,Nhà hẻm ngõ,3.5,180.0,m²,2.0,2.0,,22.5,"Phường Xuân Yên, Thị Xã Sông Cầu, Phú Yên",Phú Yên,Thị Xã Sông Cầu,Giấy tờ hợp lệ,,8.0
4381,Nhà hẻm ngõ,2.2,134.0,m²,,,,14.0,"Đường Hùng Vương, Xã Hòa Hiệp Trung, Huyện Đông Hoà, Phú Yên",Phú Yên,Huyện Đông Hoà,Sổ hồng,,9.7
4382,Mặt tiền,7.0,100.0,m²,4.0,4.0,4.0,20.0,"53, Đường Nguyễn thế Bảo, Phường 9, TP. Tuy Hoà, Phú Yên",Phú Yên,TP. Tuy Hoà,Sổ đỏ,Đông,5.0
4383,Nhà hẻm ngõ,3.5,180.0,m²,2.0,2.0,,22.5,"Phường Xuân Yên, Thị Xã Sông Cầu, Phú Yên",Phú Yên,Thị Xã Sông Cầu,Giấy tờ hợp lệ,,8.0
4384,Nhà hẻm ngõ,2.2,134.0,m²,,,,14.0,"Đường Hùng Vương, Xã Hòa Hiệp Trung, Huyện Đông Hoà, Phú Yên",Phú Yên,Huyện Đông Hoà,Sổ hồng,,9.7
4385,Mặt tiền,7.0,100.0,m²,4.0,4.0,4.0,20.0,"53, Đường Nguyễn thế Bảo, Phường 9, TP. Tuy Hoà, Phú Yên",Phú Yên,TP. Tuy Hoà,Sổ đỏ,Đông,5.0
4386,Nhà hẻm ngõ,3.5,180.0,m²,2.0,2.0,,22.5,"Phường Xuân Yên, Thị Xã Sông Cầu, Phú Yên",Phú Yên,Thị Xã Sông Cầu,Giấy tờ hợp lệ,,8.0
4387,Nhà hẻm ngõ,2.2,134.0,m²,,,,14.0,"Đường Hùng Vương, Xã Hòa Hiệp Trung, Huyện Đông Hoà, Phú Yên",Phú Yên,Huyện Đông Hoà,Sổ hồng,,9.7
4388,Mặt tiền,7.0,100.0,m²,4.0,4.0,4.0,20.0,"53, Đường Nguyễn thế Bảo, Phường 9, TP. Tuy Hoà, Phú Yên",Phú Yên,TP. Tuy Hoà,Sổ đỏ,Đông,5.0
4389,Nhà hẻm ngõ,3.5,180.0,m²,2.0,2.0,,22.5,"Phường Xuân Yên, Thị Xã Sông Cầu, Phú Yên",Phú Yên,Thị Xã Sông Cầu,Giấy tờ hợp lệ,,8.0
4390,Nhà hẻm ngõ,2.2,134.0,m²,,,,14.0,"Đường Hùng Vương, Xã Hòa Hiệp Trung, Huyện Đông Hoà, Phú Yên",Phú Yên,Huyện Đông Hoà,Sổ hồng,,9.7
4391,Mặt tiền,7.0,100.0,m²,4.0,4.0,4.0,20.0,"53, Đường Nguyễn thế Bảo, Phường 9, TP. Tuy Hoà, Phú Yên",Phú Yên,TP. Tuy Hoà,Sổ đỏ,Đông,5.0
4392,Nhà hẻm ngõ,3.5,180.0,m²,2.0,2.0,,22.5,"Phường Xuân Yên, Thị Xã Sông Cầu, Phú Yên",Phú Yên,Thị Xã Sông Cầu,Giấy tờ hợp lệ,,8.0
4393,Nhà hẻm ngõ,2.2,134.0,m²,,,,14.0,"Đường Hùng Vương, Xã Hòa Hiệp Trung, Huyện Đông Hoà, Phú Yên",Phú Yên,Huyện Đông Hoà,Sổ hồng,,9.7
4394,Mặt tiền,7.0,100.0,m²,4.0,4.0,4.0,20.0,"53, Đường Nguyễn thế Bảo, Phường 9, TP. Tuy Hoà, Phú Yên",Phú Yên,TP. Tuy Hoà,Sổ đỏ,Đông,5.0
4395,Nhà hẻm ngõ,3.5,180.0,m²,2.0,2.0,,22.5,"Phường Xuân Yên, Thị Xã Sông Cầu, Phú Yên",Phú Yên,Thị Xã Sông Cầu,Giấy tờ hợp lệ,,8.0
4396,Nhà hẻm ngõ,2.2,134.0,m²,,,,14.0,"Đường Hùng Vương, Xã Hòa Hiệp Trung, Huyện Đông Hoà, Phú Yên",Phú Yên,Huyện Đông Hoà,Sổ hồng,,9.7
4397,Mặt tiền,7.0,100.0,m²,4.0,4.0,4.0,20.0,"53, Đường Nguyễn thế Bảo, Phường 9, TP. Tuy Hoà, Phú Yên",Phú Yên,TP. Tuy Hoà,Sổ đỏ,Đông,5.0
4398,Nhà hẻm ngõ,3.5,180.0,m²,2.0,2.0,,22.5,"Phường Xuân Yên, Thị Xã Sông Cầu, Phú Yên",Phú Yên,Thị Xã Sông Cầu,Giấy tờ hợp lệ,,8.0
4399,Nhà hẻm ngõ,2.2,134.0,m²,,,,14.0,"Đường Hùng Vương, Xã Hòa Hiệp Trung, Huyện Đông Hoà, Phú Yên",Phú Yên,Huyện Đông Hoà,Sổ hồng,,9.7
4400,Mặt tiền,7.0,100.0,m²,4.0,4.0,4.0,20.0,"53, Đường Nguyễn thế Bảo, Phường 9, TP. Tuy Hoà, Phú Yên",Phú Yên,TP. Tuy Hoà,Sổ đỏ,Đông,5.0
4401,Nhà hẻm ngõ,3.5,180.0,m²,2.0,2.0,,22.5,"Phường Xuân Yên, Thị Xã Sông Cầu, Phú Yên",Phú Yên,Thị Xã Sông Cầu,Giấy tờ hợp lệ,,8.0
4402,Nhà hẻm ngõ,2.2,134.0,m²,,,,14.0,"Đường Hùng Vương, Xã Hòa Hiệp Trung, Huyện Đông Hoà, Phú Yên",Phú Yên,Huyện Đông Hoà,Sổ hồng,,9.7
4403,Mặt tiền,7.0,100.0,m²,4.0,4.0,4.0,20.0,"53, Đường Nguyễn thế Bảo, Phường 9, TP. Tuy Hoà, Phú Yên",Phú Yên,TP. Tuy Hoà,Sổ đỏ,Đông,5.0
4404,Nhà hẻm ngõ,3.5,180.0,m²,2.0,2.0,,22.5,"Phường Xuân Yên, Thị Xã Sông Cầu, Phú Yên",Phú Yên,Thị Xã Sông Cầu,Giấy tờ hợp lệ,,8.0
4405,Nhà hẻm ngõ,2.2,134.0,m²,,,,14.0,"Đường Hùng Vương, Xã Hòa Hiệp Trung, Huyện Đông Hoà, Phú Yên",Phú Yên,Huyện Đông Hoà,Sổ hồng,,9.7
4406,Mặt tiền,7.0,100.0,m²,4.0,4.0,4.0,20.0,"53, Đường Nguyễn thế Bảo, Phường 9, TP. Tuy Hoà, Phú Yên",Phú Yên,TP. Tuy Hoà,Sổ đỏ,Đông,5.0
4407,Nhà hẻm ngõ,3.5,180.0,m²,2.0,2.0,,22.5,"Phường Xuân Yên, Thị Xã Sông Cầu, Phú Yên",Phú Yên,Thị Xã Sông Cầu,Giấy tờ hợp lệ,,8.0
4408,Nhà hẻm ngõ,2.2,134.0,m²,,,,14.0,"Đường Hùng Vương, Xã Hòa Hiệp Trung, Huyện Đông Hoà, Phú Yên",Phú Yên,Huyện Đông Hoà,Sổ hồng,,9.7
4409,Mặt tiền,7.0,100.0,m²,4.0,4.0,4.0,20.0,"53, Đường Nguyễn thế Bảo, Phường 9, TP. Tuy Hoà, Phú Yên",Phú Yên,TP. Tuy Hoà,Sổ đỏ,Đông,5.0
4410,Nhà hẻm ngõ,3.5,180.0,m²,2.0,2.0,,22.5,"Phường Xuân Yên, Thị Xã Sông Cầu, Phú Yên",Phú Yên,Thị Xã Sông Cầu,Giấy tờ hợp lệ,,8.0
4411,Nhà hẻm ngõ,2.2,134.0,m²,,,,14.0,"Đường Hùng Vương, Xã Hòa Hiệp Trung, Huyện Đông Hoà, Phú Yên",Phú Yên,Huyện Đông Hoà,Sổ hồng,,9.7
4412,Mặt tiền,7.0,100.0,m²,4.0,4.0,4.0,20.0,"53, Đường Nguyễn thế Bảo, Phường 9, TP. Tuy Hoà, Phú Yên",Phú Yên,TP. Tuy Hoà,Sổ đỏ,Đông,5.0
4413,Nhà hẻm ngõ,3.5,180.0,m²,2.0,2.0,,22.5,"Phường Xuân Yên, Thị Xã Sông Cầu, Phú Yên",Phú Yên,Thị Xã Sông Cầu,Giấy tờ hợp lệ,,8.0
4414,Nhà hẻm ngõ,2.2,134.0,m²,,,,14.0,"Đường Hùng Vương, Xã Hòa Hiệp Trung, Huyện Đông Hoà, Phú Yên",Phú Yên,Huyện Đông Hoà,Sổ hồng,,9.7
4415,Mặt tiền,7.0,100.0,m²,4.0,4.0,4.0,20.0,"53, Đường Nguyễn thế Bảo, Phường 9, TP. Tuy Hoà, Phú Yên",Phú Yên,TP. Tuy Hoà,Sổ đỏ,Đông,5.0
4416,Nhà hẻm ngõ,3.5,180.0,m²,2.0,2.0,,22.5,"Phường Xuân Yên, Thị Xã Sông Cầu, Phú Yên",Phú Yên,Thị Xã Sông Cầu,Giấy tờ hợp lệ,,8.0
4417,Nhà hẻm ngõ,2.2,134.0,m²,,,,14.0,"Đường Hùng Vương, Xã Hòa Hiệp Trung, Huyện Đông Hoà, Phú Yên",Phú Yên,Huyện Đông Hoà,Sổ hồng,,9.7
4418,Mặt tiền,7.0,100.0,m²,4.0,4.0,4.0,20.0,"53, Đường Nguyễn thế Bảo, Phường 9, TP. Tuy Hoà, Phú Yên",Phú Yên,TP. Tuy Hoà,Sổ đỏ,Đông,5.0
4419,Nhà hẻm ngõ,3.5,180.0,m²,2.0,2.0,,22.5,"Phường Xuân Yên, Thị Xã Sông Cầu, Phú Yên",Phú Yên,Thị Xã Sông Cầu,Giấy tờ hợp lệ,,8.0
4420,Nhà hẻm ngõ,2.2,134.0,m²,,,,14.0,"Đường Hùng Vương, Xã Hòa Hiệp Trung, Huyện Đông Hoà, Phú Yên",Phú Yên,Huyện Đông Hoà,Sổ hồng,,9.7
4421,Mặt tiền,7.0,100.0,m²,4.0,4.0,4.0,20.0,"53, Đường Nguyễn thế Bảo, Phường 9, TP. Tuy Hoà, Phú Yên",Phú Yên,TP. Tuy Hoà,Sổ đỏ,Đông,5.0
4422,Nhà hẻm ngõ,3.5,180.0,m²,2.0,2.0,,22.5,"Phường Xuân Yên, Thị Xã Sông Cầu, Phú Yên",Phú Yên,Thị Xã Sông Cầu,Giấy tờ hợp lệ,,8.0
4423,Nhà hẻm ngõ,2.2,134.0,m²,,,,14.0,"Đường Hùng Vương, Xã Hòa Hiệp Trung, Huyện Đông Hoà, Phú Yên",Phú Yên,Huyện Đông Hoà,Sổ hồng,,9.7
4424,Mặt tiền,7.0,100.0,m²,4.0,4.0,4.0,20.0,"53, Đường Nguyễn thế Bảo, Phường 9, TP. Tuy Hoà, Phú Yên",Phú Yên,TP. Tuy Hoà,Sổ đỏ,Đông,5.0
4425,Nhà hẻm ngõ,3.5,180.0,m²,2.0,2.0,,22.5,"Phường Xuân Yên, Thị Xã Sông Cầu, Phú Yên",Phú Yên,Thị Xã Sông Cầu,Giấy tờ hợp lệ,,8.0
4426,Nhà hẻm ngõ,2.2,134.0,m²,,,,14.0,"Đường Hùng Vương, Xã Hòa Hiệp Trung, Huyện Đông Hoà, Phú Yên",Phú Yên,Huyện Đông Hoà,Sổ hồng,,9.7
4427,Mặt tiền,7.0,100.0,m²,4.0,4.0,4.0,20.0,"53, Đường Nguyễn thế Bảo, Phường 9, TP. Tuy Hoà, Phú Yên",Phú Yên,TP. Tuy Hoà,Sổ đỏ,Đông,5.0
4428,Nhà hẻm ngõ,3.5,180.0,m²,2.0,2.0,,22.5,"Phường Xuân Yên, Thị Xã Sông Cầu, Phú Yên",Phú Yên,Thị Xã Sông Cầu,Giấy tờ hợp lệ,,8.0
4429,Nhà hẻm ngõ,2.2,134.0,m²,,,,14.0,"Đường Hùng Vương, Xã Hòa Hiệp Trung, Huyện Đông Hoà, Phú Yên",Phú Yên,Huyện Đông Hoà,Sổ hồng,,9.7
4430,Mặt tiền,7.0,100.0,m²,4.0,4.0,4.0,20.0,"53, Đường Nguyễn thế Bảo, Phường 9, TP. Tuy Hoà, Phú Yên",Phú Yên,TP. Tuy Hoà,Sổ đỏ,Đông,5.0
4431,Nhà hẻm ngõ,3.5,180.0,m²,2.0,2.0,,22.5,"Phường Xuân Yên, Thị Xã Sông Cầu, Phú Yên",Phú Yên,Thị Xã Sông Cầu,Giấy tờ hợp lệ,,8.0
4432,Nhà hẻm ngõ,2.2,134.0,m²,,,,14.0,"Đường Hùng Vương, Xã Hòa Hiệp Trung, Huyện Đông Hoà, Phú Yên",Phú Yên,Huyện Đông Hoà,Sổ hồng,,9.7
4433,Mặt tiền,7.0,100.0,m²,4.0,4.0,4.0,20.0,"53, Đường Nguyễn thế Bảo, Phường 9, TP. Tuy Hoà, Phú Yên",Phú Yên,TP. Tuy Hoà,Sổ đỏ,Đông,5.0
4434,Nhà mặt tiền,19.95,149.0,m²,4.0,3.0,3.0,19.0,"Phường Nam Lý, TP. Đồng Hới, Quảng Bình",Quảng Bình,TP. Đồng Hới,Giấy tờ hợp lệ,,8.0
4435,Mặt tiền,3.5,200.0,m²,3.0,2.0,2.0,20.0,"Thị Trấn Hoàn Lão, Huyện Bố Trạch, Quảng Bình",Quảng Bình,Huyện Bố Trạch,Giấy tờ hợp lệ,Đông Nam,10.0
4436,Nhà mặt tiền,19.95,149.0,m²,4.0,3.0,3.0,19.0,"Phường Nam Lý, TP. Đồng Hới, Quảng Bình",Quảng Bình,TP. Đồng Hới,Giấy tờ hợp lệ,,8.0
4437,Mặt tiền,3.5,200.0,m²,3.0,2.0,2.0,20.0,"Thị Trấn Hoàn Lão, Huyện Bố Trạch, Quảng Bình",Quảng Bình,Huyện Bố Trạch,Giấy tờ hợp lệ,Đông Nam,10.0
4438,Nhà mặt tiền,19.95,149.0,m²,4.0,3.0,3.0,19.0,"Phường Nam Lý, TP. Đồng Hới, Quảng Bình",Quảng Bình,TP. Đồng Hới,Giấy tờ hợp lệ,,8.0
4439,Mặt tiền,3.5,200.0,m²,3.0,2.0,2.0,20.0,"Thị Trấn Hoàn Lão, Huyện Bố Trạch, Quảng Bình",Quảng Bình,Huyện Bố Trạch,Giấy tờ hợp lệ,Đông Nam,10.0
4440,Nhà mặt tiền,19.95,149.0,m²,4.0,3.0,3.0,19.0,"Phường Nam Lý, TP. Đồng Hới, Quảng Bình",Quảng Bình,TP. Đồng Hới,Giấy tờ hợp lệ,,8.0
4441,Mặt tiền,3.5,200.0,m²,3.0,2.0,2.0,20.0,"Thị Trấn Hoàn Lão, Huyện Bố Trạch, Quảng Bình",Quảng Bình,Huyện Bố Trạch,Giấy tờ hợp lệ,Đông Nam,10.0
4442,Nhà mặt tiền,19.95,149.0,m²,4.0,3.0,3.0,19.0,"Phường Nam Lý, TP. Đồng Hới, Quảng Bình",Quảng Bình,TP. Đồng Hới,Giấy tờ hợp lệ,,8.0
4443,Mặt tiền,3.5,200.0,m²,3.0,2.0,2.0,20.0,"Thị Trấn Hoàn Lão, Huyện Bố Trạch, Quảng Bình",Quảng Bình,Huyện Bố Trạch,Giấy tờ hợp lệ,Đông Nam,10.0
4444,Nhà mặt tiền,19.95,149.0,m²,4.0,3.0,3.0,19.0,"Phường Nam Lý, TP. Đồng Hới, Quảng Bình",Quảng Bình,TP. Đồng Hới,Giấy tờ hợp lệ,,8.0
4445,Mặt tiền,3.5,200.0,m²,3.0,2.0,2.0,20.0,"Thị Trấn Hoàn Lão, Huyện Bố Trạch, Quảng Bình",Quảng Bình,Huyện Bố Trạch,Giấy tờ hợp lệ,Đông Nam,10.0
4446,Nhà mặt tiền,19.95,149.0,m²,4.0,3.0,3.0,19.0,"Phường Nam Lý, TP. Đồng Hới, Quảng Bình",Quảng Bình,TP. Đồng Hới,Giấy tờ hợp lệ,,8.0
4447,Mặt tiền,3.5,200.0,m²,3.0,2.0,2.0,20.0,"Thị Trấn Hoàn Lão, Huyện Bố Trạch, Quảng Bình",Quảng Bình,Huyện Bố Trạch,Giấy tờ hợp lệ,Đông Nam,10.0
4448,Nhà mặt tiền,19.95,149.0,m²,4.0,3.0,3.0,19.0,"Phường Nam Lý, TP. Đồng Hới, Quảng Bình",Quảng Bình,TP. Đồng Hới,Giấy tờ hợp lệ,,8.0
4449,Mặt tiền,3.5,200.0,m²,3.0,2.0,2.0,20.0,"Thị Trấn Hoàn Lão, Huyện Bố Trạch, Quảng Bình",Quảng Bình,Huyện Bố Trạch,Giấy tờ hợp lệ,Đông Nam,10.0
4450,Nhà mặt tiền,19.95,149.0,m²,4.0,3.0,3.0,19.0,"Phường Nam Lý, TP. Đồng Hới, Quảng Bình",Quảng Bình,TP. Đồng Hới,Giấy tờ hợp lệ,,8.0
4451,Mặt tiền,3.5,200.0,m²,3.0,2.0,2.0,20.0,"Thị Trấn Hoàn Lão, Huyện Bố Trạch, Quảng Bình",Quảng Bình,Huyện Bố Trạch,Giấy tờ hợp lệ,Đông Nam,10.0
4452,Nhà mặt tiền,19.95,149.0,m²,4.0,3.0,3.0,19.0,"Phường Nam Lý, TP. Đồng Hới, Quảng Bình",Quảng Bình,TP. Đồng Hới,Giấy tờ hợp lệ,,8.0
4453,Mặt tiền,3.5,200.0,m²,3.0,2.0,2.0,20.0,"Thị Trấn Hoàn Lão, Huyện Bố Trạch, Quảng Bình",Quảng Bình,Huyện Bố Trạch,Giấy tờ hợp lệ,Đông Nam,10.0
4454,Nhà mặt tiền,19.95,149.0,m²,4.0,3.0,3.0,19.0,"Phường Nam Lý, TP. Đồng Hới, Quảng Bình",Quảng Bình,TP. Đồng Hới,Giấy tờ hợp lệ,,8.0
4455,Mặt tiền,3.5,200.0,m²,3.0,2.0,2.0,20.0,"Thị Trấn Hoàn Lão, Huyện Bố Trạch, Quảng Bình",Quảng Bình,Huyện Bố Trạch,Giấy tờ hợp lệ,Đông Nam,10.0
4456,Nhà mặt tiền,19.95,149.0,m²,4.0,3.0,3.0,19.0,"Phường Nam Lý, TP. Đồng Hới, Quảng Bình",Quảng Bình,TP. Đồng Hới,Giấy tờ hợp lệ,,8.0
4457,Mặt tiền,3.5,200.0,m²,3.0,2.0,2.0,20.0,"Thị Trấn Hoàn Lão, Huyện Bố Trạch, Quảng Bình",Quảng Bình,Huyện Bố Trạch,Giấy tờ hợp lệ,Đông Nam,10.0
4458,Nhà mặt tiền,19.95,149.0,m²,4.0,3.0,3.0,19.0,"Phường Nam Lý, TP. Đồng Hới, Quảng Bình",Quảng Bình,TP. Đồng Hới,Giấy tờ hợp lệ,,8.0
4459,Mặt tiền,3.5,200.0,m²,3.0,2.0,2.0,20.0,"Thị Trấn Hoàn Lão, Huyện Bố Trạch, Quảng Bình",Quảng Bình,Huyện Bố Trạch,Giấy tờ hợp lệ,Đông Nam,10.0
4460,Nhà mặt tiền,19.95,149.0,m²,4.0,3.0,3.0,19.0,"Phường Nam Lý, TP. Đồng Hới, Quảng Bình",Quảng Bình,TP. Đồng Hới,Giấy tờ hợp lệ,,8.0
4461,Mặt tiền,3.5,200.0,m²,3.0,2.0,2.0,20.0,"Thị Trấn Hoàn Lão, Huyện Bố Trạch, Quảng Bình",Quảng Bình,Huyện Bố Trạch,Giấy tờ hợp lệ,Đông Nam,10.0
4462,Nhà mặt tiền,19.95,149.0,m²,4.0,3.0,3.0,19.0,"Phường Nam Lý, TP. Đồng Hới, Quảng Bình",Quảng Bình,TP. Đồng Hới,Giấy tờ hợp lệ,,8.0
4463,Mặt tiền,3.5,200.0,m²,3.0,2.0,2.0,20.0,"Thị Trấn Hoàn Lão, Huyện Bố Trạch, Quảng Bình",Quảng Bình,Huyện Bố Trạch,Giấy tờ hợp lệ,Đông Nam,10.0
4464,Nhà mặt tiền,19.95,149.0,m²,4.0,3.0,3.0,19.0,"Phường Nam Lý, TP. Đồng Hới, Quảng Bình",Quảng Bình,TP. Đồng Hới,Giấy tờ hợp lệ,,8.0
4465,Mặt tiền,3.5,200.0,m²,3.0,2.0,2.0,20.0,"Thị Trấn Hoàn Lão, Huyện Bố Trạch, Quảng Bình",Quảng Bình,Huyện Bố Trạch,Giấy tờ hợp lệ,Đông Nam,10.0
4466,Nhà mặt tiền,19.95,149.0,m²,4.0,3.0,3.0,19.0,"Phường Nam Lý, TP. Đồng Hới, Quảng Bình",Quảng Bình,TP. Đồng Hới,Giấy tờ hợp lệ,,8.0
4467,Mặt tiền,3.5,200.0,m²,3.0,2.0,2.0,20.0,"Thị Trấn Hoàn Lão, Huyện Bố Trạch, Quảng Bình",Quảng Bình,Huyện Bố Trạch,Giấy tờ hợp lệ,Đông Nam,10.0
4468,Nhà mặt tiền,19.95,149.0,m²,4.0,3.0,3.0,19.0,"Phường Nam Lý, TP. Đồng Hới, Quảng Bình",Quảng Bình,TP. Đồng Hới,Giấy tờ hợp lệ,,8.0
4469,Mặt tiền,3.5,200.0,m²,3.0,2.0,2.0,20.0,"Thị Trấn Hoàn Lão, Huyện Bố Trạch, Quảng Bình",Quảng Bình,Huyện Bố Trạch,Giấy tờ hợp lệ,Đông Nam,10.0
4470,Nhà mặt tiền,19.95,149.0,m²,4.0,3.0,3.0,19.0,"Phường Nam Lý, TP. Đồng Hới, Quảng Bình",Quảng Bình,TP. Đồng Hới,Giấy tờ hợp lệ,,8.0
4471,Mặt tiền,3.5,200.0,m²,3.0,2.0,2.0,20.0,"Thị Trấn Hoàn Lão, Huyện Bố Trạch, Quảng Bình",Quảng Bình,Huyện Bố Trạch,Giấy tờ hợp lệ,Đông Nam,10.0
4472,Nhà mặt tiền,19.95,149.0,m²,4.0,3.0,3.0,19.0,"Phường Nam Lý, TP. Đồng Hới, Quảng Bình",Quảng Bình,TP. Đồng Hới,Giấy tờ hợp lệ,,8.0
4473,Mặt tiền,3.5,200.0,m²,3.0,2.0,2.0,20.0,"Thị Trấn Hoàn Lão, Huyện Bố Trạch, Quảng Bình",Quảng Bình,Huyện Bố Trạch,Giấy tờ hợp lệ,Đông Nam,10.0
4474,Nhà mặt tiền,19.95,149.0,m²,4.0,3.0,3.0,19.0,"Phường Nam Lý, TP. Đồng Hới, Quảng Bình",Quảng Bình,TP. Đồng Hới,Giấy tờ hợp lệ,,8.0
4475,Mặt tiền,3.5,200.0,m²,3.0,2.0,2.0,20.0,"Thị Trấn Hoàn Lão, Huyện Bố Trạch, Quảng Bình",Quảng Bình,Huyện Bố Trạch,Giấy tờ hợp lệ,Đông Nam,10.0
4476,Nhà mặt tiền,19.95,149.0,m²,4.0,3.0,3.0,19.0,"Phường Nam Lý, TP. Đồng Hới, Quảng Bình",Quảng Bình,TP. Đồng Hới,Giấy tờ hợp lệ,,8.0
4477,Mặt tiền,3.5,200.0,m²,3.0,2.0,2.0,20.0,"Thị Trấn Hoàn Lão, Huyện Bố Trạch, Quảng Bình",Quảng Bình,Huyện Bố Trạch,Giấy tờ hợp lệ,Đông Nam,10.0
4478,Nhà mặt tiền,19.95,149.0,m²,4.0,3.0,3.0,19.0,"Phường Nam Lý, TP. Đồng Hới, Quảng Bình",Quảng Bình,TP. Đồng Hới,Giấy tờ hợp lệ,,8.0
4479,Mặt tiền,3.5,200.0,m²,3.0,2.0,2.0,20.0,"Thị Trấn Hoàn Lão, Huyện Bố Trạch, Quảng Bình",Quảng Bình,Huyện Bố Trạch,Giấy tờ hợp lệ,Đông Nam,10.0
4480,Nhà mặt tiền,19.95,149.0,m²,4.0,3.0,3.0,19.0,"Phường Nam Lý, TP. Đồng Hới, Quảng Bình",Quảng Bình,TP. Đồng Hới,Giấy tờ hợp lệ,,8.0
4481,Mặt tiền,3.5,200.0,m²,3.0,2.0,2.0,20.0,"Thị Trấn Hoàn Lão, Huyện Bố Trạch, Quảng Bình",Quảng Bình,Huyện Bố Trạch,Giấy tờ hợp lệ,Đông Nam,10.0
4482,Nhà mặt tiền,19.95,149.0,m²,4.0,3.0,3.0,19.0,"Phường Nam Lý, TP. Đồng Hới, Quảng Bình",Quảng Bình,TP. Đồng Hới,Giấy tờ hợp lệ,,8.0
4483,Mặt tiền,3.5,200.0,m²,3.0,2.0,2.0,20.0,"Thị Trấn Hoàn Lão, Huyện Bố Trạch, Quảng Bình",Quảng Bình,Huyện Bố Trạch,Giấy tờ hợp lệ,Đông Nam,10.0
4484,Nhà mặt tiền,19.95,149.0,m²,4.0,3.0,3.0,19.0,"Phường Nam Lý, TP. Đồng Hới, Quảng Bình",Quảng Bình,TP. Đồng Hới,Giấy tờ hợp lệ,,8.0
4485,Mặt tiền,3.5,200.0,m²,3.0,2.0,2.0,20.0,"Thị Trấn Hoàn Lão, Huyện Bố Trạch, Quảng Bình",Quảng Bình,Huyện Bố Trạch,Giấy tờ hợp lệ,Đông Nam,10.0
4486,Nhà mặt tiền,19.95,149.0,m²,4.0,3.0,3.0,19.0,"Phường Nam Lý, TP. Đồng Hới, Quảng Bình",Quảng Bình,TP. Đồng Hới,Giấy tờ hợp lệ,,8.0
4487,Mặt tiền,3.5,200.0,m²,3.0,2.0,2.0,20.0,"Thị Trấn Hoàn Lão, Huyện Bố Trạch, Quảng Bình",Quảng Bình,Huyện Bố Trạch,Giấy tờ hợp lệ,Đông Nam,10.0
4488,Nhà mặt tiền,19.95,149.0,m²,4.0,3.0,3.0,19.0,"Phường Nam Lý, TP. Đồng Hới, Quảng Bình",Quảng Bình,TP. Đồng Hới,Giấy tờ hợp lệ,,8.0
4489,Mặt tiền,3.5,200.0,m²,3.0,2.0,2.0,20.0,"Thị Trấn Hoàn Lão, Huyện Bố Trạch, Quảng Bình",Quảng Bình,Huyện Bố Trạch,Giấy tờ hợp lệ,Đông Nam,10.0
4490,Nhà mặt tiền,19.95,149.0,m²,4.0,3.0,3.0,19.0,"Phường Nam Lý, TP. Đồng Hới, Quảng Bình",Quảng Bình,TP. Đồng Hới,Giấy tờ hợp lệ,,8.0
4491,Mặt tiền,3.5,200.0,m²,3.0,2.0,2.0,20.0,"Thị Trấn Hoàn Lão, Huyện Bố Trạch, Quảng Bình",Quảng Bình,Huyện Bố Trạch,Giấy tờ hợp lệ,Đông Nam,10.0
4492,Nhà mặt tiền,19.95,149.0,m²,4.0,3.0,3.0,19.0,"Phường Nam Lý, TP. Đồng Hới, Quảng Bình",Quảng Bình,TP. Đồng Hới,Giấy tờ hợp lệ,,8.0
4493,Mặt tiền,3.5,200.0,m²,3.0,2.0,2.0,20.0,"Thị Trấn Hoàn Lão, Huyện Bố Trạch, Quảng Bình",Quảng Bình,Huyện Bố Trạch,Giấy tờ hợp lệ,Đông Nam,10.0
4494,Nhà mặt tiền,19.95,149.0,m²,4.0,3.0,3.0,19.0,"Phường Nam Lý, TP. Đồng Hới, Quảng Bình",Quảng Bình,TP. Đồng Hới,Giấy tờ hợp lệ,,8.0
4495,Mặt tiền,3.5,200.0,m²,3.0,2.0,2.0,20.0,"Thị Trấn Hoàn Lão, Huyện Bố Trạch, Quảng Bình",Quảng Bình,Huyện Bố Trạch,Giấy tờ hợp lệ,Đông Nam,10.0
4496,Nhà mặt tiền,19.95,149.0,m²,4.0,3.0,3.0,19.0,"Phường Nam Lý, TP. Đồng Hới, Quảng Bình",Quảng Bình,TP. Đồng Hới,Giấy tờ hợp lệ,,8.0
4497,Mặt tiền,3.5,200.0,m²,3.0,2.0,2.0,20.0,"Thị Trấn Hoàn Lão, Huyện Bố Trạch, Quảng Bình",Quảng Bình,Huyện Bố Trạch,Giấy tờ hợp lệ,Đông Nam,10.0
4498,Nhà mặt tiền,19.95,149.0,m²,4.0,3.0,3.0,19.0,"Phường Nam Lý, TP. Đồng Hới, Quảng Bình",Quảng Bình,TP. Đồng Hới,Giấy tờ hợp lệ,,8.0
4499,Mặt tiền,3.5,200.0,m²,3.0,2.0,2.0,20.0,"Thị Trấn Hoàn Lão, Huyện Bố Trạch, Quảng Bình",Quảng Bình,Huyện Bố Trạch,Giấy tờ hợp lệ,Đông Nam,10.0
4500,Nhà mặt tiền,19.95,149.0,m²,4.0,3.0,3.0,19.0,"Phường Nam Lý, TP. Đồng Hới, Quảng Bình",Quảng Bình,TP. Đồng Hới,Giấy tờ hợp lệ,,8.0
4501,Mặt tiền,3.5,200.0,m²,3.0,2.0,2.0,20.0,"Thị Trấn Hoàn Lão, Huyện Bố Trạch, Quảng Bình",Quảng Bình,Huyện Bố Trạch,Giấy tờ hợp lệ,Đông Nam,10.0
4502,Nhà mặt tiền,19.95,149.0,m²,4.0,3.0,3.0,19.0,"Phường Nam Lý, TP. Đồng Hới, Quảng Bình",Quảng Bình,TP. Đồng Hới,Giấy tờ hợp lệ,,8.0
4503,Mặt tiền,3.5,200.0,m²,3.0,2.0,2.0,20.0,"Thị Trấn Hoàn Lão, Huyện Bố Trạch, Quảng Bình",Quảng Bình,Huyện Bố Trạch,Giấy tờ hợp lệ,Đông Nam,10.0
4504,Nhà mặt tiền,19.95,149.0,m²,4.0,3.0,3.0,19.0,"Phường Nam Lý, TP. Đồng Hới, Quảng Bình",Quảng Bình,TP. Đồng Hới,Giấy tờ hợp lệ,,8.0
4505,Mặt tiền,3.5,200.0,m²,3.0,2.0,2.0,20.0,"Thị Trấn Hoàn Lão, Huyện Bố Trạch, Quảng Bình",Quảng Bình,Huyện Bố Trạch,Giấy tờ hợp lệ,Đông Nam,10.0
4506,Nhà mặt tiền,19.95,149.0,m²,4.0,3.0,3.0,19.0,"Phường Nam Lý, TP. Đồng Hới, Quảng Bình",Quảng Bình,TP. Đồng Hới,Giấy tờ hợp lệ,,8.0
4507,Mặt tiền,3.5,200.0,m²,3.0,2.0,2.0,20.0,"Thị Trấn Hoàn Lão, Huyện Bố Trạch, Quảng Bình",Quảng Bình,Huyện Bố Trạch,Giấy tờ hợp lệ,Đông Nam,10.0
4508,Nhà mặt tiền,19.95,149.0,m²,4.0,3.0,3.0,19.0,"Phường Nam Lý, TP. Đồng Hới, Quảng Bình",Quảng Bình,TP. Đồng Hới,Giấy tờ hợp lệ,,8.0
4509,Mặt tiền,3.5,200.0,m²,3.0,2.0,2.0,20.0,"Thị Trấn Hoàn Lão, Huyện Bố Trạch, Quảng Bình",Quảng Bình,Huyện Bố Trạch,Giấy tờ hợp lệ,Đông Nam,10.0
4510,Nhà mặt tiền,19.95,149.0,m²,4.0,3.0,3.0,19.0,"Phường Nam Lý, TP. Đồng Hới, Quảng Bình",Quảng Bình,TP. Đồng Hới,Giấy tờ hợp lệ,,8.0
4511,Mặt tiền,3.5,200.0,m²,3.0,2.0,2.0,20.0,"Thị Trấn Hoàn Lão, Huyện Bố Trạch, Quảng Bình",Quảng Bình,Huyện Bố Trạch,Giấy tờ hợp lệ,Đông Nam,10.0
4512,Nhà mặt tiền,19.95,149.0,m²,4.0,3.0,3.0,19.0,"Phường Nam Lý, TP. Đồng Hới, Quảng Bình",Quảng Bình,TP. Đồng Hới,Giấy tờ hợp lệ,,8.0
4513,Mặt tiền,3.5,200.0,m²,3.0,2.0,2.0,20.0,"Thị Trấn Hoàn Lão, Huyện Bố Trạch, Quảng Bình",Quảng Bình,Huyện Bố Trạch,Giấy tờ hợp lệ,Đông Nam,10.0
4514,Nhà mặt tiền,19.95,149.0,m²,4.0,3.0,3.0,19.0,"Phường Nam Lý, TP. Đồng Hới, Quảng Bình",Quảng Bình,TP. Đồng Hới,Giấy tờ hợp lệ,,8.0
4515,Mặt tiền,3.5,200.0,m²,3.0,2.0,2.0,20.0,"Thị Trấn Hoàn Lão, Huyện Bố Trạch, Quảng Bình",Quảng Bình,Huyện Bố Trạch,Giấy tờ hợp lệ,Đông Nam,10.0
4516,Nhà mặt tiền,19.95,149.0,m²,4.0,3.0,3.0,19.0,"Phường Nam Lý, TP. Đồng Hới, Quảng Bình",Quảng Bình,TP. Đồng Hới,Giấy tờ hợp lệ,,8.0
4517,Mặt tiền,3.5,200.0,m²,3.0,2.0,2.0,20.0,"Thị Trấn Hoàn Lão, Huyện Bố Trạch, Quảng Bình",Quảng Bình,Huyện Bố Trạch,Giấy tờ hợp lệ,Đông Nam,10.0
4518,Nhà mặt tiền,19.95,149.0,m²,4.0,3.0,3.0,19.0,"Phường Nam Lý, TP. Đồng Hới, Quảng Bình",Quảng Bình,TP. Đồng Hới,Giấy tờ hợp lệ,,8.0
4519,Mặt tiền,3.5,200.0,m²,3.0,2.0,2.0,20.0,"Thị Trấn Hoàn Lão, Huyện Bố Trạch, Quảng Bình",Quảng Bình,Huyện Bố Trạch,Giấy tờ hợp lệ,Đông Nam,10.0
4520,Nhà mặt tiền,19.95,149.0,m²,4.0,3.0,3.0,19.0,"Phường Nam Lý, TP. Đồng Hới, Quảng Bình",Quảng Bình,TP. Đồng Hới,Giấy tờ hợp lệ,,8.0
4521,Mặt tiền,3.5,200.0,m²,3.0,2.0,2.0,20.0,"Thị Trấn Hoàn Lão, Huyện Bố Trạch, Quảng Bình",Quảng Bình,Huyện Bố Trạch,Giấy tờ hợp lệ,Đông Nam,10.0
4522,Nhà mặt tiền,19.95,149.0,m²,4.0,3.0,3.0,19.0,"Phường Nam Lý, TP. Đồng Hới, Quảng Bình",Quảng Bình,TP. Đồng Hới,Giấy tờ hợp lệ,,8.0
4523,Mặt tiền,3.5,200.0,m²,3.0,2.0,2.0,20.0,"Thị Trấn Hoàn Lão, Huyện Bố Trạch, Quảng Bình",Quảng Bình,Huyện Bố Trạch,Giấy tờ hợp lệ,Đông Nam,10.0
4524,Nhà mặt tiền,19.95,149.0,m²,4.0,3.0,3.0,19.0,"Phường Nam Lý, TP. Đồng Hới, Quảng Bình",Quảng Bình,TP. Đồng Hới,Giấy tờ hợp lệ,,8.0
4525,Mặt tiền,3.5,200.0,m²,3.0,2.0,2.0,20.0,"Thị Trấn Hoàn Lão, Huyện Bố Trạch, Quảng Bình",Quảng Bình,Huyện Bố Trạch,Giấy tờ hợp lệ,Đông Nam,10.0
4526,Nhà mặt tiền,19.95,149.0,m²,4.0,3.0,3.0,19.0,"Phường Nam Lý, TP. Đồng Hới, Quảng Bình",Quảng Bình,TP. Đồng Hới,Giấy tờ hợp lệ,,8.0
4527,Mặt tiền,3.5,200.0,m²,3.0,2.0,2.0,20.0,"Thị Trấn Hoàn Lão, Huyện Bố Trạch, Quảng Bình",Quảng Bình,Huyện Bố Trạch,Giấy tờ hợp lệ,Đông Nam,10.0
4528,Nhà mặt tiền,19.95,149.0,m²,4.0,3.0,3.0,19.0,"Phường Nam Lý, TP. Đồng Hới, Quảng Bình",Quảng Bình,TP. Đồng Hới,Giấy tờ hợp lệ,,8.0
4529,Mặt tiền,3.5,200.0,m²,3.0,2.0,2.0,20.0,"Thị Trấn Hoàn Lão, Huyện Bố Trạch, Quảng Bình",Quảng Bình,Huyện Bố Trạch,Giấy tờ hợp lệ,Đông Nam,10.0
4530,Nhà mặt tiền,19.95,149.0,m²,4.0,3.0,3.0,19.0,"Phường Nam Lý, TP. Đồng Hới, Quảng Bình",Quảng Bình,TP. Đồng Hới,Giấy tờ hợp lệ,,8.0
4531,Mặt tiền,3.5,200.0,m²,3.0,2.0,2.0,20.0,"Thị Trấn Hoàn Lão, Huyện Bố Trạch, Quảng Bình",Quảng Bình,Huyện Bố Trạch,Giấy tờ hợp lệ,Đông Nam,10.0
4532,Nhà mặt tiền,19.95,149.0,m²,4.0,3.0,3.0,19.0,"Phường Nam Lý, TP. Đồng Hới, Quảng Bình",Quảng Bình,TP. Đồng Hới,Giấy tờ hợp lệ,,8.0
4533,Mặt tiền,3.5,200.0,m²,3.0,2.0,2.0,20.0,"Thị Trấn Hoàn Lão, Huyện Bố Trạch, Quảng Bình",Quảng Bình,Huyện Bố Trạch,Giấy tờ hợp lệ,Đông Nam,10.0
4534,Nhà mặt tiền,3.6,78.0,m²,3.0,,3.0,17.0,"Phường Trần Phú, TP. Quảng Ngãi, Quảng Ngãi",Quảng Ngãi,TP. Quảng Ngãi,Giấy tờ hợp lệ,,4.4
4535,Nhà hẻm ngõ,1.8,269.0,m²,3.0,1.0,,20.0,"Phường Quảng Phú, TP. Quảng Ngãi, Quảng Ngãi",Quảng Ngãi,TP. Quảng Ngãi,Giấy tờ hợp lệ,Tây Bắc,12.0
4536,Biệt thự,12.3,314.0,m²,3.0,3.0,3.0,18.5,"Phường Chánh Lộ, TP. Quảng Ngãi, Quảng Ngãi",Quảng Ngãi,TP. Quảng Ngãi,Giấy tờ hợp lệ,Nam,17.0
4537,Biệt thự,12.2,314.0,m²,3.0,3.0,3.0,18.5,"Phường Chánh Lộ, TP. Quảng Ngãi, Quảng Ngãi",Quảng Ngãi,TP. Quảng Ngãi,Giấy tờ hợp lệ,Nam,17.0
4538,Nhà mặt tiền,3.6,78.0,m²,3.0,,3.0,17.0,"Phường Trần Phú, TP. Quảng Ngãi, Quảng Ngãi",Quảng Ngãi,TP. Quảng Ngãi,Giấy tờ hợp lệ,,4.4
4539,Nhà hẻm ngõ,1.8,269.0,m²,3.0,1.0,,20.0,"Phường Quảng Phú, TP. Quảng Ngãi, Quảng Ngãi",Quảng Ngãi,TP. Quảng Ngãi,Giấy tờ hợp lệ,Tây Bắc,12.0
4540,Biệt thự,12.3,314.0,m²,3.0,3.0,3.0,18.5,"Phường Chánh Lộ, TP. Quảng Ngãi, Quảng Ngãi",Quảng Ngãi,TP. Quảng Ngãi,Giấy tờ hợp lệ,Nam,17.0
4541,Biệt thự,12.2,314.0,m²,3.0,3.0,3.0,18.5,"Phường Chánh Lộ, TP. Quảng Ngãi, Quảng Ngãi",Quảng Ngãi,TP. Quảng Ngãi,Giấy tờ hợp lệ,Nam,17.0
4542,Nhà mặt tiền,3.6,78.0,m²,3.0,,3.0,17.0,"Phường Trần Phú, TP. Quảng Ngãi, Quảng Ngãi",Quảng Ngãi,TP. Quảng Ngãi,Giấy tờ hợp lệ,,4.4
4543,Nhà hẻm ngõ,1.8,269.0,m²,3.0,1.0,,20.0,"Phường Quảng Phú, TP. Quảng Ngãi, Quảng Ngãi",Quảng Ngãi,TP. Quảng Ngãi,Giấy tờ hợp lệ,Tây Bắc,12.0
4544,Biệt thự,12.3,314.0,m²,3.0,3.0,3.0,18.5,"Phường Chánh Lộ, TP. Quảng Ngãi, Quảng Ngãi",Quảng Ngãi,TP. Quảng Ngãi,Giấy tờ hợp lệ,Nam,17.0
4545,Biệt thự,12.2,314.0,m²,3.0,3.0,3.0,18.5,"Phường Chánh Lộ, TP. Quảng Ngãi, Quảng Ngãi",Quảng Ngãi,TP. Quảng Ngãi,Giấy tờ hợp lệ,Nam,17.0
4546,Nhà mặt tiền,3.6,78.0,m²,3.0,,3.0,17.0,"Phường Trần Phú, TP. Quảng Ngãi, Quảng Ngãi",Quảng Ngãi,TP. Quảng Ngãi,Giấy tờ hợp lệ,,4.4
4547,Nhà hẻm ngõ,1.8,269.0,m²,3.0,1.0,,20.0,"Phường Quảng Phú, TP. Quảng Ngãi, Quảng Ngãi",Quảng Ngãi,TP. Quảng Ngãi,Giấy tờ hợp lệ,Tây Bắc,12.0
4548,Biệt thự,12.3,314.0,m²,3.0,3.0,3.0,18.5,"Phường Chánh Lộ, TP. Quảng Ngãi, Quảng Ngãi",Quảng Ngãi,TP. Quảng Ngãi,Giấy tờ hợp lệ,Nam,17.0
4549,Biệt thự,12.2,314.0,m²,3.0,3.0,3.0,18.5,"Phường Chánh Lộ, TP. Quảng Ngãi, Quảng Ngãi",Quảng Ngãi,TP. Quảng Ngãi,Giấy tờ hợp lệ,Nam,17.0
4550,Nhà mặt tiền,3.6,78.0,m²,3.0,,3.0,17.0,"Phường Trần Phú, TP. Quảng Ngãi, Quảng Ngãi",Quảng Ngãi,TP. Quảng Ngãi,Giấy tờ hợp lệ,,4.4
4551,Nhà hẻm ngõ,1.8,269.0,m²,3.0,1.0,,20.0,"Phường Quảng Phú, TP. Quảng Ngãi, Quảng Ngãi",Quảng Ngãi,TP. Quảng Ngãi,Giấy tờ hợp lệ,Tây Bắc,12.0
4552,Biệt thự,12.3,314.0,m²,3.0,3.0,3.0,18.5,"Phường Chánh Lộ, TP. Quảng Ngãi, Quảng Ngãi",Quảng Ngãi,TP. Quảng Ngãi,Giấy tờ hợp lệ,Nam,17.0
4553,Biệt thự,12.2,314.0,m²,3.0,3.0,3.0,18.5,"Phường Chánh Lộ, TP. Quảng Ngãi, Quảng Ngãi",Quảng Ngãi,TP. Quảng Ngãi,Giấy tờ hợp lệ,Nam,17.0
4554,Nhà mặt tiền,3.6,78.0,m²,3.0,,3.0,17.0,"Phường Trần Phú, TP. Quảng Ngãi, Quảng Ngãi",Quảng Ngãi,TP. Quảng Ngãi,Giấy tờ hợp lệ,,4.4
4555,Nhà hẻm ngõ,1.8,269.0,m²,3.0,1.0,,20.0,"Phường Quảng Phú, TP. Quảng Ngãi, Quảng Ngãi",Quảng Ngãi,TP. Quảng Ngãi,Giấy tờ hợp lệ,Tây Bắc,12.0
4556,Biệt thự,12.3,314.0,m²,3.0,3.0,3.0,18.5,"Phường Chánh Lộ, TP. Quảng Ngãi, Quảng Ngãi",Quảng Ngãi,TP. Quảng Ngãi,Giấy tờ hợp lệ,Nam,17.0
4557,Biệt thự,12.2,314.0,m²,3.0,3.0,3.0,18.5,"Phường Chánh Lộ, TP. Quảng Ngãi, Quảng Ngãi",Quảng Ngãi,TP. Quảng Ngãi,Giấy tờ hợp lệ,Nam,17.0
4558,Nhà mặt tiền,3.6,78.0,m²,3.0,,3.0,17.0,"Phường Trần Phú, TP. Quảng Ngãi, Quảng Ngãi",Quảng Ngãi,TP. Quảng Ngãi,Giấy tờ hợp lệ,,4.4
4559,Nhà hẻm ngõ,1.8,269.0,m²,3.0,1.0,,20.0,"Phường Quảng Phú, TP. Quảng Ngãi, Quảng Ngãi",Quảng Ngãi,TP. Quảng Ngãi,Giấy tờ hợp lệ,Tây Bắc,12.0
4560,Biệt thự,12.3,314.0,m²,3.0,3.0,3.0,18.5,"Phường Chánh Lộ, TP. Quảng Ngãi, Quảng Ngãi",Quảng Ngãi,TP. Quảng Ngãi,Giấy tờ hợp lệ,Nam,17.0
4561,Biệt thự,12.2,314.0,m²,3.0,3.0,3.0,18.5,"Phường Chánh Lộ, TP. Quảng Ngãi, Quảng Ngãi",Quảng Ngãi,TP. Quảng Ngãi,Giấy tờ hợp lệ,Nam,17.0
4562,Nhà mặt tiền,3.6,78.0,m²,3.0,,3.0,17.0,"Phường Trần Phú, TP. Quảng Ngãi, Quảng Ngãi",Quảng Ngãi,TP. Quảng Ngãi,Giấy tờ hợp lệ,,4.4
4563,Nhà hẻm ngõ,1.8,269.0,m²,3.0,1.0,,20.0,"Phường Quảng Phú, TP. Quảng Ngãi, Quảng Ngãi",Quảng Ngãi,TP. Quảng Ngãi,Giấy tờ hợp lệ,Tây Bắc,12.0
4564,Biệt thự,12.3,314.0,m²,3.0,3.0,3.0,18.5,"Phường Chánh Lộ, TP. Quảng Ngãi, Quảng Ngãi",Quảng Ngãi,TP. Quảng Ngãi,Giấy tờ hợp lệ,Nam,17.0
4565,Biệt thự,12.2,314.0,m²,3.0,3.0,3.0,18.5,"Phường Chánh Lộ, TP. Quảng Ngãi, Quảng Ngãi",Quảng Ngãi,TP. Quảng Ngãi,Giấy tờ hợp lệ,Nam,17.0
4566,Nhà mặt tiền,3.6,78.0,m²,3.0,,3.0,17.0,"Phường Trần Phú, TP. Quảng Ngãi, Quảng Ngãi",Quảng Ngãi,TP. Quảng Ngãi,Giấy tờ hợp lệ,,4.4
4567,Nhà hẻm ngõ,1.8,269.0,m²,3.0,1.0,,20.0,"Phường Quảng Phú, TP. Quảng Ngãi, Quảng Ngãi",Quảng Ngãi,TP. Quảng Ngãi,Giấy tờ hợp lệ,Tây Bắc,12.0
4568,Biệt thự,12.3,314.0,m²,3.0,3.0,3.0,18.5,"Phường Chánh Lộ, TP. Quảng Ngãi, Quảng Ngãi",Quảng Ngãi,TP. Quảng Ngãi,Giấy tờ hợp lệ,Nam,17.0
4569,Biệt thự,12.2,314.0,m²,3.0,3.0,3.0,18.5,"Phường Chánh Lộ, TP. Quảng Ngãi, Quảng Ngãi",Quảng Ngãi,TP. Quảng Ngãi,Giấy tờ hợp lệ,Nam,17.0
4570,Nhà mặt tiền,3.6,78.0,m²,3.0,,3.0,17.0,"Phường Trần Phú, TP. Quảng Ngãi, Quảng Ngãi",Quảng Ngãi,TP. Quảng Ngãi,Giấy tờ hợp lệ,,4.4
4571,Nhà hẻm ngõ,1.8,269.0,m²,3.0,1.0,,20.0,"Phường Quảng Phú, TP. Quảng Ngãi, Quảng Ngãi",Quảng Ngãi,TP. Quảng Ngãi,Giấy tờ hợp lệ,Tây Bắc,12.0
4572,Biệt thự,12.3,314.0,m²,3.0,3.0,3.0,18.5,"Phường Chánh Lộ, TP. Quảng Ngãi, Quảng Ngãi",Quảng Ngãi,TP. Quảng Ngãi,Giấy tờ hợp lệ,Nam,17.0
4573,Biệt thự,12.2,314.0,m²,3.0,3.0,3.0,18.5,"Phường Chánh Lộ, TP. Quảng Ngãi, Quảng Ngãi",Quảng Ngãi,TP. Quảng Ngãi,Giấy tờ hợp lệ,Nam,17.0
4574,Nhà mặt tiền,3.6,78.0,m²,3.0,,3.0,17.0,"Phường Trần Phú, TP. Quảng Ngãi, Quảng Ngãi",Quảng Ngãi,TP. Quảng Ngãi,Giấy tờ hợp lệ,,4.4
4575,Nhà hẻm ngõ,1.8,269.0,m²,3.0,1.0,,20.0,"Phường Quảng Phú, TP. Quảng Ngãi, Quảng Ngãi",Quảng Ngãi,TP. Quảng Ngãi,Giấy tờ hợp lệ,Tây Bắc,12.0
4576,Biệt thự,12.3,314.0,m²,3.0,3.0,3.0,18.5,"Phường Chánh Lộ, TP. Quảng Ngãi, Quảng Ngãi",Quảng Ngãi,TP. Quảng Ngãi,Giấy tờ hợp lệ,Nam,17.0
4577,Biệt thự,12.2,314.0,m²,3.0,3.0,3.0,18.5,"Phường Chánh Lộ, TP. Quảng Ngãi, Quảng Ngãi",Quảng Ngãi,TP. Quảng Ngãi,Giấy tờ hợp lệ,Nam,17.0
4578,Nhà mặt tiền,3.6,78.0,m²,3.0,,3.0,17.0,"Phường Trần Phú, TP. Quảng Ngãi, Quảng Ngãi",Quảng Ngãi,TP. Quảng Ngãi,Giấy tờ hợp lệ,,4.4
4579,Nhà hẻm ngõ,1.8,269.0,m²,3.0,1.0,,20.0,"Phường Quảng Phú, TP. Quảng Ngãi, Quảng Ngãi",Quảng Ngãi,TP. Quảng Ngãi,Giấy tờ hợp lệ,Tây Bắc,12.0
4580,Biệt thự,12.3,314.0,m²,3.0,3.0,3.0,18.5,"Phường Chánh Lộ, TP. Quảng Ngãi, Quảng Ngãi",Quảng Ngãi,TP. Quảng Ngãi,Giấy tờ hợp lệ,Nam,17.0
4581,Biệt thự,12.2,314.0,m²,3.0,3.0,3.0,18.5,"Phường Chánh Lộ, TP. Quảng Ngãi, Quảng Ngãi",Quảng Ngãi,TP. Quảng Ngãi,Giấy tờ hợp lệ,Nam,17.0
4582,Nhà mặt tiền,3.6,78.0,m²,3.0,,3.0,17.0,"Phường Trần Phú, TP. Quảng Ngãi, Quảng Ngãi",Quảng Ngãi,TP. Quảng Ngãi,Giấy tờ hợp lệ,,4.4
4583,Nhà hẻm ngõ,1.8,269.0,m²,3.0,1.0,,20.0,"Phường Quảng Phú, TP. Quảng Ngãi, Quảng Ngãi",Quảng Ngãi,TP. Quảng Ngãi,Giấy tờ hợp lệ,Tây Bắc,12.0
4584,Biệt thự,12.3,314.0,m²,3.0,3.0,3.0,18.5,"Phường Chánh Lộ, TP. Quảng Ngãi, Quảng Ngãi",Quảng Ngãi,TP. Quảng Ngãi,Giấy tờ hợp lệ,Nam,17.0
4585,Biệt thự,12.2,314.0,m²,3.0,3.0,3.0,18.5,"Phường Chánh Lộ, TP. Quảng Ngãi, Quảng Ngãi",Quảng Ngãi,TP. Quảng Ngãi,Giấy tờ hợp lệ,Nam,17.0
4586,Nhà mặt tiền,3.6,78.0,m²,3.0,,3.0,17.0,"Phường Trần Phú, TP. Quảng Ngãi, Quảng Ngãi",Quảng Ngãi,TP. Quảng Ngãi,Giấy tờ hợp lệ,,4.4
4587,Nhà hẻm ngõ,1.8,269.0,m²,3.0,1.0,,20.0,"Phường Quảng Phú, TP. Quảng Ngãi, Quảng Ngãi",Quảng Ngãi,TP. Quảng Ngãi,Giấy tờ hợp lệ,Tây Bắc,12.0
4588,Biệt thự,12.3,314.0,m²,3.0,3.0,3.0,18.5,"Phường Chánh Lộ, TP. Quảng Ngãi, Quảng Ngãi",Quảng Ngãi,TP. Quảng Ngãi,Giấy tờ hợp lệ,Nam,17.0
4589,Biệt thự,12.2,314.0,m²,3.0,3.0,3.0,18.5,"Phường Chánh Lộ, TP. Quảng Ngãi, Quảng Ngãi",Quảng Ngãi,TP. Quảng Ngãi,Giấy tờ hợp lệ,Nam,17.0
4590,Nhà mặt tiền,3.6,78.0,m²,3.0,,3.0,17.0,"Phường Trần Phú, TP. Quảng Ngãi, Quảng Ngãi",Quảng Ngãi,TP. Quảng Ngãi,Giấy tờ hợp lệ,,4.4
4591,Nhà hẻm ngõ,1.8,269.0,m²,3.0,1.0,,20.0,"Phường Quảng Phú, TP. Quảng Ngãi, Quảng Ngãi",Quảng Ngãi,TP. Quảng Ngãi,Giấy tờ hợp lệ,Tây Bắc,12.0
4592,Biệt thự,12.3,314.0,m²,3.0,3.0,3.0,18.5,"Phường Chánh Lộ, TP. Quảng Ngãi, Quảng Ngãi",Quảng Ngãi,TP. Quảng Ngãi,Giấy tờ hợp lệ,Nam,17.0
4593,Biệt thự,12.2,314.0,m²,3.0,3.0,3.0,18.5,"Phường Chánh Lộ, TP. Quảng Ngãi, Quảng Ngãi",Quảng Ngãi,TP. Quảng Ngãi,Giấy tờ hợp lệ,Nam,17.0
4594,Nhà mặt tiền,3.6,78.0,m²,3.0,,3.0,17.0,"Phường Trần Phú, TP. Quảng Ngãi, Quảng Ngãi",Quảng Ngãi,TP. Quảng Ngãi,Giấy tờ hợp lệ,,4.4
4595,Nhà hẻm ngõ,1.8,269.0,m²,3.0,1.0,,20.0,"Phường Quảng Phú, TP. Quảng Ngãi, Quảng Ngãi",Quảng Ngãi,TP. Quảng Ngãi,Giấy tờ hợp lệ,Tây Bắc,12.0
4596,Biệt thự,12.3,314.0,m²,3.0,3.0,3.0,18.5,"Phường Chánh Lộ, TP. Quảng Ngãi, Quảng Ngãi",Quảng Ngãi,TP. Quảng Ngãi,Giấy tờ hợp lệ,Nam,17.0
4597,Biệt thự,12.2,314.0,m²,3.0,3.0,3.0,18.5,"Phường Chánh Lộ, TP. Quảng Ngãi, Quảng Ngãi",Quảng Ngãi,TP. Quảng Ngãi,Giấy tờ hợp lệ,Nam,17.0
4598,Nhà mặt tiền,3.6,78.0,m²,3.0,,3.0,17.0,"Phường Trần Phú, TP. Quảng Ngãi, Quảng Ngãi",Quảng Ngãi,TP. Quảng Ngãi,Giấy tờ hợp lệ,,4.4
4599,Nhà hẻm ngõ,1.8,269.0,m²,3.0,1.0,,20.0,"Phường Quảng Phú, TP. Quảng Ngãi, Quảng Ngãi",Quảng Ngãi,TP. Quảng Ngãi,Giấy tờ hợp lệ,Tây Bắc,12.0
4600,Biệt thự,12.3,314.0,m²,3.0,3.0,3.0,18.5,"Phường Chánh Lộ, TP. Quảng Ngãi, Quảng Ngãi",Quảng Ngãi,TP. Quảng Ngãi,Giấy tờ hợp lệ,Nam,17.0
4601,Biệt thự,12.2,314.0,m²,3.0,3.0,3.0,18.5,"Phường Chánh Lộ, TP. Quảng Ngãi, Quảng Ngãi",Quảng Ngãi,TP. Quảng Ngãi,Giấy tờ hợp lệ,Nam,17.0
4602,Nhà mặt tiền,3.6,78.0,m²,3.0,,3.0,17.0,"Phường Trần Phú, TP. Quảng Ngãi, Quảng Ngãi",Quảng Ngãi,TP. Quảng Ngãi,Giấy tờ hợp lệ,,4.4
4603,Nhà hẻm ngõ,1.8,269.0,m²,3.0,1.0,,20.0,"Phường Quảng Phú, TP. Quảng Ngãi, Quảng Ngãi",Quảng Ngãi,TP. Quảng Ngãi,Giấy tờ hợp lệ,Tây Bắc,12.0
4604,Biệt thự,12.3,314.0,m²,3.0,3.0,3.0,18.5,"Phường Chánh Lộ, TP. Quảng Ngãi, Quảng Ngãi",Quảng Ngãi,TP. Quảng Ngãi,Giấy tờ hợp lệ,Nam,17.0
4605,Biệt thự,12.2,314.0,m²,3.0,3.0,3.0,18.5,"Phường Chánh Lộ, TP. Quảng Ngãi, Quảng Ngãi",Quảng Ngãi,TP. Quảng Ngãi,Giấy tờ hợp lệ,Nam,17.0
4606,Nhà mặt tiền,3.6,78.0,m²,3.0,,3.0,17.0,"Phường Trần Phú, TP. Quảng Ngãi, Quảng Ngãi",Quảng Ngãi,TP. Quảng Ngãi,Giấy tờ hợp lệ,,4.4
4607,Nhà hẻm ngõ,1.8,269.0,m²,3.0,1.0,,20.0,"Phường Quảng Phú, TP. Quảng Ngãi, Quảng Ngãi",Quảng Ngãi,TP. Quảng Ngãi,Giấy tờ hợp lệ,Tây Bắc,12.0
4608,Biệt thự,12.3,314.0,m²,3.0,3.0,3.0,18.5,"Phường Chánh Lộ, TP. Quảng Ngãi, Quảng Ngãi",Quảng Ngãi,TP. Quảng Ngãi,Giấy tờ hợp lệ,Nam,17.0
4609,Biệt thự,12.2,314.0,m²,3.0,3.0,3.0,18.5,"Phường Chánh Lộ, TP. Quảng Ngãi, Quảng Ngãi",Quảng Ngãi,TP. Quảng Ngãi,Giấy tờ hợp lệ,Nam,17.0
4610,Nhà mặt tiền,3.6,78.0,m²,3.0,,3.0,17.0,"Phường Trần Phú, TP. Quảng Ngãi, Quảng Ngãi",Quảng Ngãi,TP. Quảng Ngãi,Giấy tờ hợp lệ,,4.4
4611,Nhà hẻm ngõ,1.8,269.0,m²,3.0,1.0,,20.0,"Phường Quảng Phú, TP. Quảng Ngãi, Quảng Ngãi",Quảng Ngãi,TP. Quảng Ngãi,Giấy tờ hợp lệ,Tây Bắc,12.0
4612,Biệt thự,12.3,314.0,m²,3.0,3.0,3.0,18.5,"Phường Chánh Lộ, TP. Quảng Ngãi, Quảng Ngãi",Quảng Ngãi,TP. Quảng Ngãi,Giấy tờ hợp lệ,Nam,17.0
4613,Biệt thự,12.2,314.0,m²,3.0,3.0,3.0,18.5,"Phường Chánh Lộ, TP. Quảng Ngãi, Quảng Ngãi",Quảng Ngãi,TP. Quảng Ngãi,Giấy tờ hợp lệ,Nam,17.0
4614,Nhà mặt tiền,3.6,78.0,m²,3.0,,3.0,17.0,"Phường Trần Phú, TP. Quảng Ngãi, Quảng Ngãi",Quảng Ngãi,TP. Quảng Ngãi,Giấy tờ hợp lệ,,4.4
4615,Nhà hẻm ngõ,1.8,269.0,m²,3.0,1.0,,20.0,"Phường Quảng Phú, TP. Quảng Ngãi, Quảng Ngãi",Quảng Ngãi,TP. Quảng Ngãi,Giấy tờ hợp lệ,Tây Bắc,12.0
4616,Biệt thự,12.3,314.0,m²,3.0,3.0,3.0,18.5,"Phường Chánh Lộ, TP. Quảng Ngãi, Quảng Ngãi",Quảng Ngãi,TP. Quảng Ngãi,Giấy tờ hợp lệ,Nam,17.0
4617,Biệt thự,12.2,314.0,m²,3.0,3.0,3.0,18.5,"Phường Chánh Lộ, TP. Quảng Ngãi, Quảng Ngãi",Quảng Ngãi,TP. Quảng Ngãi,Giấy tờ hợp lệ,Nam,17.0
4618,Nhà mặt tiền,3.6,78.0,m²,3.0,,3.0,17.0,"Phường Trần Phú, TP. Quảng Ngãi, Quảng Ngãi",Quảng Ngãi,TP. Quảng Ngãi,Giấy tờ hợp lệ,,4.4
4619,Nhà hẻm ngõ,1.8,269.0,m²,3.0,1.0,,20.0,"Phường Quảng Phú, TP. Quảng Ngãi, Quảng Ngãi",Quảng Ngãi,TP. Quảng Ngãi,Giấy tờ hợp lệ,Tây Bắc,12.0
4620,Biệt thự,12.3,314.0,m²,3.0,3.0,3.0,18.5,"Phường Chánh Lộ, TP. Quảng Ngãi, Quảng Ngãi",Quảng Ngãi,TP. Quảng Ngãi,Giấy tờ hợp lệ,Nam,17.0
4621,Biệt thự,12.2,314.0,m²,3.0,3.0,3.0,18.5,"Phường Chánh Lộ, TP. Quảng Ngãi, Quảng Ngãi",Quảng Ngãi,TP. Quảng Ngãi,Giấy tờ hợp lệ,Nam,17.0
4622,Nhà mặt tiền,3.6,78.0,m²,3.0,,3.0,17.0,"Phường Trần Phú, TP. Quảng Ngãi, Quảng Ngãi",Quảng Ngãi,TP. Quảng Ngãi,Giấy tờ hợp lệ,,4.4
4623,Nhà hẻm ngõ,1.8,269.0,m²,3.0,1.0,,20.0,"Phường Quảng Phú, TP. Quảng Ngãi, Quảng Ngãi",Quảng Ngãi,TP. Quảng Ngãi,Giấy tờ hợp lệ,Tây Bắc,12.0
4624,Biệt thự,12.3,314.0,m²,3.0,3.0,3.0,18.5,"Phường Chánh Lộ, TP. Quảng Ngãi, Quảng Ngãi",Quảng Ngãi,TP. Quảng Ngãi,Giấy tờ hợp lệ,Nam,17.0
4625,Biệt thự,12.2,314.0,m²,3.0,3.0,3.0,18.5,"Phường Chánh Lộ, TP. Quảng Ngãi, Quảng Ngãi",Quảng Ngãi,TP. Quảng Ngãi,Giấy tờ hợp lệ,Nam,17.0
4626,Nhà mặt tiền,3.6,78.0,m²,3.0,,3.0,17.0,"Phường Trần Phú, TP. Quảng Ngãi, Quảng Ngãi",Quảng Ngãi,TP. Quảng Ngãi,Giấy tờ hợp lệ,,4.4
4627,Nhà hẻm ngõ,1.8,269.0,m²,3.0,1.0,,20.0,"Phường Quảng Phú, TP. Quảng Ngãi, Quảng Ngãi",Quảng Ngãi,TP. Quảng Ngãi,Giấy tờ hợp lệ,Tây Bắc,12.0
4628,Biệt thự,12.3,314.0,m²,3.0,3.0,3.0,18.5,"Phường Chánh Lộ, TP. Quảng Ngãi, Quảng Ngãi",Quảng Ngãi,TP. Quảng Ngãi,Giấy tờ hợp lệ,Nam,17.0
4629,Biệt thự,12.2,314.0,m²,3.0,3.0,3.0,18.5,"Phường Chánh Lộ, TP. Quảng Ngãi, Quảng Ngãi",Quảng Ngãi,TP. Quảng Ngãi,Giấy tờ hợp lệ,Nam,17.0
4630,Nhà mặt tiền,3.6,78.0,m²,3.0,,3.0,17.0,"Phường Trần Phú, TP. Quảng Ngãi, Quảng Ngãi",Quảng Ngãi,TP. Quảng Ngãi,Giấy tờ hợp lệ,,4.4
4631,Nhà hẻm ngõ,1.8,269.0,m²,3.0,1.0,,20.0,"Phường Quảng Phú, TP. Quảng Ngãi, Quảng Ngãi",Quảng Ngãi,TP. Quảng Ngãi,Giấy tờ hợp lệ,Tây Bắc,12.0
4632,Biệt thự,12.3,314.0,m²,3.0,3.0,3.0,18.5,"Phường Chánh Lộ, TP. Quảng Ngãi, Quảng Ngãi",Quảng Ngãi,TP. Quảng Ngãi,Giấy tờ hợp lệ,Nam,17.0
4633,Biệt thự,12.2,314.0,m²,3.0,3.0,3.0,18.5,"Phường Chánh Lộ, TP. Quảng Ngãi, Quảng Ngãi",Quảng Ngãi,TP. Quảng Ngãi,Giấy tờ hợp lệ,Nam,17.0
4634,Nhà mặt tiền,3.6,78.0,m²,3.0,,3.0,17.0,"Phường Trần Phú, TP. Quảng Ngãi, Quảng Ngãi",Quảng Ngãi,TP. Quảng Ngãi,Giấy tờ hợp lệ,,4.4
4635,Nhà hẻm ngõ,1.8,269.0,m²,3.0,1.0,,20.0,"Phường Quảng Phú, TP. Quảng Ngãi, Quảng Ngãi",Quảng Ngãi,TP. Quảng Ngãi,Giấy tờ hợp lệ,Tây Bắc,12.0
4636,Biệt thự,12.3,314.0,m²,3.0,3.0,3.0,18.5,"Phường Chánh Lộ, TP. Quảng Ngãi, Quảng Ngãi",Quảng Ngãi,TP. Quảng Ngãi,Giấy tờ hợp lệ,Nam,17.0
4637,Biệt thự,12.2,314.0,m²,3.0,3.0,3.0,18.5,"Phường Chánh Lộ, TP. Quảng Ngãi, Quảng Ngãi",Quảng Ngãi,TP. Quảng Ngãi,Giấy tờ hợp lệ,Nam,17.0
4638,Nhà mặt tiền,3.6,78.0,m²,3.0,,3.0,17.0,"Phường Trần Phú, TP. Quảng Ngãi, Quảng Ngãi",Quảng Ngãi,TP. Quảng Ngãi,Giấy tờ hợp lệ,,4.4
4639,Nhà hẻm ngõ,1.8,269.0,m²,3.0,1.0,,20.0,"Phường Quảng Phú, TP. Quảng Ngãi, Quảng Ngãi",Quảng Ngãi,TP. Quảng Ngãi,Giấy tờ hợp lệ,Tây Bắc,12.0
4640,Biệt thự,12.3,314.0,m²,3.0,3.0,3.0,18.5,"Phường Chánh Lộ, TP. Quảng Ngãi, Quảng Ngãi",Quảng Ngãi,TP. Quảng Ngãi,Giấy tờ hợp lệ,Nam,17.0
4641,Biệt thự,12.2,314.0,m²,3.0,3.0,3.0,18.5,"Phường Chánh Lộ, TP. Quảng Ngãi, Quảng Ngãi",Quảng Ngãi,TP. Quảng Ngãi,Giấy tờ hợp lệ,Nam,17.0
4642,Nhà mặt tiền,3.6,78.0,m²,3.0,,3.0,17.0,"Phường Trần Phú, TP. Quảng Ngãi, Quảng Ngãi",Quảng Ngãi,TP. Quảng Ngãi,Giấy tờ hợp lệ,,4.4
4643,Nhà hẻm ngõ,1.8,269.0,m²,3.0,1.0,,20.0,"Phường Quảng Phú, TP. Quảng Ngãi, Quảng Ngãi",Quảng Ngãi,TP. Quảng Ngãi,Giấy tờ hợp lệ,Tây Bắc,12.0
4644,Biệt thự,12.3,314.0,m²,3.0,3.0,3.0,18.5,"Phường Chánh Lộ, TP. Quảng Ngãi, Quảng Ngãi",Quảng Ngãi,TP. Quảng Ngãi,Giấy tờ hợp lệ,Nam,17.0
4645,Biệt thự,12.2,314.0,m²,3.0,3.0,3.0,18.5,"Phường Chánh Lộ, TP. Quảng Ngãi, Quảng Ngãi",Quảng Ngãi,TP. Quảng Ngãi,Giấy tờ hợp lệ,Nam,17.0
4646,Nhà mặt tiền,3.6,78.0,m²,3.0,,3.0,17.0,"Phường Trần Phú, TP. Quảng Ngãi, Quảng Ngãi",Quảng Ngãi,TP. Quảng Ngãi,Giấy tờ hợp lệ,,4.4
4647,Nhà hẻm ngõ,1.8,269.0,m²,3.0,1.0,,20.0,"Phường Quảng Phú, TP. Quảng Ngãi, Quảng Ngãi",Quảng Ngãi,TP. Quảng Ngãi,Giấy tờ hợp lệ,Tây Bắc,12.0
4648,Biệt thự,12.3,314.0,m²,3.0,3.0,3.0,18.5,"Phường Chánh Lộ, TP. Quảng Ngãi, Quảng Ngãi",Quảng Ngãi,TP. Quảng Ngãi,Giấy tờ hợp lệ,Nam,17.0
4649,Biệt thự,12.2,314.0,m²,3.0,3.0,3.0,18.5,"Phường Chánh Lộ, TP. Quảng Ngãi, Quảng Ngãi",Quảng Ngãi,TP. Quảng Ngãi,Giấy tờ hợp lệ,Nam,17.0
4650,Nhà mặt tiền,3.6,78.0,m²,3.0,,3.0,17.0,"Phường Trần Phú, TP. Quảng Ngãi, Quảng Ngãi",Quảng Ngãi,TP. Quảng Ngãi,Giấy tờ hợp lệ,,4.4
4651,Nhà hẻm ngõ,1.8,269.0,m²,3.0,1.0,,20.0,"Phường Quảng Phú, TP. Quảng Ngãi, Quảng Ngãi",Quảng Ngãi,TP. Quảng Ngãi,Giấy tờ hợp lệ,Tây Bắc,12.0
4652,Biệt thự,12.3,314.0,m²,3.0,3.0,3.0,18.5,"Phường Chánh Lộ, TP. Quảng Ngãi, Quảng Ngãi",Quảng Ngãi,TP. Quảng Ngãi,Giấy tờ hợp lệ,Nam,17.0
4653,Biệt thự,12.2,314.0,m²,3.0,3.0,3.0,18.5,"Phường Chánh Lộ, TP. Quảng Ngãi, Quảng Ngãi",Quảng Ngãi,TP. Quảng Ngãi,Giấy tờ hợp lệ,Nam,17.0
4654,Nhà mặt tiền,3.6,78.0,m²,3.0,,3.0,17.0,"Phường Trần Phú, TP. Quảng Ngãi, Quảng Ngãi",Quảng Ngãi,TP. Quảng Ngãi,Giấy tờ hợp lệ,,4.4
4655,Nhà hẻm ngõ,1.8,269.0,m²,3.0,1.0,,20.0,"Phường Quảng Phú, TP. Quảng Ngãi, Quảng Ngãi",Quảng Ngãi,TP. Quảng Ngãi,Giấy tờ hợp lệ,Tây Bắc,12.0
4656,Biệt thự,12.3,314.0,m²,3.0,3.0,3.0,18.5,"Phường Chánh Lộ, TP. Quảng Ngãi, Quảng Ngãi",Quảng Ngãi,TP. Quảng Ngãi,Giấy tờ hợp lệ,Nam,17.0
4657,Biệt thự,12.2,314.0,m²,3.0,3.0,3.0,18.5,"Phường Chánh Lộ, TP. Quảng Ngãi, Quảng Ngãi",Quảng Ngãi,TP. Quảng Ngãi,Giấy tờ hợp lệ,Nam,17.0
4658,Nhà mặt tiền,3.6,78.0,m²,3.0,,3.0,17.0,"Phường Trần Phú, TP. Quảng Ngãi, Quảng Ngãi",Quảng Ngãi,TP. Quảng Ngãi,Giấy tờ hợp lệ,,4.4
4659,Nhà hẻm ngõ,1.8,269.0,m²,3.0,1.0,,20.0,"Phường Quảng Phú, TP. Quảng Ngãi, Quảng Ngãi",Quảng Ngãi,TP. Quảng Ngãi,Giấy tờ hợp lệ,Tây Bắc,12.0
4660,Biệt thự,12.3,314.0,m²,3.0,3.0,3.0,18.5,"Phường Chánh Lộ, TP. Quảng Ngãi, Quảng Ngãi",Quảng Ngãi,TP. Quảng Ngãi,Giấy tờ hợp lệ,Nam,17.0
4661,Biệt thự,12.2,314.0,m²,3.0,3.0,3.0,18.5,"Phường Chánh Lộ, TP. Quảng Ngãi, Quảng Ngãi",Quảng Ngãi,TP. Quảng Ngãi,Giấy tờ hợp lệ,Nam,17.0
4662,Nhà mặt tiền,3.6,78.0,m²,3.0,,3.0,17.0,"Phường Trần Phú, TP. Quảng Ngãi, Quảng Ngãi",Quảng Ngãi,TP. Quảng Ngãi,Giấy tờ hợp lệ,,4.4
4663,Nhà hẻm ngõ,1.8,269.0,m²,3.0,1.0,,20.0,"Phường Quảng Phú, TP. Quảng Ngãi, Quảng Ngãi",Quảng Ngãi,TP. Quảng Ngãi,Giấy tờ hợp lệ,Tây Bắc,12.0
4664,Biệt thự,12.3,314.0,m²,3.0,3.0,3.0,18.5,"Phường Chánh Lộ, TP. Quảng Ngãi, Quảng Ngãi",Quảng Ngãi,TP. Quảng Ngãi,Giấy tờ hợp lệ,Nam,17.0
4665,Biệt thự,12.2,314.0,m²,3.0,3.0,3.0,18.5,"Phường Chánh Lộ, TP. Quảng Ngãi, Quảng Ngãi",Quảng Ngãi,TP. Quảng Ngãi,Giấy tờ hợp lệ,Nam,17.0
4666,Nhà mặt tiền,3.6,78.0,m²,3.0,,3.0,17.0,"Phường Trần Phú, TP. Quảng Ngãi, Quảng Ngãi",Quảng Ngãi,TP. Quảng Ngãi,Giấy tờ hợp lệ,,4.4
4667,Nhà hẻm ngõ,1.8,269.0,m²,3.0,1.0,,20.0,"Phường Quảng Phú, TP. Quảng Ngãi, Quảng Ngãi",Quảng Ngãi,TP. Quảng Ngãi,Giấy tờ hợp lệ,Tây Bắc,12.0
4668,Biệt thự,12.3,314.0,m²,3.0,3.0,3.0,18.5,"Phường Chánh Lộ, TP. Quảng Ngãi, Quảng Ngãi",Quảng Ngãi,TP. Quảng Ngãi,Giấy tờ hợp lệ,Nam,17.0
4669,Biệt thự,12.2,314.0,m²,3.0,3.0,3.0,18.5,"Phường Chánh Lộ, TP. Quảng Ngãi, Quảng Ngãi",Quảng Ngãi,TP. Quảng Ngãi,Giấy tờ hợp lệ,Nam,17.0
4670,Nhà mặt tiền,3.6,78.0,m²,3.0,,3.0,17.0,"Phường Trần Phú, TP. Quảng Ngãi, Quảng Ngãi",Quảng Ngãi,TP. Quảng Ngãi,Giấy tờ hợp lệ,,4.4
4671,Nhà hẻm ngõ,1.8,269.0,m²,3.0,1.0,,20.0,"Phường Quảng Phú, TP. Quảng Ngãi, Quảng Ngãi",Quảng Ngãi,TP. Quảng Ngãi,Giấy tờ hợp lệ,Tây Bắc,12.0
4672,Biệt thự,12.3,314.0,m²,3.0,3.0,3.0,18.5,"Phường Chánh Lộ, TP. Quảng Ngãi, Quảng Ngãi",Quảng Ngãi,TP. Quảng Ngãi,Giấy tờ hợp lệ,Nam,17.0
4673,Biệt thự,12.2,314.0,m²,3.0,3.0,3.0,18.5,"Phường Chánh Lộ, TP. Quảng Ngãi, Quảng Ngãi",Quảng Ngãi,TP. Quảng Ngãi,Giấy tờ hợp lệ,Nam,17.0
4674,Nhà mặt tiền,3.6,78.0,m²,3.0,,3.0,17.0,"Phường Trần Phú, TP. Quảng Ngãi, Quảng Ngãi",Quảng Ngãi,TP. Quảng Ngãi,Giấy tờ hợp lệ,,4.4
4675,Nhà hẻm ngõ,1.8,269.0,m²,3.0,1.0,,20.0,"Phường Quảng Phú, TP. Quảng Ngãi, Quảng Ngãi",Quảng Ngãi,TP. Quảng Ngãi,Giấy tờ hợp lệ,Tây Bắc,12.0
4676,Biệt thự,12.3,314.0,m²,3.0,3.0,3.0,18.5,"Phường Chánh Lộ, TP. Quảng Ngãi, Quảng Ngãi",Quảng Ngãi,TP. Quảng Ngãi,Giấy tờ hợp lệ,Nam,17.0
4677,Biệt thự,12.2,314.0,m²,3.0,3.0,3.0,18.5,"Phường Chánh Lộ, TP. Quảng Ngãi, Quảng Ngãi",Quảng Ngãi,TP. Quảng Ngãi,Giấy tờ hợp lệ,Nam,17.0
4678,Nhà mặt tiền,3.6,78.0,m²,3.0,,3.0,17.0,"Phường Trần Phú, TP. Quảng Ngãi, Quảng Ngãi",Quảng Ngãi,TP. Quảng Ngãi,Giấy tờ hợp lệ,,4.4
4679,Nhà hẻm ngõ,1.8,269.0,m²,3.0,1.0,,20.0,"Phường Quảng Phú, TP. Quảng Ngãi, Quảng Ngãi",Quảng Ngãi,TP. Quảng Ngãi,Giấy tờ hợp lệ,Tây Bắc,12.0
4680,Biệt thự,12.3,314.0,m²,3.0,3.0,3.0,18.5,"Phường Chánh Lộ, TP. Quảng Ngãi, Quảng Ngãi",Quảng Ngãi,TP. Quảng Ngãi,Giấy tờ hợp lệ,Nam,17.0
4681,Biệt thự,12.2,314.0,m²,3.0,3.0,3.0,18.5,"Phường Chánh Lộ, TP. Quảng Ngãi, Quảng Ngãi",Quảng Ngãi,TP. Quảng Ngãi,Giấy tờ hợp lệ,Nam,17.0
4682,Nhà mặt tiền,3.6,78.0,m²,3.0,,3.0,17.0,"Phường Trần Phú, TP. Quảng Ngãi, Quảng Ngãi",Quảng Ngãi,TP. Quảng Ngãi,Giấy tờ hợp lệ,,4.4
4683,Nhà hẻm ngõ,1.8,269.0,m²,3.0,1.0,,20.0,"Phường Quảng Phú, TP. Quảng Ngãi, Quảng Ngãi",Quảng Ngãi,TP. Quảng Ngãi,Giấy tờ hợp lệ,Tây Bắc,12.0
4684,Biệt thự,12.3,314.0,m²,3.0,3.0,3.0,18.5,"Phường Chánh Lộ, TP. Quảng Ngãi, Quảng Ngãi",Quảng Ngãi,TP. Quảng Ngãi,Giấy tờ hợp lệ,Nam,17.0
4685,Biệt thự,12.2,314.0,m²,3.0,3.0,3.0,18.5,"Phường Chánh Lộ, TP. Quảng Ngãi, Quảng Ngãi",Quảng Ngãi,TP. Quảng Ngãi,Giấy tờ hợp lệ,Nam,17.0
4686,Nhà mặt tiền,3.6,78.0,m²,3.0,,3.0,17.0,"Phường Trần Phú, TP. Quảng Ngãi, Quảng Ngãi",Quảng Ngãi,TP. Quảng Ngãi,Giấy tờ hợp lệ,,4.4
4687,Nhà hẻm ngõ,1.8,269.0,m²,3.0,1.0,,20.0,"Phường Quảng Phú, TP. Quảng Ngãi, Quảng Ngãi",Quảng Ngãi,TP. Quảng Ngãi,Giấy tờ hợp lệ,Tây Bắc,12.0
4688,Biệt thự,12.3,314.0,m²,3.0,3.0,3.0,18.5,"Phường Chánh Lộ, TP. Quảng Ngãi, Quảng Ngãi",Quảng Ngãi,TP. Quảng Ngãi,Giấy tờ hợp lệ,Nam,17.0
4689,Biệt thự,12.2,314.0,m²,3.0,3.0,3.0,18.5,"Phường Chánh Lộ, TP. Quảng Ngãi, Quảng Ngãi",Quảng Ngãi,TP. Quảng Ngãi,Giấy tờ hợp lệ,Nam,17.0
4690,Nhà mặt tiền,3.6,78.0,m²,3.0,,3.0,17.0,"Phường Trần Phú, TP. Quảng Ngãi, Quảng Ngãi",Quảng Ngãi,TP. Quảng Ngãi,Giấy tờ hợp lệ,,4.4
4691,Nhà hẻm ngõ,1.8,269.0,m²,3.0,1.0,,20.0,"Phường Quảng Phú, TP. Quảng Ngãi, Quảng Ngãi",Quảng Ngãi,TP. Quảng Ngãi,Giấy tờ hợp lệ,Tây Bắc,12.0
4692,Biệt thự,12.3,314.0,m²,3.0,3.0,3.0,18.5,"Phường Chánh Lộ, TP. Quảng Ngãi, Quảng Ngãi",Quảng Ngãi,TP. Quảng Ngãi,Giấy tờ hợp lệ,Nam,17.0
4693,Biệt thự,12.2,314.0,m²,3.0,3.0,3.0,18.5,"Phường Chánh Lộ, TP. Quảng Ngãi, Quảng Ngãi",Quảng Ngãi,TP. Quảng Ngãi,Giấy tờ hợp lệ,Nam,17.0
4694,Nhà mặt tiền,3.6,78.0,m²,3.0,,3.0,17.0,"Phường Trần Phú, TP. Quảng Ngãi, Quảng Ngãi",Quảng Ngãi,TP. Quảng Ngãi,Giấy tờ hợp lệ,,4.4
4695,Nhà hẻm ngõ,1.8,269.0,m²,3.0,1.0,,20.0,"Phường Quảng Phú, TP. Quảng Ngãi, Quảng Ngãi",Quảng Ngãi,TP. Quảng Ngãi,Giấy tờ hợp lệ,Tây Bắc,12.0
4696,Biệt thự,12.3,314.0,m²,3.0,3.0,3.0,18.5,"Phường Chánh Lộ, TP. Quảng Ngãi, Quảng Ngãi",Quảng Ngãi,TP. Quảng Ngãi,Giấy tờ hợp lệ,Nam,17.0
4697,Biệt thự,12.2,314.0,m²,3.0,3.0,3.0,18.5,"Phường Chánh Lộ, TP. Quảng Ngãi, Quảng Ngãi",Quảng Ngãi,TP. Quảng Ngãi,Giấy tờ hợp lệ,Nam,17.0
4698,Nhà mặt tiền,3.6,78.0,m²,3.0,,3.0,17.0,"Phường Trần Phú, TP. Quảng Ngãi, Quảng Ngãi",Quảng Ngãi,TP. Quảng Ngãi,Giấy tờ hợp lệ,,4.4
4699,Nhà hẻm ngõ,1.8,269.0,m²,3.0,1.0,,20.0,"Phường Quảng Phú, TP. Quảng Ngãi, Quảng Ngãi",Quảng Ngãi,TP. Quảng Ngãi,Giấy tờ hợp lệ,Tây Bắc,12.0
4700,Biệt thự,12.3,314.0,m²,3.0,3.0,3.0,18.5,"Phường Chánh Lộ, TP. Quảng Ngãi, Quảng Ngãi",Quảng Ngãi,TP. Quảng Ngãi,Giấy tờ hợp lệ,Nam,17.0
4701,Biệt thự,12.2,314.0,m²,3.0,3.0,3.0,18.5,"Phường Chánh Lộ, TP. Quảng Ngãi, Quảng Ngãi",Quảng Ngãi,TP. Quảng Ngãi,Giấy tờ hợp lệ,Nam,17.0
4702,Nhà mặt tiền,3.6,78.0,m²,3.0,,3.0,17.0,"Phường Trần Phú, TP. Quảng Ngãi, Quảng Ngãi",Quảng Ngãi,TP. Quảng Ngãi,Giấy tờ hợp lệ,,4.4
4703,Nhà hẻm ngõ,1.8,269.0,m²,3.0,1.0,,20.0,"Phường Quảng Phú, TP. Quảng Ngãi, Quảng Ngãi",Quảng Ngãi,TP. Quảng Ngãi,Giấy tờ hợp lệ,Tây Bắc,12.0
4704,Biệt thự,12.3,314.0,m²,3.0,3.0,3.0,18.5,"Phường Chánh Lộ, TP. Quảng Ngãi, Quảng Ngãi",Quảng Ngãi,TP. Quảng Ngãi,Giấy tờ hợp lệ,Nam,17.0
4705,Biệt thự,12.2,314.0,m²,3.0,3.0,3.0,18.5,"Phường Chánh Lộ, TP. Quảng Ngãi, Quảng Ngãi",Quảng Ngãi,TP. Quảng Ngãi,Giấy tờ hợp lệ,Nam,17.0
4706,Nhà mặt tiền,3.6,78.0,m²,3.0,,3.0,17.0,"Phường Trần Phú, TP. Quảng Ngãi, Quảng Ngãi",Quảng Ngãi,TP. Quảng Ngãi,Giấy tờ hợp lệ,,4.4
4707,Nhà hẻm ngõ,1.8,269.0,m²,3.0,1.0,,20.0,"Phường Quảng Phú, TP. Quảng Ngãi, Quảng Ngãi",Quảng Ngãi,TP. Quảng Ngãi,Giấy tờ hợp lệ,Tây Bắc,12.0
4708,Biệt thự,12.3,314.0,m²,3.0,3.0,3.0,18.5,"Phường Chánh Lộ, TP. Quảng Ngãi, Quảng Ngãi",Quảng Ngãi,TP. Quảng Ngãi,Giấy tờ hợp lệ,Nam,17.0
4709,Biệt thự,12.2,314.0,m²,3.0,3.0,3.0,18.5,"Phường Chánh Lộ, TP. Quảng Ngãi, Quảng Ngãi",Quảng Ngãi,TP. Quảng Ngãi,Giấy tờ hợp lệ,Nam,17.0
4710,Nhà mặt tiền,3.6,78.0,m²,3.0,,3.0,17.0,"Phường Trần Phú, TP. Quảng Ngãi, Quảng Ngãi",Quảng Ngãi,TP. Quảng Ngãi,Giấy tờ hợp lệ,,4.4
4711,Nhà hẻm ngõ,1.8,269.0,m²,3.0,1.0,,20.0,"Phường Quảng Phú, TP. Quảng Ngãi, Quảng Ngãi",Quảng Ngãi,TP. Quảng Ngãi,Giấy tờ hợp lệ,Tây Bắc,12.0
4712,Biệt thự,12.3,314.0,m²,3.0,3.0,3.0,18.5,"Phường Chánh Lộ, TP. Quảng Ngãi, Quảng Ngãi",Quảng Ngãi,TP. Quảng Ngãi,Giấy tờ hợp lệ,Nam,17.0
4713,Biệt thự,12.2,314.0,m²,3.0,3.0,3.0,18.5,"Phường Chánh Lộ, TP. Quảng Ngãi, Quảng Ngãi",Quảng Ngãi,TP. Quảng Ngãi,Giấy tờ hợp lệ,Nam,17.0
4714,Nhà mặt tiền,3.6,78.0,m²,3.0,,3.0,17.0,"Phường Trần Phú, TP. Quảng Ngãi, Quảng Ngãi",Quảng Ngãi,TP. Quảng Ngãi,Giấy tờ hợp lệ,,4.4
4715,Nhà hẻm ngõ,1.8,269.0,m²,3.0,1.0,,20.0,"Phường Quảng Phú, TP. Quảng Ngãi, Quảng Ngãi",Quảng Ngãi,TP. Quảng Ngãi,Giấy tờ hợp lệ,Tây Bắc,12.0
4716,Biệt thự,12.3,314.0,m²,3.0,3.0,3.0,18.5,"Phường Chánh Lộ, TP. Quảng Ngãi, Quảng Ngãi",Quảng Ngãi,TP. Quảng Ngãi,Giấy tờ hợp lệ,Nam,17.0
4717,Biệt thự,12.2,314.0,m²,3.0,3.0,3.0,18.5,"Phường Chánh Lộ, TP. Quảng Ngãi, Quảng Ngãi",Quảng Ngãi,TP. Quảng Ngãi,Giấy tờ hợp lệ,Nam,17.0
4718,Nhà mặt tiền,3.6,78.0,m²,3.0,,3.0,17.0,"Phường Trần Phú, TP. Quảng Ngãi, Quảng Ngãi",Quảng Ngãi,TP. Quảng Ngãi,Giấy tờ hợp lệ,,4.4
4719,Nhà hẻm ngõ,1.8,269.0,m²,3.0,1.0,,20.0,"Phường Quảng Phú, TP. Quảng Ngãi, Quảng Ngãi",Quảng Ngãi,TP. Quảng Ngãi,Giấy tờ hợp lệ,Tây Bắc,12.0
4720,Biệt thự,12.3,314.0,m²,3.0,3.0,3.0,18.5,"Phường Chánh Lộ, TP. Quảng Ngãi, Quảng Ngãi",Quảng Ngãi,TP. Quảng Ngãi,Giấy tờ hợp lệ,Nam,17.0
4721,Biệt thự,12.2,314.0,m²,3.0,3.0,3.0,18.5,"Phường Chánh Lộ, TP. Quảng Ngãi, Quảng Ngãi",Quảng Ngãi,TP. Quảng Ngãi,Giấy tờ hợp lệ,Nam,17.0
4722,Nhà mặt tiền,3.6,78.0,m²,3.0,,3.0,17.0,"Phường Trần Phú, TP. Quảng Ngãi, Quảng Ngãi",Quảng Ngãi,TP. Quảng Ngãi,Giấy tờ hợp lệ,,4.4
4723,Nhà hẻm ngõ,1.8,269.0,m²,3.0,1.0,,20.0,"Phường Quảng Phú, TP. Quảng Ngãi, Quảng Ngãi",Quảng Ngãi,TP. Quảng Ngãi,Giấy tờ hợp lệ,Tây Bắc,12.0
4724,Biệt thự,12.3,314.0,m²,3.0,3.0,3.0,18.5,"Phường Chánh Lộ, TP. Quảng Ngãi, Quảng Ngãi",Quảng Ngãi,TP. Quảng Ngãi,Giấy tờ hợp lệ,Nam,17.0
4725,Biệt thự,12.2,314.0,m²,3.0,3.0,3.0,18.5,"Phường Chánh Lộ, TP. Quảng Ngãi, Quảng Ngãi",Quảng Ngãi,TP. Quảng Ngãi,Giấy tờ hợp lệ,Nam,17.0
4726,Nhà mặt tiền,3.6,78.0,m²,3.0,,3.0,17.0,"Phường Trần Phú, TP. Quảng Ngãi, Quảng Ngãi",Quảng Ngãi,TP. Quảng Ngãi,Giấy tờ hợp lệ,,4.4
4727,Nhà hẻm ngõ,1.8,269.0,m²,3.0,1.0,,20.0,"Phường Quảng Phú, TP. Quảng Ngãi, Quảng Ngãi",Quảng Ngãi,TP. Quảng Ngãi,Giấy tờ hợp lệ,Tây Bắc,12.0
4728,Biệt thự,12.3,314.0,m²,3.0,3.0,3.0,18.5,"Phường Chánh Lộ, TP. Quảng Ngãi, Quảng Ngãi",Quảng Ngãi,TP. Quảng Ngãi,Giấy tờ hợp lệ,Nam,17.0
4729,Biệt thự,12.2,314.0,m²,3.0,3.0,3.0,18.5,"Phường Chánh Lộ, TP. Quảng Ngãi, Quảng Ngãi",Quảng Ngãi,TP. Quảng Ngãi,Giấy tờ hợp lệ,Nam,17.0
4730,Nhà mặt tiền,3.6,78.0,m²,3.0,,3.0,17.0,"Phường Trần Phú, TP. Quảng Ngãi, Quảng Ngãi",Quảng Ngãi,TP. Quảng Ngãi,Giấy tờ hợp lệ,,4.4
4731,Nhà hẻm ngõ,1.8,269.0,m²,3.0,1.0,,20.0,"Phường Quảng Phú, TP. Quảng Ngãi, Quảng Ngãi",Quảng Ngãi,TP. Quảng Ngãi,Giấy tờ hợp lệ,Tây Bắc,12.0
4732,Biệt thự,12.3,314.0,m²,3.0,3.0,3.0,18.5,"Phường Chánh Lộ, TP. Quảng Ngãi, Quảng Ngãi",Quảng Ngãi,TP. Quảng Ngãi,Giấy tờ hợp lệ,Nam,17.0
4733,Biệt thự,12.2,314.0,m²,3.0,3.0,3.0,18.5,"Phường Chánh Lộ, TP. Quảng Ngãi, Quảng Ngãi",Quảng Ngãi,TP. Quảng Ngãi,Giấy tờ hợp lệ,Nam,17.0
4734,Nhà hẻm ngõ,3.5,85.0,m²,4.0,3.0,3.0,15.0,"phố Độc lập, Đường Hà Lầm, Phường Hà Lầm, TP. Hạ Long, Quảng Ninh",Quảng Ninh,TP. Hạ Long,Sổ hồng,Nam,5.0
4735,Biệt thự,630.0,5000.0,m²,,,,92.0,"Đường Hoàng Quốc Việt, Bãi Cháy, TP. Hạ Long, Quảng Ninh",Quảng Ninh,TP. Hạ Long,Sổ đỏ,,50.0
4736,Nhà mặt tiền,2.05,61.0,m²,2.0,1.0,2.0,12.0,"32, Đường Hoàng Quốc Việt, Phường Cẩm Sơn, Thành phố Cẩm Phả, Quảng Ninh",Quảng Ninh,Thành phố Cẩm Phả,Sổ hồng,Tây Nam,5.0
4737,Nhà hẻm ngõ,3.5,299.0,m²,11.0,7.0,,30.0,"Phường Cẩm Thành, Thành phố Cẩm Phả, Quảng Ninh",Quảng Ninh,Thành phố Cẩm Phả,Giấy tờ hợp lệ,Nam,11.0
4738,Mặt tiền,2.0,61.0,m²,2.0,1.0,1.0,12.0,"Phường Cẩm Sơn, Thành phố Cẩm Phả, Quảng Ninh",Quảng Ninh,Thành phố Cẩm Phả,Giấy tờ hợp lệ,Tây Nam,5.0
4739,Nhà hẻm ngõ,3.5,85.0,m²,4.0,3.0,3.0,15.0,"phố Độc lập, Đường Hà Lầm, Phường Hà Lầm, TP. Hạ Long, Quảng Ninh",Quảng Ninh,TP. Hạ Long,Sổ hồng,Nam,5.0
4740,Biệt thự,630.0,5000.0,m²,,,,92.0,"Đường Hoàng Quốc Việt, Bãi Cháy, TP. Hạ Long, Quảng Ninh",Quảng Ninh,TP. Hạ Long,Sổ đỏ,,50.0
4741,Nhà mặt tiền,2.05,61.0,m²,2.0,1.0,2.0,12.0,"32, Đường Hoàng Quốc Việt, Phường Cẩm Sơn, Thành phố Cẩm Phả, Quảng Ninh",Quảng Ninh,Thành phố Cẩm Phả,Sổ hồng,Tây Nam,5.0
4742,Nhà hẻm ngõ,3.5,299.0,m²,11.0,7.0,,30.0,"Phường Cẩm Thành, Thành phố Cẩm Phả, Quảng Ninh",Quảng Ninh,Thành phố Cẩm Phả,Giấy tờ hợp lệ,Nam,11.0
4743,Mặt tiền,2.0,61.0,m²,2.0,1.0,1.0,12.0,"Phường Cẩm Sơn, Thành phố Cẩm Phả, Quảng Ninh",Quảng Ninh,Thành phố Cẩm Phả,Giấy tờ hợp lệ,Tây Nam,5.0
4744,Nhà hẻm ngõ,3.5,85.0,m²,4.0,3.0,3.0,15.0,"phố Độc lập, Đường Hà Lầm, Phường Hà Lầm, TP. Hạ Long, Quảng Ninh",Quảng Ninh,TP. Hạ Long,Sổ hồng,Nam,5.0
4745,Biệt thự,630.0,5000.0,m²,,,,92.0,"Đường Hoàng Quốc Việt, Bãi Cháy, TP. Hạ Long, Quảng Ninh",Quảng Ninh,TP. Hạ Long,Sổ đỏ,,50.0
4746,Nhà mặt tiền,2.05,61.0,m²,2.0,1.0,2.0,12.0,"32, Đường Hoàng Quốc Việt, Phường Cẩm Sơn, Thành phố Cẩm Phả, Quảng Ninh",Quảng Ninh,Thành phố Cẩm Phả,Sổ hồng,Tây Nam,5.0
4747,Nhà hẻm ngõ,3.5,299.0,m²,11.0,7.0,,30.0,"Phường Cẩm Thành, Thành phố Cẩm Phả, Quảng Ninh",Quảng Ninh,Thành phố Cẩm Phả,Giấy tờ hợp lệ,Nam,11.0
4748,Mặt tiền,2.0,61.0,m²,2.0,1.0,1.0,12.0,"Phường Cẩm Sơn, Thành phố Cẩm Phả, Quảng Ninh",Quảng Ninh,Thành phố Cẩm Phả,Giấy tờ hợp lệ,Tây Nam,5.0
4749,Nhà hẻm ngõ,3.5,85.0,m²,4.0,3.0,3.0,15.0,"phố Độc lập, Đường Hà Lầm, Phường Hà Lầm, TP. Hạ Long, Quảng Ninh",Quảng Ninh,TP. Hạ Long,Sổ hồng,Nam,5.0
4750,Biệt thự,630.0,5000.0,m²,,,,92.0,"Đường Hoàng Quốc Việt, Bãi Cháy, TP. Hạ Long, Quảng Ninh",Quảng Ninh,TP. Hạ Long,Sổ đỏ,,50.0
4751,Nhà mặt tiền,2.05,61.0,m²,2.0,1.0,2.0,12.0,"32, Đường Hoàng Quốc Việt, Phường Cẩm Sơn, Thành phố Cẩm Phả, Quảng Ninh",Quảng Ninh,Thành phố Cẩm Phả,Sổ hồng,Tây Nam,5.0
4752,Nhà hẻm ngõ,3.5,299.0,m²,11.0,7.0,,30.0,"Phường Cẩm Thành, Thành phố Cẩm Phả, Quảng Ninh",Quảng Ninh,Thành phố Cẩm Phả,Giấy tờ hợp lệ,Nam,11.0
4753,Mặt tiền,2.0,61.0,m²,2.0,1.0,1.0,12.0,"Phường Cẩm Sơn, Thành phố Cẩm Phả, Quảng Ninh",Quảng Ninh,Thành phố Cẩm Phả,Giấy tờ hợp lệ,Tây Nam,5.0
4754,Nhà hẻm ngõ,3.5,85.0,m²,4.0,3.0,3.0,15.0,"phố Độc lập, Đường Hà Lầm, Phường Hà Lầm, TP. Hạ Long, Quảng Ninh",Quảng Ninh,TP. Hạ Long,Sổ hồng,Nam,5.0
4755,Biệt thự,630.0,5000.0,m²,,,,92.0,"Đường Hoàng Quốc Việt, Bãi Cháy, TP. Hạ Long, Quảng Ninh",Quảng Ninh,TP. Hạ Long,Sổ đỏ,,50.0
4756,Nhà mặt tiền,2.05,61.0,m²,2.0,1.0,2.0,12.0,"32, Đường Hoàng Quốc Việt, Phường Cẩm Sơn, Thành phố Cẩm Phả, Quảng Ninh",Quảng Ninh,Thành phố Cẩm Phả,Sổ hồng,Tây Nam,5.0
4757,Nhà hẻm ngõ,3.5,299.0,m²,11.0,7.0,,30.0,"Phường Cẩm Thành, Thành phố Cẩm Phả, Quảng Ninh",Quảng Ninh,Thành phố Cẩm Phả,Giấy tờ hợp lệ,Nam,11.0
4758,Mặt tiền,2.0,61.0,m²,2.0,1.0,1.0,12.0,"Phường Cẩm Sơn, Thành phố Cẩm Phả, Quảng Ninh",Quảng Ninh,Thành phố Cẩm Phả,Giấy tờ hợp lệ,Tây Nam,5.0
4759,Nhà hẻm ngõ,3.5,85.0,m²,4.0,3.0,3.0,15.0,"phố Độc lập, Đường Hà Lầm, Phường Hà Lầm, TP. Hạ Long, Quảng Ninh",Quảng Ninh,TP. Hạ Long,Sổ hồng,Nam,5.0
4760,Biệt thự,630.0,5000.0,m²,,,,92.0,"Đường Hoàng Quốc Việt, Bãi Cháy, TP. Hạ Long, Quảng Ninh",Quảng Ninh,TP. Hạ Long,Sổ đỏ,,50.0
4761,Nhà mặt tiền,2.05,61.0,m²,2.0,1.0,2.0,12.0,"32, Đường Hoàng Quốc Việt, Phường Cẩm Sơn, Thành phố Cẩm Phả, Quảng Ninh",Quảng Ninh,Thành phố Cẩm Phả,Sổ hồng,Tây Nam,5.0
4762,Nhà hẻm ngõ,3.5,299.0,m²,11.0,7.0,,30.0,"Phường Cẩm Thành, Thành phố Cẩm Phả, Quảng Ninh",Quảng Ninh,Thành phố Cẩm Phả,Giấy tờ hợp lệ,Nam,11.0
4763,Mặt tiền,2.0,61.0,m²,2.0,1.0,1.0,12.0,"Phường Cẩm Sơn, Thành phố Cẩm Phả, Quảng Ninh",Quảng Ninh,Thành phố Cẩm Phả,Giấy tờ hợp lệ,Tây Nam,5.0
4764,Nhà hẻm ngõ,3.5,85.0,m²,4.0,3.0,3.0,15.0,"phố Độc lập, Đường Hà Lầm, Phường Hà Lầm, TP. Hạ Long, Quảng Ninh",Quảng Ninh,TP. Hạ Long,Sổ hồng,Nam,5.0
4765,Biệt thự,630.0,5000.0,m²,,,,92.0,"Đường Hoàng Quốc Việt, Bãi Cháy, TP. Hạ Long, Quảng Ninh",Quảng Ninh,TP. Hạ Long,Sổ đỏ,,50.0
4766,Nhà mặt tiền,2.05,61.0,m²,2.0,1.0,2.0,12.0,"32, Đường Hoàng Quốc Việt, Phường Cẩm Sơn, Thành phố Cẩm Phả, Quảng Ninh",Quảng Ninh,Thành phố Cẩm Phả,Sổ hồng,Tây Nam,5.0
4767,Nhà hẻm ngõ,3.5,299.0,m²,11.0,7.0,,30.0,"Phường Cẩm Thành, Thành phố Cẩm Phả, Quảng Ninh",Quảng Ninh,Thành phố Cẩm Phả,Giấy tờ hợp lệ,Nam,11.0
4768,Mặt tiền,2.0,61.0,m²,2.0,1.0,1.0,12.0,"Phường Cẩm Sơn, Thành phố Cẩm Phả, Quảng Ninh",Quảng Ninh,Thành phố Cẩm Phả,Giấy tờ hợp lệ,Tây Nam,5.0
4769,Nhà hẻm ngõ,3.5,85.0,m²,4.0,3.0,3.0,15.0,"phố Độc lập, Đường Hà Lầm, Phường Hà Lầm, TP. Hạ Long, Quảng Ninh",Quảng Ninh,TP. Hạ Long,Sổ hồng,Nam,5.0
4770,Biệt thự,630.0,5000.0,m²,,,,92.0,"Đường Hoàng Quốc Việt, Bãi Cháy, TP. Hạ Long, Quảng Ninh",Quảng Ninh,TP. Hạ Long,Sổ đỏ,,50.0
4771,Nhà mặt tiền,2.05,61.0,m²,2.0,1.0,2.0,12.0,"32, Đường Hoàng Quốc Việt, Phường Cẩm Sơn, Thành phố Cẩm Phả, Quảng Ninh",Quảng Ninh,Thành phố Cẩm Phả,Sổ hồng,Tây Nam,5.0
4772,Nhà hẻm ngõ,3.5,299.0,m²,11.0,7.0,,30.0,"Phường Cẩm Thành, Thành phố Cẩm Phả, Quảng Ninh",Quảng Ninh,Thành phố Cẩm Phả,Giấy tờ hợp lệ,Nam,11.0
4773,Mặt tiền,2.0,61.0,m²,2.0,1.0,1.0,12.0,"Phường Cẩm Sơn, Thành phố Cẩm Phả, Quảng Ninh",Quảng Ninh,Thành phố Cẩm Phả,Giấy tờ hợp lệ,Tây Nam,5.0
4774,Nhà hẻm ngõ,3.5,85.0,m²,4.0,3.0,3.0,15.0,"phố Độc lập, Đường Hà Lầm, Phường Hà Lầm, TP. Hạ Long, Quảng Ninh",Quảng Ninh,TP. Hạ Long,Sổ hồng,Nam,5.0
4775,Biệt thự,630.0,5000.0,m²,,,,92.0,"Đường Hoàng Quốc Việt, Bãi Cháy, TP. Hạ Long, Quảng Ninh",Quảng Ninh,TP. Hạ Long,Sổ đỏ,,50.0
4776,Nhà mặt tiền,2.05,61.0,m²,2.0,1.0,2.0,12.0,"32, Đường Hoàng Quốc Việt, Phường Cẩm Sơn, Thành phố Cẩm Phả, Quảng Ninh",Quảng Ninh,Thành phố Cẩm Phả,Sổ hồng,Tây Nam,5.0
4777,Nhà hẻm ngõ,3.5,299.0,m²,11.0,7.0,,30.0,"Phường Cẩm Thành, Thành phố Cẩm Phả, Quảng Ninh",Quảng Ninh,Thành phố Cẩm Phả,Giấy tờ hợp lệ,Nam,11.0
4778,Mặt tiền,2.0,61.0,m²,2.0,1.0,1.0,12.0,"Phường Cẩm Sơn, Thành phố Cẩm Phả, Quảng Ninh",Quảng Ninh,Thành phố Cẩm Phả,Giấy tờ hợp lệ,Tây Nam,5.0
4779,Nhà hẻm ngõ,3.5,85.0,m²,4.0,3.0,3.0,15.0,"phố Độc lập, Đường Hà Lầm, Phường Hà Lầm, TP. Hạ Long, Quảng Ninh",Quảng Ninh,TP. Hạ Long,Sổ hồng,Nam,5.0
4780,Biệt thự,630.0,5000.0,m²,,,,92.0,"Đường Hoàng Quốc Việt, Bãi Cháy, TP. Hạ Long, Quảng Ninh",Quảng Ninh,TP. Hạ Long,Sổ đỏ,,50.0
4781,Nhà mặt tiền,2.05,61.0,m²,2.0,1.0,2.0,12.0,"32, Đường Hoàng Quốc Việt, Phường Cẩm Sơn, Thành phố Cẩm Phả, Quảng Ninh",Quảng Ninh,Thành phố Cẩm Phả,Sổ hồng,Tây Nam,5.0
4782,Nhà hẻm ngõ,3.5,299.0,m²,11.0,7.0,,30.0,"Phường Cẩm Thành, Thành phố Cẩm Phả, Quảng Ninh",Quảng Ninh,Thành phố Cẩm Phả,Giấy tờ hợp lệ,Nam,11.0
4783,Mặt tiền,2.0,61.0,m²,2.0,1.0,1.0,12.0,"Phường Cẩm Sơn, Thành phố Cẩm Phả, Quảng Ninh",Quảng Ninh,Thành phố Cẩm Phả,Giấy tờ hợp lệ,Tây Nam,5.0
4784,Nhà hẻm ngõ,3.5,85.0,m²,4.0,3.0,3.0,15.0,"phố Độc lập, Đường Hà Lầm, Phường Hà Lầm, TP. Hạ Long, Quảng Ninh",Quảng Ninh,TP. Hạ Long,Sổ hồng,Nam,5.0
4785,Biệt thự,630.0,5000.0,m²,,,,92.0,"Đường Hoàng Quốc Việt, Bãi Cháy, TP. Hạ Long, Quảng Ninh",Quảng Ninh,TP. Hạ Long,Sổ đỏ,,50.0
4786,Nhà mặt tiền,2.05,61.0,m²,2.0,1.0,2.0,12.0,"32, Đường Hoàng Quốc Việt, Phường Cẩm Sơn, Thành phố Cẩm Phả, Quảng Ninh",Quảng Ninh,Thành phố Cẩm Phả,Sổ hồng,Tây Nam,5.0
4787,Nhà hẻm ngõ,3.5,299.0,m²,11.0,7.0,,30.0,"Phường Cẩm Thành, Thành phố Cẩm Phả, Quảng Ninh",Quảng Ninh,Thành phố Cẩm Phả,Giấy tờ hợp lệ,Nam,11.0
4788,Mặt tiền,2.0,61.0,m²,2.0,1.0,1.0,12.0,"Phường Cẩm Sơn, Thành phố Cẩm Phả, Quảng Ninh",Quảng Ninh,Thành phố Cẩm Phả,Giấy tờ hợp lệ,Tây Nam,5.0
4789,Nhà hẻm ngõ,3.5,85.0,m²,4.0,3.0,3.0,15.0,"phố Độc lập, Đường Hà Lầm, Phường Hà Lầm, TP. Hạ Long, Quảng Ninh",Quảng Ninh,TP. Hạ Long,Sổ hồng,Nam,5.0
4790,Biệt thự,630.0,5000.0,m²,,,,92.0,"Đường Hoàng Quốc Việt, Bãi Cháy, TP. Hạ Long, Quảng Ninh",Quảng Ninh,TP. Hạ Long,Sổ đỏ,,50.0
4791,Nhà mặt tiền,2.05,61.0,m²,2.0,1.0,2.0,12.0,"32, Đường Hoàng Quốc Việt, Phường Cẩm Sơn, Thành phố Cẩm Phả, Quảng Ninh",Quảng Ninh,Thành phố Cẩm Phả,Sổ hồng,Tây Nam,5.0
4792,Nhà hẻm ngõ,3.5,299.0,m²,11.0,7.0,,30.0,"Phường Cẩm Thành, Thành phố Cẩm Phả, Quảng Ninh",Quảng Ninh,Thành phố Cẩm Phả,Giấy tờ hợp lệ,Nam,11.0
4793,Mặt tiền,2.0,61.0,m²,2.0,1.0,1.0,12.0,"Phường Cẩm Sơn, Thành phố Cẩm Phả, Quảng Ninh",Quảng Ninh,Thành phố Cẩm Phả,Giấy tờ hợp lệ,Tây Nam,5.0
4794,Nhà hẻm ngõ,3.5,85.0,m²,4.0,3.0,3.0,15.0,"phố Độc lập, Đường Hà Lầm, Phường Hà Lầm, TP. Hạ Long, Quảng Ninh",Quảng Ninh,TP. Hạ Long,Sổ hồng,Nam,5.0
4795,Biệt thự,630.0,5000.0,m²,,,,92.0,"Đường Hoàng Quốc Việt, Bãi Cháy, TP. Hạ Long, Quảng Ninh",Quảng Ninh,TP. Hạ Long,Sổ đỏ,,50.0
4796,Nhà mặt tiền,2.05,61.0,m²,2.0,1.0,2.0,12.0,"32, Đường Hoàng Quốc Việt, Phường Cẩm Sơn, Thành phố Cẩm Phả, Quảng Ninh",Quảng Ninh,Thành phố Cẩm Phả,Sổ hồng,Tây Nam,5.0
4797,Nhà hẻm ngõ,3.5,299.0,m²,11.0,7.0,,30.0,"Phường Cẩm Thành, Thành phố Cẩm Phả, Quảng Ninh",Quảng Ninh,Thành phố Cẩm Phả,Giấy tờ hợp lệ,Nam,11.0
4798,Mặt tiền,2.0,61.0,m²,2.0,1.0,1.0,12.0,"Phường Cẩm Sơn, Thành phố Cẩm Phả, Quảng Ninh",Quảng Ninh,Thành phố Cẩm Phả,Giấy tờ hợp lệ,Tây Nam,5.0
4799,Nhà hẻm ngõ,3.5,85.0,m²,4.0,3.0,3.0,15.0,"phố Độc lập, Đường Hà Lầm, Phường Hà Lầm, TP. Hạ Long, Quảng Ninh",Quảng Ninh,TP. Hạ Long,Sổ hồng,Nam,5.0
4800,Biệt thự,630.0,5000.0,m²,,,,92.0,"Đường Hoàng Quốc Việt, Bãi Cháy, TP. Hạ Long, Quảng Ninh",Quảng Ninh,TP. Hạ Long,Sổ đỏ,,50.0
4801,Nhà mặt tiền,2.05,61.0,m²,2.0,1.0,2.0,12.0,"32, Đường Hoàng Quốc Việt, Phường Cẩm Sơn, Thành phố Cẩm Phả, Quảng Ninh",Quảng Ninh,Thành phố Cẩm Phả,Sổ hồng,Tây Nam,5.0
4802,Nhà hẻm ngõ,3.5,299.0,m²,11.0,7.0,,30.0,"Phường Cẩm Thành, Thành phố Cẩm Phả, Quảng Ninh",Quảng Ninh,Thành phố Cẩm Phả,Giấy tờ hợp lệ,Nam,11.0
4803,Mặt tiền,2.0,61.0,m²,2.0,1.0,1.0,12.0,"Phường Cẩm Sơn, Thành phố Cẩm Phả, Quảng Ninh",Quảng Ninh,Thành phố Cẩm Phả,Giấy tờ hợp lệ,Tây Nam,5.0
4804,Nhà hẻm ngõ,3.5,85.0,m²,4.0,3.0,3.0,15.0,"phố Độc lập, Đường Hà Lầm, Phường Hà Lầm, TP. Hạ Long, Quảng Ninh",Quảng Ninh,TP. Hạ Long,Sổ hồng,Nam,5.0
4805,Biệt thự,630.0,5000.0,m²,,,,92.0,"Đường Hoàng Quốc Việt, Bãi Cháy, TP. Hạ Long, Quảng Ninh",Quảng Ninh,TP. Hạ Long,Sổ đỏ,,50.0
4806,Nhà mặt tiền,2.05,61.0,m²,2.0,1.0,2.0,12.0,"32, Đường Hoàng Quốc Việt, Phường Cẩm Sơn, Thành phố Cẩm Phả, Quảng Ninh",Quảng Ninh,Thành phố Cẩm Phả,Sổ hồng,Tây Nam,5.0
4807,Nhà hẻm ngõ,3.5,299.0,m²,11.0,7.0,,30.0,"Phường Cẩm Thành, Thành phố Cẩm Phả, Quảng Ninh",Quảng Ninh,Thành phố Cẩm Phả,Giấy tờ hợp lệ,Nam,11.0
4808,Mặt tiền,2.0,61.0,m²,2.0,1.0,1.0,12.0,"Phường Cẩm Sơn, Thành phố Cẩm Phả, Quảng Ninh",Quảng Ninh,Thành phố Cẩm Phả,Giấy tờ hợp lệ,Tây Nam,5.0
4809,Nhà hẻm ngõ,3.5,85.0,m²,4.0,3.0,3.0,15.0,"phố Độc lập, Đường Hà Lầm, Phường Hà Lầm, TP. Hạ Long, Quảng Ninh",Quảng Ninh,TP. Hạ Long,Sổ hồng,Nam,5.0
4810,Biệt thự,630.0,5000.0,m²,,,,92.0,"Đường Hoàng Quốc Việt, Bãi Cháy, TP. Hạ Long, Quảng Ninh",Quảng Ninh,TP. Hạ Long,Sổ đỏ,,50.0
4811,Nhà mặt tiền,2.05,61.0,m²,2.0,1.0,2.0,12.0,"32, Đường Hoàng Quốc Việt, Phường Cẩm Sơn, Thành phố Cẩm Phả, Quảng Ninh",Quảng Ninh,Thành phố Cẩm Phả,Sổ hồng,Tây Nam,5.0
4812,Nhà hẻm ngõ,3.5,299.0,m²,11.0,7.0,,30.0,"Phường Cẩm Thành, Thành phố Cẩm Phả, Quảng Ninh",Quảng Ninh,Thành phố Cẩm Phả,Giấy tờ hợp lệ,Nam,11.0
4813,Mặt tiền,2.0,61.0,m²,2.0,1.0,1.0,12.0,"Phường Cẩm Sơn, Thành phố Cẩm Phả, Quảng Ninh",Quảng Ninh,Thành phố Cẩm Phả,Giấy tờ hợp lệ,Tây Nam,5.0
4814,Nhà hẻm ngõ,3.5,85.0,m²,4.0,3.0,3.0,15.0,"phố Độc lập, Đường Hà Lầm, Phường Hà Lầm, TP. Hạ Long, Quảng Ninh",Quảng Ninh,TP. Hạ Long,Sổ hồng,Nam,5.0
4815,Biệt thự,630.0,5000.0,m²,,,,92.0,"Đường Hoàng Quốc Việt, Bãi Cháy, TP. Hạ Long, Quảng Ninh",Quảng Ninh,TP. Hạ Long,Sổ đỏ,,50.0
4816,Nhà mặt tiền,2.05,61.0,m²,2.0,1.0,2.0,12.0,"32, Đường Hoàng Quốc Việt, Phường Cẩm Sơn, Thành phố Cẩm Phả, Quảng Ninh",Quảng Ninh,Thành phố Cẩm Phả,Sổ hồng,Tây Nam,5.0
4817,Nhà hẻm ngõ,3.5,299.0,m²,11.0,7.0,,30.0,"Phường Cẩm Thành, Thành phố Cẩm Phả, Quảng Ninh",Quảng Ninh,Thành phố Cẩm Phả,Giấy tờ hợp lệ,Nam,11.0
4818,Mặt tiền,2.0,61.0,m²,2.0,1.0,1.0,12.0,"Phường Cẩm Sơn, Thành phố Cẩm Phả, Quảng Ninh",Quảng Ninh,Thành phố Cẩm Phả,Giấy tờ hợp lệ,Tây Nam,5.0
4819,Nhà hẻm ngõ,3.5,85.0,m²,4.0,3.0,3.0,15.0,"phố Độc lập, Đường Hà Lầm, Phường Hà Lầm, TP. Hạ Long, Quảng Ninh",Quảng Ninh,TP. Hạ Long,Sổ hồng,Nam,5.0
4820,Biệt thự,630.0,5000.0,m²,,,,92.0,"Đường Hoàng Quốc Việt, Bãi Cháy, TP. Hạ Long, Quảng Ninh",Quảng Ninh,TP. Hạ Long,Sổ đỏ,,50.0
4821,Nhà mặt tiền,2.05,61.0,m²,2.0,1.0,2.0,12.0,"32, Đường Hoàng Quốc Việt, Phường Cẩm Sơn, Thành phố Cẩm Phả, Quảng Ninh",Quảng Ninh,Thành phố Cẩm Phả,Sổ hồng,Tây Nam,5.0
4822,Nhà hẻm ngõ,3.5,299.0,m²,11.0,7.0,,30.0,"Phường Cẩm Thành, Thành phố Cẩm Phả, Quảng Ninh",Quảng Ninh,Thành phố Cẩm Phả,Giấy tờ hợp lệ,Nam,11.0
4823,Mặt tiền,2.0,61.0,m²,2.0,1.0,1.0,12.0,"Phường Cẩm Sơn, Thành phố Cẩm Phả, Quảng Ninh",Quảng Ninh,Thành phố Cẩm Phả,Giấy tờ hợp lệ,Tây Nam,5.0
4824,Nhà hẻm ngõ,3.5,85.0,m²,4.0,3.0,3.0,15.0,"phố Độc lập, Đường Hà Lầm, Phường Hà Lầm, TP. Hạ Long, Quảng Ninh",Quảng Ninh,TP. Hạ Long,Sổ hồng,Nam,5.0
4825,Biệt thự,630.0,5000.0,m²,,,,92.0,"Đường Hoàng Quốc Việt, Bãi Cháy, TP. Hạ Long, Quảng Ninh",Quảng Ninh,TP. Hạ Long,Sổ đỏ,,50.0
4826,Nhà mặt tiền,2.05,61.0,m²,2.0,1.0,2.0,12.0,"32, Đường Hoàng Quốc Việt, Phường Cẩm Sơn, Thành phố Cẩm Phả, Quảng Ninh",Quảng Ninh,Thành phố Cẩm Phả,Sổ hồng,Tây Nam,5.0
4827,Nhà hẻm ngõ,3.5,299.0,m²,11.0,7.0,,30.0,"Phường Cẩm Thành, Thành phố Cẩm Phả, Quảng Ninh",Quảng Ninh,Thành phố Cẩm Phả,Giấy tờ hợp lệ,Nam,11.0
4828,Mặt tiền,2.0,61.0,m²,2.0,1.0,1.0,12.0,"Phường Cẩm Sơn, Thành phố Cẩm Phả, Quảng Ninh",Quảng Ninh,Thành phố Cẩm Phả,Giấy tờ hợp lệ,Tây Nam,5.0
4829,Nhà hẻm ngõ,3.5,85.0,m²,4.0,3.0,3.0,15.0,"phố Độc lập, Đường Hà Lầm, Phường Hà Lầm, TP. Hạ Long, Quảng Ninh",Quảng Ninh,TP. Hạ Long,Sổ hồng,Nam,5.0
4830,Biệt thự,630.0,5000.0,m²,,,,92.0,"Đường Hoàng Quốc Việt, Bãi Cháy, TP. Hạ Long, Quảng Ninh",Quảng Ninh,TP. Hạ Long,Sổ đỏ,,50.0
4831,Nhà mặt tiền,2.05,61.0,m²,2.0,1.0,2.0,12.0,"32, Đường Hoàng Quốc Việt, Phường Cẩm Sơn, Thành phố Cẩm Phả, Quảng Ninh",Quảng Ninh,Thành phố Cẩm Phả,Sổ hồng,Tây Nam,5.0
4832,Nhà hẻm ngõ,3.5,299.0,m²,11.0,7.0,,30.0,"Phường Cẩm Thành, Thành phố Cẩm Phả, Quảng Ninh",Quảng Ninh,Thành phố Cẩm Phả,Giấy tờ hợp lệ,Nam,11.0
4833,Mặt tiền,2.0,61.0,m²,2.0,1.0,1.0,12.0,"Phường Cẩm Sơn, Thành phố Cẩm Phả, Quảng Ninh",Quảng Ninh,Thành phố Cẩm Phả,Giấy tờ hợp lệ,Tây Nam,5.0
4834,Nhà hẻm ngõ,3.5,85.0,m²,4.0,3.0,3.0,15.0,"phố Độc lập, Đường Hà Lầm, Phường Hà Lầm, TP. Hạ Long, Quảng Ninh",Quảng Ninh,TP. Hạ Long,Sổ hồng,Nam,5.0
4835,Biệt thự,630.0,5000.0,m²,,,,92.0,"Đường Hoàng Quốc Việt, Bãi Cháy, TP. Hạ Long, Quảng Ninh",Quảng Ninh,TP. Hạ Long,Sổ đỏ,,50.0
4836,Nhà mặt tiền,2.05,61.0,m²,2.0,1.0,2.0,12.0,"32, Đường Hoàng Quốc Việt, Phường Cẩm Sơn, Thành phố Cẩm Phả, Quảng Ninh",Quảng Ninh,Thành phố Cẩm Phả,Sổ hồng,Tây Nam,5.0
4837,Nhà hẻm ngõ,3.5,299.0,m²,11.0,7.0,,30.0,"Phường Cẩm Thành, Thành phố Cẩm Phả, Quảng Ninh",Quảng Ninh,Thành phố Cẩm Phả,Giấy tờ hợp lệ,Nam,11.0
4838,Mặt tiền,2.0,61.0,m²,2.0,1.0,1.0,12.0,"Phường Cẩm Sơn, Thành phố Cẩm Phả, Quảng Ninh",Quảng Ninh,Thành phố Cẩm Phả,Giấy tờ hợp lệ,Tây Nam,5.0
4839,Nhà hẻm ngõ,3.5,85.0,m²,4.0,3.0,3.0,15.0,"phố Độc lập, Đường Hà Lầm, Phường Hà Lầm, TP. Hạ Long, Quảng Ninh",Quảng Ninh,TP. Hạ Long,Sổ hồng,Nam,5.0
4840,Biệt thự,630.0,5000.0,m²,,,,92.0,"Đường Hoàng Quốc Việt, Bãi Cháy, TP. Hạ Long, Quảng Ninh",Quảng Ninh,TP. Hạ Long,Sổ đỏ,,50.0
4841,Nhà mặt tiền,2.05,61.0,m²,2.0,1.0,2.0,12.0,"32, Đường Hoàng Quốc Việt, Phường Cẩm Sơn, Thành phố Cẩm Phả, Quảng Ninh",Quảng Ninh,Thành phố Cẩm Phả,Sổ hồng,Tây Nam,5.0
4842,Nhà hẻm ngõ,3.5,299.0,m²,11.0,7.0,,30.0,"Phường Cẩm Thành, Thành phố Cẩm Phả, Quảng Ninh",Quảng Ninh,Thành phố Cẩm Phả,Giấy tờ hợp lệ,Nam,11.0
4843,Mặt tiền,2.0,61.0,m²,2.0,1.0,1.0,12.0,"Phường Cẩm Sơn, Thành phố Cẩm Phả, Quảng Ninh",Quảng Ninh,Thành phố Cẩm Phả,Giấy tờ hợp lệ,Tây Nam,5.0
4844,Nhà hẻm ngõ,3.5,85.0,m²,4.0,3.0,3.0,15.0,"phố Độc lập, Đường Hà Lầm, Phường Hà Lầm, TP. Hạ Long, Quảng Ninh",Quảng Ninh,TP. Hạ Long,Sổ hồng,Nam,5.0
4845,Biệt thự,630.0,5000.0,m²,,,,92.0,"Đường Hoàng Quốc Việt, Bãi Cháy, TP. Hạ Long, Quảng Ninh",Quảng Ninh,TP. Hạ Long,Sổ đỏ,,50.0
4846,Nhà mặt tiền,2.05,61.0,m²,2.0,1.0,2.0,12.0,"32, Đường Hoàng Quốc Việt, Phường Cẩm Sơn, Thành phố Cẩm Phả, Quảng Ninh",Quảng Ninh,Thành phố Cẩm Phả,Sổ hồng,Tây Nam,5.0
4847,Nhà hẻm ngõ,3.5,299.0,m²,11.0,7.0,,30.0,"Phường Cẩm Thành, Thành phố Cẩm Phả, Quảng Ninh",Quảng Ninh,Thành phố Cẩm Phả,Giấy tờ hợp lệ,Nam,11.0
4848,Mặt tiền,2.0,61.0,m²,2.0,1.0,1.0,12.0,"Phường Cẩm Sơn, Thành phố Cẩm Phả, Quảng Ninh",Quảng Ninh,Thành phố Cẩm Phả,Giấy tờ hợp lệ,Tây Nam,5.0
4849,Nhà hẻm ngõ,3.5,85.0,m²,4.0,3.0,3.0,15.0,"phố Độc lập, Đường Hà Lầm, Phường Hà Lầm, TP. Hạ Long, Quảng Ninh",Quảng Ninh,TP. Hạ Long,Sổ hồng,Nam,5.0
4850,Biệt thự,630.0,5000.0,m²,,,,92.0,"Đường Hoàng Quốc Việt, Bãi Cháy, TP. Hạ Long, Quảng Ninh",Quảng Ninh,TP. Hạ Long,Sổ đỏ,,50.0
4851,Nhà mặt tiền,2.05,61.0,m²,2.0,1.0,2.0,12.0,"32, Đường Hoàng Quốc Việt, Phường Cẩm Sơn, Thành phố Cẩm Phả, Quảng Ninh",Quảng Ninh,Thành phố Cẩm Phả,Sổ hồng,Tây Nam,5.0
4852,Nhà hẻm ngõ,3.5,299.0,m²,11.0,7.0,,30.0,"Phường Cẩm Thành, Thành phố Cẩm Phả, Quảng Ninh",Quảng Ninh,Thành phố Cẩm Phả,Giấy tờ hợp lệ,Nam,11.0
4853,Mặt tiền,2.0,61.0,m²,2.0,1.0,1.0,12.0,"Phường Cẩm Sơn, Thành phố Cẩm Phả, Quảng Ninh",Quảng Ninh,Thành phố Cẩm Phả,Giấy tờ hợp lệ,Tây Nam,5.0
4854,Nhà hẻm ngõ,3.5,85.0,m²,4.0,3.0,3.0,15.0,"phố Độc lập, Đường Hà Lầm, Phường Hà Lầm, TP. Hạ Long, Quảng Ninh",Quảng Ninh,TP. Hạ Long,Sổ hồng,Nam,5.0
4855,Biệt thự,630.0,5000.0,m²,,,,92.0,"Đường Hoàng Quốc Việt, Bãi Cháy, TP. Hạ Long, Quảng Ninh",Quảng Ninh,TP. Hạ Long,Sổ đỏ,,50.0
4856,Nhà mặt tiền,2.05,61.0,m²,2.0,1.0,2.0,12.0,"32, Đường Hoàng Quốc Việt, Phường Cẩm Sơn, Thành phố Cẩm Phả, Quảng Ninh",Quảng Ninh,Thành phố Cẩm Phả,Sổ hồng,Tây Nam,5.0
4857,Nhà hẻm ngõ,3.5,299.0,m²,11.0,7.0,,30.0,"Phường Cẩm Thành, Thành phố Cẩm Phả, Quảng Ninh",Quảng Ninh,Thành phố Cẩm Phả,Giấy tờ hợp lệ,Nam,11.0
4858,Mặt tiền,2.0,61.0,m²,2.0,1.0,1.0,12.0,"Phường Cẩm Sơn, Thành phố Cẩm Phả, Quảng Ninh",Quảng Ninh,Thành phố Cẩm Phả,Giấy tờ hợp lệ,Tây Nam,5.0
4859,Nhà hẻm ngõ,3.5,85.0,m²,4.0,3.0,3.0,15.0,"phố Độc lập, Đường Hà Lầm, Phường Hà Lầm, TP. Hạ Long, Quảng Ninh",Quảng Ninh,TP. Hạ Long,Sổ hồng,Nam,5.0
4860,Biệt thự,630.0,5000.0,m²,,,,92.0,"Đường Hoàng Quốc Việt, Bãi Cháy, TP. Hạ Long, Quảng Ninh",Quảng Ninh,TP. Hạ Long,Sổ đỏ,,50.0
4861,Nhà mặt tiền,2.05,61.0,m²,2.0,1.0,2.0,12.0,"32, Đường Hoàng Quốc Việt, Phường Cẩm Sơn, Thành phố Cẩm Phả, Quảng Ninh",Quảng Ninh,Thành phố Cẩm Phả,Sổ hồng,Tây Nam,5.0
4862,Nhà hẻm ngõ,3.5,299.0,m²,11.0,7.0,,30.0,"Phường Cẩm Thành, Thành phố Cẩm Phả, Quảng Ninh",Quảng Ninh,Thành phố Cẩm Phả,Giấy tờ hợp lệ,Nam,11.0
4863,Mặt tiền,2.0,61.0,m²,2.0,1.0,1.0,12.0,"Phường Cẩm Sơn, Thành phố Cẩm Phả, Quảng Ninh",Quảng Ninh,Thành phố Cẩm Phả,Giấy tờ hợp lệ,Tây Nam,5.0
4864,Nhà hẻm ngõ,3.5,85.0,m²,4.0,3.0,3.0,15.0,"phố Độc lập, Đường Hà Lầm, Phường Hà Lầm, TP. Hạ Long, Quảng Ninh",Quảng Ninh,TP. Hạ Long,Sổ hồng,Nam,5.0
4865,Biệt thự,630.0,5000.0,m²,,,,92.0,"Đường Hoàng Quốc Việt, Bãi Cháy, TP. Hạ Long, Quảng Ninh",Quảng Ninh,TP. Hạ Long,Sổ đỏ,,50.0
4866,Nhà mặt tiền,2.05,61.0,m²,2.0,1.0,2.0,12.0,"32, Đường Hoàng Quốc Việt, Phường Cẩm Sơn, Thành phố Cẩm Phả, Quảng Ninh",Quảng Ninh,Thành phố Cẩm Phả,Sổ hồng,Tây Nam,5.0
4867,Nhà hẻm ngõ,3.5,299.0,m²,11.0,7.0,,30.0,"Phường Cẩm Thành, Thành phố Cẩm Phả, Quảng Ninh",Quảng Ninh,Thành phố Cẩm Phả,Giấy tờ hợp lệ,Nam,11.0
4868,Mặt tiền,2.0,61.0,m²,2.0,1.0,1.0,12.0,"Phường Cẩm Sơn, Thành phố Cẩm Phả, Quảng Ninh",Quảng Ninh,Thành phố Cẩm Phả,Giấy tờ hợp lệ,Tây Nam,5.0
4869,Nhà hẻm ngõ,3.5,85.0,m²,4.0,3.0,3.0,15.0,"phố Độc lập, Đường Hà Lầm, Phường Hà Lầm, TP. Hạ Long, Quảng Ninh",Quảng Ninh,TP. Hạ Long,Sổ hồng,Nam,5.0
4870,Biệt thự,630.0,5000.0,m²,,,,92.0,"Đường Hoàng Quốc Việt, Bãi Cháy, TP. Hạ Long, Quảng Ninh",Quảng Ninh,TP. Hạ Long,Sổ đỏ,,50.0
4871,Nhà mặt tiền,2.05,61.0,m²,2.0,1.0,2.0,12.0,"32, Đường Hoàng Quốc Việt, Phường Cẩm Sơn, Thành phố Cẩm Phả, Quảng Ninh",Quảng Ninh,Thành phố Cẩm Phả,Sổ hồng,Tây Nam,5.0
4872,Nhà hẻm ngõ,3.5,299.0,m²,11.0,7.0,,30.0,"Phường Cẩm Thành, Thành phố Cẩm Phả, Quảng Ninh",Quảng Ninh,Thành phố Cẩm Phả,Giấy tờ hợp lệ,Nam,11.0
4873,Mặt tiền,2.0,61.0,m²,2.0,1.0,1.0,12.0,"Phường Cẩm Sơn, Thành phố Cẩm Phả, Quảng Ninh",Quảng Ninh,Thành phố Cẩm Phả,Giấy tờ hợp lệ,Tây Nam,5.0
4874,Nhà hẻm ngõ,3.5,85.0,m²,4.0,3.0,3.0,15.0,"phố Độc lập, Đường Hà Lầm, Phường Hà Lầm, TP. Hạ Long, Quảng Ninh",Quảng Ninh,TP. Hạ Long,Sổ hồng,Nam,5.0
4875,Biệt thự,630.0,5000.0,m²,,,,92.0,"Đường Hoàng Quốc Việt, Bãi Cháy, TP. Hạ Long, Quảng Ninh",Quảng Ninh,TP. Hạ Long,Sổ đỏ,,50.0
4876,Nhà mặt tiền,2.05,61.0,m²,2.0,1.0,2.0,12.0,"32, Đường Hoàng Quốc Việt, Phường Cẩm Sơn, Thành phố Cẩm Phả, Quảng Ninh",Quảng Ninh,Thành phố Cẩm Phả,Sổ hồng,Tây Nam,5.0
4877,Nhà hẻm ngõ,3.5,299.0,m²,11.0,7.0,,30.0,"Phường Cẩm Thành, Thành phố Cẩm Phả, Quảng Ninh",Quảng Ninh,Thành phố Cẩm Phả,Giấy tờ hợp lệ,Nam,11.0
4878,Mặt tiền,2.0,61.0,m²,2.0,1.0,1.0,12.0,"Phường Cẩm Sơn, Thành phố Cẩm Phả, Quảng Ninh",Quảng Ninh,Thành phố Cẩm Phả,Giấy tờ hợp lệ,Tây Nam,5.0
4879,Nhà hẻm ngõ,3.5,85.0,m²,4.0,3.0,3.0,15.0,"phố Độc lập, Đường Hà Lầm, Phường Hà Lầm, TP. Hạ Long, Quảng Ninh",Quảng Ninh,TP. Hạ Long,Sổ hồng,Nam,5.0
4880,Biệt thự,630.0,5000.0,m²,,,,92.0,"Đường Hoàng Quốc Việt, Bãi Cháy, TP. Hạ Long, Quảng Ninh",Quảng Ninh,TP. Hạ Long,Sổ đỏ,,50.0
4881,Nhà mặt tiền,2.05,61.0,m²,2.0,1.0,2.0,12.0,"32, Đường Hoàng Quốc Việt, Phường Cẩm Sơn, Thành phố Cẩm Phả, Quảng Ninh",Quảng Ninh,Thành phố Cẩm Phả,Sổ hồng,Tây Nam,5.0
4882,Nhà hẻm ngõ,3.5,299.0,m²,11.0,7.0,,30.0,"Phường Cẩm Thành, Thành phố Cẩm Phả, Quảng Ninh",Quảng Ninh,Thành phố Cẩm Phả,Giấy tờ hợp lệ,Nam,11.0
4883,Mặt tiền,2.0,61.0,m²,2.0,1.0,1.0,12.0,"Phường Cẩm Sơn, Thành phố Cẩm Phả, Quảng Ninh",Quảng Ninh,Thành phố Cẩm Phả,Giấy tờ hợp lệ,Tây Nam,5.0
4884,Nhà hẻm ngõ,3.5,85.0,m²,4.0,3.0,3.0,15.0,"phố Độc lập, Đường Hà Lầm, Phường Hà Lầm, TP. Hạ Long, Quảng Ninh",Quảng Ninh,TP. Hạ Long,Sổ hồng,Nam,5.0
4885,Biệt thự,630.0,5000.0,m²,,,,92.0,"Đường Hoàng Quốc Việt, Bãi Cháy, TP. Hạ Long, Quảng Ninh",Quảng Ninh,TP. Hạ Long,Sổ đỏ,,50.0
4886,Nhà mặt tiền,2.05,61.0,m²,2.0,1.0,2.0,12.0,"32, Đường Hoàng Quốc Việt, Phường Cẩm Sơn, Thành phố Cẩm Phả, Quảng Ninh",Quảng Ninh,Thành phố Cẩm Phả,Sổ hồng,Tây Nam,5.0
4887,Nhà hẻm ngõ,3.5,299.0,m²,11.0,7.0,,30.0,"Phường Cẩm Thành, Thành phố Cẩm Phả, Quảng Ninh",Quảng Ninh,Thành phố Cẩm Phả,Giấy tờ hợp lệ,Nam,11.0
4888,Mặt tiền,2.0,61.0,m²,2.0,1.0,1.0,12.0,"Phường Cẩm Sơn, Thành phố Cẩm Phả, Quảng Ninh",Quảng Ninh,Thành phố Cẩm Phả,Giấy tờ hợp lệ,Tây Nam,5.0
4889,Nhà hẻm ngõ,3.5,85.0,m²,4.0,3.0,3.0,15.0,"phố Độc lập, Đường Hà Lầm, Phường Hà Lầm, TP. Hạ Long, Quảng Ninh",Quảng Ninh,TP. Hạ Long,Sổ hồng,Nam,5.0
4890,Biệt thự,630.0,5000.0,m²,,,,92.0,"Đường Hoàng Quốc Việt, Bãi Cháy, TP. Hạ Long, Quảng Ninh",Quảng Ninh,TP. Hạ Long,Sổ đỏ,,50.0
4891,Nhà mặt tiền,2.05,61.0,m²,2.0,1.0,2.0,12.0,"32, Đường Hoàng Quốc Việt, Phường Cẩm Sơn, Thành phố Cẩm Phả, Quảng Ninh",Quảng Ninh,Thành phố Cẩm Phả,Sổ hồng,Tây Nam,5.0
4892,Nhà hẻm ngõ,3.5,299.0,m²,11.0,7.0,,30.0,"Phường Cẩm Thành, Thành phố Cẩm Phả, Quảng Ninh",Quảng Ninh,Thành phố Cẩm Phả,Giấy tờ hợp lệ,Nam,11.0
4893,Mặt tiền,2.0,61.0,m²,2.0,1.0,1.0,12.0,"Phường Cẩm Sơn, Thành phố Cẩm Phả, Quảng Ninh",Quảng Ninh,Thành phố Cẩm Phả,Giấy tờ hợp lệ,Tây Nam,5.0
4894,Nhà hẻm ngõ,3.5,85.0,m²,4.0,3.0,3.0,15.0,"phố Độc lập, Đường Hà Lầm, Phường Hà Lầm, TP. Hạ Long, Quảng Ninh",Quảng Ninh,TP. Hạ Long,Sổ hồng,Nam,5.0
4895,Biệt thự,630.0,5000.0,m²,,,,92.0,"Đường Hoàng Quốc Việt, Bãi Cháy, TP. Hạ Long, Quảng Ninh",Quảng Ninh,TP. Hạ Long,Sổ đỏ,,50.0
4896,Nhà mặt tiền,2.05,61.0,m²,2.0,1.0,2.0,12.0,"32, Đường Hoàng Quốc Việt, Phường Cẩm Sơn, Thành phố Cẩm Phả, Quảng Ninh",Quảng Ninh,Thành phố Cẩm Phả,Sổ hồng,Tây Nam,5.0
4897,Nhà hẻm ngõ,3.5,299.0,m²,11.0,7.0,,30.0,"Phường Cẩm Thành, Thành phố Cẩm Phả, Quảng Ninh",Quảng Ninh,Thành phố Cẩm Phả,Giấy tờ hợp lệ,Nam,11.0
4898,Mặt tiền,2.0,61.0,m²,2.0,1.0,1.0,12.0,"Phường Cẩm Sơn, Thành phố Cẩm Phả, Quảng Ninh",Quảng Ninh,Thành phố Cẩm Phả,Giấy tờ hợp lệ,Tây Nam,5.0
4899,Nhà hẻm ngõ,3.5,85.0,m²,4.0,3.0,3.0,15.0,"phố Độc lập, Đường Hà Lầm, Phường Hà Lầm, TP. Hạ Long, Quảng Ninh",Quảng Ninh,TP. Hạ Long,Sổ hồng,Nam,5.0
4900,Biệt thự,630.0,5000.0,m²,,,,92.0,"Đường Hoàng Quốc Việt, Bãi Cháy, TP. Hạ Long, Quảng Ninh",Quảng Ninh,TP. Hạ Long,Sổ đỏ,,50.0
4901,Nhà mặt tiền,2.05,61.0,m²,2.0,1.0,2.0,12.0,"32, Đường Hoàng Quốc Việt, Phường Cẩm Sơn, Thành phố Cẩm Phả, Quảng Ninh",Quảng Ninh,Thành phố Cẩm Phả,Sổ hồng,Tây Nam,5.0
4902,Nhà hẻm ngõ,3.5,299.0,m²,11.0,7.0,,30.0,"Phường Cẩm Thành, Thành phố Cẩm Phả, Quảng Ninh",Quảng Ninh,Thành phố Cẩm Phả,Giấy tờ hợp lệ,Nam,11.0
4903,Mặt tiền,2.0,61.0,m²,2.0,1.0,1.0,12.0,"Phường Cẩm Sơn, Thành phố Cẩm Phả, Quảng Ninh",Quảng Ninh,Thành phố Cẩm Phả,Giấy tờ hợp lệ,Tây Nam,5.0
4904,Nhà hẻm ngõ,3.5,85.0,m²,4.0,3.0,3.0,15.0,"phố Độc lập, Đường Hà Lầm, Phường Hà Lầm, TP. Hạ Long, Quảng Ninh",Quảng Ninh,TP. Hạ Long,Sổ hồng,Nam,5.0
4905,Biệt thự,630.0,5000.0,m²,,,,92.0,"Đường Hoàng Quốc Việt, Bãi Cháy, TP. Hạ Long, Quảng Ninh",Quảng Ninh,TP. Hạ Long,Sổ đỏ,,50.0
4906,Nhà mặt tiền,2.05,61.0,m²,2.0,1.0,2.0,12.0,"32, Đường Hoàng Quốc Việt, Phường Cẩm Sơn, Thành phố Cẩm Phả, Quảng Ninh",Quảng Ninh,Thành phố Cẩm Phả,Sổ hồng,Tây Nam,5.0
4907,Nhà hẻm ngõ,3.5,299.0,m²,11.0,7.0,,30.0,"Phường Cẩm Thành, Thành phố Cẩm Phả, Quảng Ninh",Quảng Ninh,Thành phố Cẩm Phả,Giấy tờ hợp lệ,Nam,11.0
4908,Mặt tiền,2.0,61.0,m²,2.0,1.0,1.0,12.0,"Phường Cẩm Sơn, Thành phố Cẩm Phả, Quảng Ninh",Quảng Ninh,Thành phố Cẩm Phả,Giấy tờ hợp lệ,Tây Nam,5.0
4909,Nhà hẻm ngõ,3.5,85.0,m²,4.0,3.0,3.0,15.0,"phố Độc lập, Đường Hà Lầm, Phường Hà Lầm, TP. Hạ Long, Quảng Ninh",Quảng Ninh,TP. Hạ Long,Sổ hồng,Nam,5.0
4910,Biệt thự,630.0,5000.0,m²,,,,92.0,"Đường Hoàng Quốc Việt, Bãi Cháy, TP. Hạ Long, Quảng Ninh",Quảng Ninh,TP. Hạ Long,Sổ đỏ,,50.0
4911,Nhà mặt tiền,2.05,61.0,m²,2.0,1.0,2.0,12.0,"32, Đường Hoàng Quốc Việt, Phường Cẩm Sơn, Thành phố Cẩm Phả, Quảng Ninh",Quảng Ninh,Thành phố Cẩm Phả,Sổ hồng,Tây Nam,5.0
4912,Nhà hẻm ngõ,3.5,299.0,m²,11.0,7.0,,30.0,"Phường Cẩm Thành, Thành phố Cẩm Phả, Quảng Ninh",Quảng Ninh,Thành phố Cẩm Phả,Giấy tờ hợp lệ,Nam,11.0
4913,Mặt tiền,2.0,61.0,m²,2.0,1.0,1.0,12.0,"Phường Cẩm Sơn, Thành phố Cẩm Phả, Quảng Ninh",Quảng Ninh,Thành phố Cẩm Phả,Giấy tờ hợp lệ,Tây Nam,5.0
4914,Nhà hẻm ngõ,3.5,85.0,m²,4.0,3.0,3.0,15.0,"phố Độc lập, Đường Hà Lầm, Phường Hà Lầm, TP. Hạ Long, Quảng Ninh",Quảng Ninh,TP. Hạ Long,Sổ hồng,Nam,5.0
4915,Biệt thự,630.0,5000.0,m²,,,,92.0,"Đường Hoàng Quốc Việt, Bãi Cháy, TP. Hạ Long, Quảng Ninh",Quảng Ninh,TP. Hạ Long,Sổ đỏ,,50.0
4916,Nhà mặt tiền,2.05,61.0,m²,2.0,1.0,2.0,12.0,"32, Đường Hoàng Quốc Việt, Phường Cẩm Sơn, Thành phố Cẩm Phả, Quảng Ninh",Quảng Ninh,Thành phố Cẩm Phả,Sổ hồng,Tây Nam,5.0
4917,Nhà hẻm ngõ,3.5,299.0,m²,11.0,7.0,,30.0,"Phường Cẩm Thành, Thành phố Cẩm Phả, Quảng Ninh",Quảng Ninh,Thành phố Cẩm Phả,Giấy tờ hợp lệ,Nam,11.0
4918,Mặt tiền,2.0,61.0,m²,2.0,1.0,1.0,12.0,"Phường Cẩm Sơn, Thành phố Cẩm Phả, Quảng Ninh",Quảng Ninh,Thành phố Cẩm Phả,Giấy tờ hợp lệ,Tây Nam,5.0
4919,Nhà hẻm ngõ,3.5,85.0,m²,4.0,3.0,3.0,15.0,"phố Độc lập, Đường Hà Lầm, Phường Hà Lầm, TP. Hạ Long, Quảng Ninh",Quảng Ninh,TP. Hạ Long,Sổ hồng,Nam,5.0
4920,Biệt thự,630.0,5000.0,m²,,,,92.0,"Đường Hoàng Quốc Việt, Bãi Cháy, TP. Hạ Long, Quảng Ninh",Quảng Ninh,TP. Hạ Long,Sổ đỏ,,50.0
4921,Nhà mặt tiền,2.05,61.0,m²,2.0,1.0,2.0,12.0,"32, Đường Hoàng Quốc Việt, Phường Cẩm Sơn, Thành phố Cẩm Phả, Quảng Ninh",Quảng Ninh,Thành phố Cẩm Phả,Sổ hồng,Tây Nam,5.0
4922,Nhà hẻm ngõ,3.5,299.0,m²,11.0,7.0,,30.0,"Phường Cẩm Thành, Thành phố Cẩm Phả, Quảng Ninh",Quảng Ninh,Thành phố Cẩm Phả,Giấy tờ hợp lệ,Nam,11.0
4923,Mặt tiền,2.0,61.0,m²,2.0,1.0,1.0,12.0,"Phường Cẩm Sơn, Thành phố Cẩm Phả, Quảng Ninh",Quảng Ninh,Thành phố Cẩm Phả,Giấy tờ hợp lệ,Tây Nam,5.0
4924,Nhà hẻm ngõ,3.5,85.0,m²,4.0,3.0,3.0,15.0,"phố Độc lập, Đường Hà Lầm, Phường Hà Lầm, TP. Hạ Long, Quảng Ninh",Quảng Ninh,TP. Hạ Long,Sổ hồng,Nam,5.0
4925,Biệt thự,630.0,5000.0,m²,,,,92.0,"Đường Hoàng Quốc Việt, Bãi Cháy, TP. Hạ Long, Quảng Ninh",Quảng Ninh,TP. Hạ Long,Sổ đỏ,,50.0
4926,Nhà mặt tiền,2.05,61.0,m²,2.0,1.0,2.0,12.0,"32, Đường Hoàng Quốc Việt, Phường Cẩm Sơn, Thành phố Cẩm Phả, Quảng Ninh",Quảng Ninh,Thành phố Cẩm Phả,Sổ hồng,Tây Nam,5.0
4927,Nhà hẻm ngõ,3.5,299.0,m²,11.0,7.0,,30.0,"Phường Cẩm Thành, Thành phố Cẩm Phả, Quảng Ninh",Quảng Ninh,Thành phố Cẩm Phả,Giấy tờ hợp lệ,Nam,11.0
4928,Mặt tiền,2.0,61.0,m²,2.0,1.0,1.0,12.0,"Phường Cẩm Sơn, Thành phố Cẩm Phả, Quảng Ninh",Quảng Ninh,Thành phố Cẩm Phả,Giấy tờ hợp lệ,Tây Nam,5.0
4929,Nhà hẻm ngõ,3.5,85.0,m²,4.0,3.0,3.0,15.0,"phố Độc lập, Đường Hà Lầm, Phường Hà Lầm, TP. Hạ Long, Quảng Ninh",Quảng Ninh,TP. Hạ Long,Sổ hồng,Nam,5.0
4930,Biệt thự,630.0,5000.0,m²,,,,92.0,"Đường Hoàng Quốc Việt, Bãi Cháy, TP. Hạ Long, Quảng Ninh",Quảng Ninh,TP. Hạ Long,Sổ đỏ,,50.0
4931,Nhà mặt tiền,2.05,61.0,m²,2.0,1.0,2.0,12.0,"32, Đường Hoàng Quốc Việt, Phường Cẩm Sơn, Thành phố Cẩm Phả, Quảng Ninh",Quảng Ninh,Thành phố Cẩm Phả,Sổ hồng,Tây Nam,5.0
4932,Nhà hẻm ngõ,3.5,299.0,m²,11.0,7.0,,30.0,"Phường Cẩm Thành, Thành phố Cẩm Phả, Quảng Ninh",Quảng Ninh,Thành phố Cẩm Phả,Giấy tờ hợp lệ,Nam,11.0
4933,Mặt tiền,2.0,61.0,m²,2.0,1.0,1.0,12.0,"Phường Cẩm Sơn, Thành phố Cẩm Phả, Quảng Ninh",Quảng Ninh,Thành phố Cẩm Phả,Giấy tờ hợp lệ,Tây Nam,5.0
4934,Nhà hẻm ngõ,3.5,85.0,m²,4.0,3.0,3.0,15.0,"phố Độc lập, Đường Hà Lầm, Phường Hà Lầm, TP. Hạ Long, Quảng Ninh",Quảng Ninh,TP. Hạ Long,Sổ hồng,Nam,5.0
4935,Biệt thự,630.0,5000.0,m²,,,,92.0,"Đường Hoàng Quốc Việt, Bãi Cháy, TP. Hạ Long, Quảng Ninh",Quảng Ninh,TP. Hạ Long,Sổ đỏ,,50.0
4936,Nhà mặt tiền,2.05,61.0,m²,2.0,1.0,2.0,12.0,"32, Đường Hoàng Quốc Việt, Phường Cẩm Sơn, Thành phố Cẩm Phả, Quảng Ninh",Quảng Ninh,Thành phố Cẩm Phả,Sổ hồng,Tây Nam,5.0
4937,Nhà hẻm ngõ,3.5,299.0,m²,11.0,7.0,,30.0,"Phường Cẩm Thành, Thành phố Cẩm Phả, Quảng Ninh",Quảng Ninh,Thành phố Cẩm Phả,Giấy tờ hợp lệ,Nam,11.0
4938,Mặt tiền,2.0,61.0,m²,2.0,1.0,1.0,12.0,"Phường Cẩm Sơn, Thành phố Cẩm Phả, Quảng Ninh",Quảng Ninh,Thành phố Cẩm Phả,Giấy tờ hợp lệ,Tây Nam,5.0
4939,Nhà hẻm ngõ,3.5,85.0,m²,4.0,3.0,3.0,15.0,"phố Độc lập, Đường Hà Lầm, Phường Hà Lầm, TP. Hạ Long, Quảng Ninh",Quảng Ninh,TP. Hạ Long,Sổ hồng,Nam,5.0
4940,Biệt thự,630.0,5000.0,m²,,,,92.0,"Đường Hoàng Quốc Việt, Bãi Cháy, TP. Hạ Long, Quảng Ninh",Quảng Ninh,TP. Hạ Long,Sổ đỏ,,50.0
4941,Nhà mặt tiền,2.05,61.0,m²,2.0,1.0,2.0,12.0,"32, Đường Hoàng Quốc Việt, Phường Cẩm Sơn, Thành phố Cẩm Phả, Quảng Ninh",Quảng Ninh,Thành phố Cẩm Phả,Sổ hồng,Tây Nam,5.0
4942,Nhà hẻm ngõ,3.5,299.0,m²,11.0,7.0,,30.0,"Phường Cẩm Thành, Thành phố Cẩm Phả, Quảng Ninh",Quảng Ninh,Thành phố Cẩm Phả,Giấy tờ hợp lệ,Nam,11.0
4943,Mặt tiền,2.0,61.0,m²,2.0,1.0,1.0,12.0,"Phường Cẩm Sơn, Thành phố Cẩm Phả, Quảng Ninh",Quảng Ninh,Thành phố Cẩm Phả,Giấy tờ hợp lệ,Tây Nam,5.0
4944,Nhà hẻm ngõ,3.5,85.0,m²,4.0,3.0,3.0,15.0,"phố Độc lập, Đường Hà Lầm, Phường Hà Lầm, TP. Hạ Long, Quảng Ninh",Quảng Ninh,TP. Hạ Long,Sổ hồng,Nam,5.0
4945,Biệt thự,630.0,5000.0,m²,,,,92.0,"Đường Hoàng Quốc Việt, Bãi Cháy, TP. Hạ Long, Quảng Ninh",Quảng Ninh,TP. Hạ Long,Sổ đỏ,,50.0
4946,Nhà mặt tiền,2.05,61.0,m²,2.0,1.0,2.0,12.0,"32, Đường Hoàng Quốc Việt, Phường Cẩm Sơn, Thành phố Cẩm Phả, Quảng Ninh",Quảng Ninh,Thành phố Cẩm Phả,Sổ hồng,Tây Nam,5.0
4947,Nhà hẻm ngõ,3.5,299.0,m²,11.0,7.0,,30.0,"Phường Cẩm Thành, Thành phố Cẩm Phả, Quảng Ninh",Quảng Ninh,Thành phố Cẩm Phả,Giấy tờ hợp lệ,Nam,11.0
4948,Mặt tiền,2.0,61.0,m²,2.0,1.0,1.0,12.0,"Phường Cẩm Sơn, Thành phố Cẩm Phả, Quảng Ninh",Quảng Ninh,Thành phố Cẩm Phả,Giấy tờ hợp lệ,Tây Nam,5.0
4949,Nhà hẻm ngõ,3.5,85.0,m²,4.0,3.0,3.0,15.0,"phố Độc lập, Đường Hà Lầm, Phường Hà Lầm, TP. Hạ Long, Quảng Ninh",Quảng Ninh,TP. Hạ Long,Sổ hồng,Nam,5.0
4950,Biệt thự,630.0,5000.0,m²,,,,92.0,"Đường Hoàng Quốc Việt, Bãi Cháy, TP. Hạ Long, Quảng Ninh",Quảng Ninh,TP. Hạ Long,Sổ đỏ,,50.0
4951,Nhà mặt tiền,2.05,61.0,m²,2.0,1.0,2.0,12.0,"32, Đường Hoàng Quốc Việt, Phường Cẩm Sơn, Thành phố Cẩm Phả, Quảng Ninh",Quảng Ninh,Thành phố Cẩm Phả,Sổ hồng,Tây Nam,5.0
4952,Nhà hẻm ngõ,3.5,299.0,m²,11.0,7.0,,30.0,"Phường Cẩm Thành, Thành phố Cẩm Phả, Quảng Ninh",Quảng Ninh,Thành phố Cẩm Phả,Giấy tờ hợp lệ,Nam,11.0
4953,Mặt tiền,2.0,61.0,m²,2.0,1.0,1.0,12.0,"Phường Cẩm Sơn, Thành phố Cẩm Phả, Quảng Ninh",Quảng Ninh,Thành phố Cẩm Phả,Giấy tờ hợp lệ,Tây Nam,5.0
4954,Nhà hẻm ngõ,3.5,85.0,m²,4.0,3.0,3.0,15.0,"phố Độc lập, Đường Hà Lầm, Phường Hà Lầm, TP. Hạ Long, Quảng Ninh",Quảng Ninh,TP. Hạ Long,Sổ hồng,Nam,5.0
4955,Biệt thự,630.0,5000.0,m²,,,,92.0,"Đường Hoàng Quốc Việt, Bãi Cháy, TP. Hạ Long, Quảng Ninh",Quảng Ninh,TP. Hạ Long,Sổ đỏ,,50.0
4956,Nhà mặt tiền,2.05,61.0,m²,2.0,1.0,2.0,12.0,"32, Đường Hoàng Quốc Việt, Phường Cẩm Sơn, Thành phố Cẩm Phả, Quảng Ninh",Quảng Ninh,Thành phố Cẩm Phả,Sổ hồng,Tây Nam,5.0
4957,Nhà hẻm ngõ,3.5,299.0,m²,11.0,7.0,,30.0,"Phường Cẩm Thành, Thành phố Cẩm Phả, Quảng Ninh",Quảng Ninh,Thành phố Cẩm Phả,Giấy tờ hợp lệ,Nam,11.0
4958,Mặt tiền,2.0,61.0,m²,2.0,1.0,1.0,12.0,"Phường Cẩm Sơn, Thành phố Cẩm Phả, Quảng Ninh",Quảng Ninh,Thành phố Cẩm Phả,Giấy tờ hợp lệ,Tây Nam,5.0
4959,Nhà hẻm ngõ,3.5,85.0,m²,4.0,3.0,3.0,15.0,"phố Độc lập, Đường Hà Lầm, Phường Hà Lầm, TP. Hạ Long, Quảng Ninh",Quảng Ninh,TP. Hạ Long,Sổ hồng,Nam,5.0
4960,Biệt thự,630.0,5000.0,m²,,,,92.0,"Đường Hoàng Quốc Việt, Bãi Cháy, TP. Hạ Long, Quảng Ninh",Quảng Ninh,TP. Hạ Long,Sổ đỏ,,50.0
4961,Nhà mặt tiền,2.05,61.0,m²,2.0,1.0,2.0,12.0,"32, Đường Hoàng Quốc Việt, Phường Cẩm Sơn, Thành phố Cẩm Phả, Quảng Ninh",Quảng Ninh,Thành phố Cẩm Phả,Sổ hồng,Tây Nam,5.0
4962,Nhà hẻm ngõ,3.5,299.0,m²,11.0,7.0,,30.0,"Phường Cẩm Thành, Thành phố Cẩm Phả, Quảng Ninh",Quảng Ninh,Thành phố Cẩm Phả,Giấy tờ hợp lệ,Nam,11.0
4963,Mặt tiền,2.0,61.0,m²,2.0,1.0,1.0,12.0,"Phường Cẩm Sơn, Thành phố Cẩm Phả, Quảng Ninh",Quảng Ninh,Thành phố Cẩm Phả,Giấy tờ hợp lệ,Tây Nam,5.0
4964,Nhà hẻm ngõ,3.5,85.0,m²,4.0,3.0,3.0,15.0,"phố Độc lập, Đường Hà Lầm, Phường Hà Lầm, TP. Hạ Long, Quảng Ninh",Quảng Ninh,TP. Hạ Long,Sổ hồng,Nam,5.0
4965,Biệt thự,630.0,5000.0,m²,,,,92.0,"Đường Hoàng Quốc Việt, Bãi Cháy, TP. Hạ Long, Quảng Ninh",Quảng Ninh,TP. Hạ Long,Sổ đỏ,,50.0
4966,Nhà mặt tiền,2.05,61.0,m²,2.0,1.0,2.0,12.0,"32, Đường Hoàng Quốc Việt, Phường Cẩm Sơn, Thành phố Cẩm Phả, Quảng Ninh",Quảng Ninh,Thành phố Cẩm Phả,Sổ hồng,Tây Nam,5.0
4967,Nhà hẻm ngõ,3.5,299.0,m²,11.0,7.0,,30.0,"Phường Cẩm Thành, Thành phố Cẩm Phả, Quảng Ninh",Quảng Ninh,Thành phố Cẩm Phả,Giấy tờ hợp lệ,Nam,11.0
4968,Mặt tiền,2.0,61.0,m²,2.0,1.0,1.0,12.0,"Phường Cẩm Sơn, Thành phố Cẩm Phả, Quảng Ninh",Quảng Ninh,Thành phố Cẩm Phả,Giấy tờ hợp lệ,Tây Nam,5.0
4969,Nhà hẻm ngõ,3.5,85.0,m²,4.0,3.0,3.0,15.0,"phố Độc lập, Đường Hà Lầm, Phường Hà Lầm, TP. Hạ Long, Quảng Ninh",Quảng Ninh,TP. Hạ Long,Sổ hồng,Nam,5.0
4970,Biệt thự,630.0,5000.0,m²,,,,92.0,"Đường Hoàng Quốc Việt, Bãi Cháy, TP. Hạ Long, Quảng Ninh",Quảng Ninh,TP. Hạ Long,Sổ đỏ,,50.0
4971,Nhà mặt tiền,2.05,61.0,m²,2.0,1.0,2.0,12.0,"32, Đường Hoàng Quốc Việt, Phường Cẩm Sơn, Thành phố Cẩm Phả, Quảng Ninh",Quảng Ninh,Thành phố Cẩm Phả,Sổ hồng,Tây Nam,5.0
4972,Nhà hẻm ngõ,3.5,299.0,m²,11.0,7.0,,30.0,"Phường Cẩm Thành, Thành phố Cẩm Phả, Quảng Ninh",Quảng Ninh,Thành phố Cẩm Phả,Giấy tờ hợp lệ,Nam,11.0
4973,Mặt tiền,2.0,61.0,m²,2.0,1.0,1.0,12.0,"Phường Cẩm Sơn, Thành phố Cẩm Phả, Quảng Ninh",Quảng Ninh,Thành phố Cẩm Phả,Giấy tờ hợp lệ,Tây Nam,5.0
4974,Nhà hẻm ngõ,3.5,85.0,m²,4.0,3.0,3.0,15.0,"phố Độc lập, Đường Hà Lầm, Phường Hà Lầm, TP. Hạ Long, Quảng Ninh",Quảng Ninh,TP. Hạ Long,Sổ hồng,Nam,5.0
4975,Biệt thự,630.0,5000.0,m²,,,,92.0,"Đường Hoàng Quốc Việt, Bãi Cháy, TP. Hạ Long, Quảng Ninh",Quảng Ninh,TP. Hạ Long,Sổ đỏ,,50.0
4976,Nhà mặt tiền,2.05,61.0,m²,2.0,1.0,2.0,12.0,"32, Đường Hoàng Quốc Việt, Phường Cẩm Sơn, Thành phố Cẩm Phả, Quảng Ninh",Quảng Ninh,Thành phố Cẩm Phả,Sổ hồng,Tây Nam,5.0
4977,Nhà hẻm ngõ,3.5,299.0,m²,11.0,7.0,,30.0,"Phường Cẩm Thành, Thành phố Cẩm Phả, Quảng Ninh",Quảng Ninh,Thành phố Cẩm Phả,Giấy tờ hợp lệ,Nam,11.0
4978,Mặt tiền,2.0,61.0,m²,2.0,1.0,1.0,12.0,"Phường Cẩm Sơn, Thành phố Cẩm Phả, Quảng Ninh",Quảng Ninh,Thành phố Cẩm Phả,Giấy tờ hợp lệ,Tây Nam,5.0
4979,Nhà hẻm ngõ,3.5,85.0,m²,4.0,3.0,3.0,15.0,"phố Độc lập, Đường Hà Lầm, Phường Hà Lầm, TP. Hạ Long, Quảng Ninh",Quảng Ninh,TP. Hạ Long,Sổ hồng,Nam,5.0
4980,Biệt thự,630.0,5000.0,m²,,,,92.0,"Đường Hoàng Quốc Việt, Bãi Cháy, TP. Hạ Long, Quảng Ninh",Quảng Ninh,TP. Hạ Long,Sổ đỏ,,50.0
4981,Nhà mặt tiền,2.05,61.0,m²,2.0,1.0,2.0,12.0,"32, Đường Hoàng Quốc Việt, Phường Cẩm Sơn, Thành phố Cẩm Phả, Quảng Ninh",Quảng Ninh,Thành phố Cẩm Phả,Sổ hồng,Tây Nam,5.0
4982,Nhà hẻm ngõ,3.5,299.0,m²,11.0,7.0,,30.0,"Phường Cẩm Thành, Thành phố Cẩm Phả, Quảng Ninh",Quảng Ninh,Thành phố Cẩm Phả,Giấy tờ hợp lệ,Nam,11.0
4983,Mặt tiền,2.0,61.0,m²,2.0,1.0,1.0,12.0,"Phường Cẩm Sơn, Thành phố Cẩm Phả, Quảng Ninh",Quảng Ninh,Thành phố Cẩm Phả,Giấy tờ hợp lệ,Tây Nam,5.0
4984,Nhà hẻm ngõ,2.8,124.0,m²,4.0,3.0,2.0,15.5,"Phường 2, TP. Sóc Trăng, Sóc Trăng",Sóc Trăng,TP. Sóc Trăng,Giấy tờ hợp lệ,Bắc,8.0
4985,Nhà mặt tiền,3.0,84.0,m²,4.0,2.0,2.0,13.0,"Phường 3, TP. Sóc Trăng, Sóc Trăng",Sóc Trăng,TP. Sóc Trăng,Giấy tờ hợp lệ,Tây Nam,7.5
4986,Nhà mặt tiền,3.86,63.5,m²,2.0,1.0,2.0,14.6,"Phường 3, TP. Sóc Trăng, Sóc Trăng",Sóc Trăng,TP. Sóc Trăng,Giấy tờ hợp lệ,,4.4
4987,Nhà mặt tiền,4.95,145.8,m²,3.0,2.0,2.0,19.1,"Phường 4, TP. Sóc Trăng, Sóc Trăng",Sóc Trăng,TP. Sóc Trăng,Giấy tờ hợp lệ,Đông Nam,6.5
4988,Nhà mặt tiền,0.368,100.8,m²,3.0,,,24.0,"Phường 7, TP. Sóc Trăng, Sóc Trăng",Sóc Trăng,TP. Sóc Trăng,Giấy tờ hợp lệ,,4.2
4989,Nhà hẻm ngõ,0.699,54.6,m²,2.0,1.0,2.0,13.0,"Phường 4, TP. Sóc Trăng, Sóc Trăng",Sóc Trăng,TP. Sóc Trăng,Giấy tờ hợp lệ,Bắc,4.2
4990,Nhà mặt tiền,2.55,84.0,m²,4.0,2.0,2.0,20.0,"Phường 4, TP. Sóc Trăng, Sóc Trăng",Sóc Trăng,TP. Sóc Trăng,Giấy tờ hợp lệ,Đông Nam,4.2
4991,Nhà hẻm ngõ,1.05,56.0,m²,2.0,1.0,1.0,14.0,"Phường 3, TP. Sóc Trăng, Sóc Trăng",Sóc Trăng,TP. Sóc Trăng,Giấy tờ hợp lệ,Đông Nam,4.0
4992,Nhà hẻm ngõ,0.72,35.3,m²,2.0,1.0,2.0,8.6,"Phường 3, TP. Sóc Trăng, Sóc Trăng",Sóc Trăng,TP. Sóc Trăng,Giấy tờ hợp lệ,Tây Bắc,4.1
4993,Nhà hẻm ngõ,1.25,56.0,m²,2.0,1.0,1.0,14.0,"Phường 3, TP. Sóc Trăng, Sóc Trăng",Sóc Trăng,TP. Sóc Trăng,Giấy tờ hợp lệ,Đông,4.0
4994,Nhà hẻm ngõ,0.5,46.9,m²,1.0,1.0,1.0,10.0,"Phường 4, TP. Sóc Trăng, Sóc Trăng",Sóc Trăng,TP. Sóc Trăng,Giấy tờ hợp lệ,Bắc,4.3
4995,Nhà hẻm ngõ,1.39,134.4,m²,2.0,1.0,1.0,32.0,"Phường 7, TP. Sóc Trăng, Sóc Trăng",Sóc Trăng,TP. Sóc Trăng,Giấy tờ hợp lệ,Đông Nam,4.2
4996,Nhà mặt tiền,3.3,222.6,m²,2.0,1.0,1.0,37.0,"Phường 7, TP. Sóc Trăng, Sóc Trăng",Sóc Trăng,TP. Sóc Trăng,Giấy tờ hợp lệ,Tây Nam,6.0
4997,Nhà hẻm ngõ,1.2,56.0,m²,2.0,1.0,,16.0,"Phường 3, TP. Sóc Trăng, Sóc Trăng",Sóc Trăng,TP. Sóc Trăng,Giấy tờ hợp lệ,Tây Bắc,4.0
4998,Nhà mặt tiền,1.4,66.9,m²,2.0,1.0,1.0,14.0,"Phường 2, TP. Sóc Trăng, Sóc Trăng",Sóc Trăng,TP. Sóc Trăng,Giấy tờ hợp lệ,Tây Bắc,5.0
4999,Nhà hẻm ngõ,0.85,45.0,m²,2.0,1.0,1.0,13.2,"Phường 4, TP. Sóc Trăng, Sóc Trăng",Sóc Trăng,TP. Sóc Trăng,Giấy tờ hợp lệ,Bắc,3.5
5000,Mặt tiền,6.2,375.0,m²,2.0,2.0,1.0,34.5,"Xã Châu Thành, Huyện Châu Thành, Sóc Trăng",Sóc Trăng,Huyện Châu Thành,Giấy tờ hợp lệ,Đông Bắc,11.2
5001,Nhà hẻm ngõ,1.3,130.0,m²,2.0,1.0,2.0,10.0,"Phường 3, TP. Sóc Trăng, Sóc Trăng",Sóc Trăng,TP. Sóc Trăng,Giấy tờ hợp lệ,Tây Nam,6.0
5002,Nhà hẻm ngõ,2.9,146.0,m²,3.0,3.0,2.0,32.0,"Phường 2, TP. Sóc Trăng, Sóc Trăng",Sóc Trăng,TP. Sóc Trăng,Giấy tờ hợp lệ,Tây Nam,4.5
5003,Mặt tiền,7.0,68.0,m²,3.0,1.0,2.0,17.0,"Phường 1, TP. Sóc Trăng, Sóc Trăng",Sóc Trăng,TP. Sóc Trăng,Giấy tờ hợp lệ,Tây Nam,4.0
5004,Nhà hẻm ngõ,1.64,90.0,m²,2.0,1.0,1.0,20.0,"Phường 6, TP. Sóc Trăng, Sóc Trăng",Sóc Trăng,TP. Sóc Trăng,Giấy tờ hợp lệ,Bắc,4.5
5005,Mặt tiền,1.95,160.5,m²,3.0,1.0,1.0,34.0,"Phường 3, TP. Sóc Trăng, Sóc Trăng",Sóc Trăng,TP. Sóc Trăng,Giấy tờ hợp lệ,Tây Nam,5.0
5006,Nhà hẻm ngõ,1.32,48.0,m²,2.0,1.0,2.0,12.0,"Phường 3, TP. Sóc Trăng, Sóc Trăng",Sóc Trăng,TP. Sóc Trăng,Giấy tờ hợp lệ,Tây Nam,4.0
5007,Nhà hẻm ngõ,0.82,155.0,m²,2.0,,,,"Đường An Phú 2, Xã An Tịnh, Huyện Trảng Bàng, Tây Ninh",Tây Ninh,Huyện Trảng Bàng,Sổ hồng,,
5008,Nhà hẻm ngõ,0.85,387.0,m²,1.0,,,38.0,"Đường an phú, Xã An Tịnh, Huyện Trảng Bàng, Tây Ninh",Tây Ninh,Huyện Trảng Bàng,Sổ hồng,,10.0
5009,Nhà hẻm ngõ,1.1,183.5,m²,2.0,1.0,,35.0,"Xã Bàu Năng, Huyện Dương Minh Châu, Tây Ninh",Tây Ninh,Huyện Dương Minh Châu,Giấy tờ hợp lệ,Nam,5.0
5010,Nhà hẻm ngõ,1.35,320.0,m²,6.0,6.0,,32.0,"Xã An Tịnh, Huyện Trảng Bàng, Tây Ninh",Tây Ninh,Huyện Trảng Bàng,Sổ hồng,,10.0
5011,Nhà mặt tiền,1.15,217.0,m²,7.0,,1.0,31.0,"Xã Gia Lộc, Huyện Trảng Bàng, Tây Ninh",Tây Ninh,Huyện Trảng Bàng,Giấy tờ hợp lệ,,7.0
5012,Nhà mặt tiền,0.835,150.0,m²,3.0,2.0,1.0,30.0,"Xã An Hòa, Huyện Trảng Bàng, Tây Ninh",Tây Ninh,Huyện Trảng Bàng,Giấy tờ hợp lệ,,5.0
5013,Nhà hẻm ngõ,0.5,121.4,m²,2.0,,,24.7,"Xã Thanh Phước, Huyện Gò Dầu, Tây Ninh",Tây Ninh,Huyện Gò Dầu,Giấy tờ hợp lệ,Đông Nam,5.0
5014,Nhà mặt tiền,1.4,48.1,m²,2.0,1.0,1.0,12.0,"Thị trấn Trảng Bàng, Huyện Trảng Bàng, Tây Ninh",Tây Ninh,Huyện Trảng Bàng,Giấy tờ hợp lệ,Bắc,4.0
5015,Nhà mặt tiền,5.5,249.9,m²,6.0,3.0,4.0,59.0,"Xã An Tịnh, Huyện Trảng Bàng, Tây Ninh",Tây Ninh,Huyện Trảng Bàng,Giấy tờ hợp lệ,Đông Nam,4.0
5016,Nhà mặt tiền,1.6,64.0,m²,2.0,2.0,1.0,16.0,"Xã Đôn Thuận, Huyện Trảng Bàng, Tây Ninh",Tây Ninh,Huyện Trảng Bàng,Giấy tờ hợp lệ,,4.0
5017,Nhà mặt tiền,1.8,100.0,m²,3.0,1.0,2.0,25.0,"Xã Phan, Huyện Dương Minh Châu, Tây Ninh",Tây Ninh,Huyện Dương Minh Châu,Giấy tờ hợp lệ,Tây Bắc,4.0
5018,Nhà mặt tiền,7.0,275.0,m²,1.0,,,37.9,"Thị trấn Tân Châu, Huyện Tân Châu, Tây Ninh",Tây Ninh,Huyện Tân Châu,Giấy tờ hợp lệ,,7.5
5019,Nhà mặt tiền,0.155,1000.0,m²,1.0,,,50.0,"1123, Đường Nguyễn Đình Chiểu, Xã Thạnh Đông, Huyện Tân Châu, Tây Ninh",Tây Ninh,Huyện Tân Châu,Sổ hồng,Đông Nam,20.0
5020,Nhà mặt tiền,1.15,320.0,m²,11.0,7.0,1.0,32.0,"Xã An Tịnh, Huyện Trảng Bàng, Tây Ninh",Tây Ninh,Huyện Trảng Bàng,Giấy tờ hợp lệ,,10.0
5021,Nhà mặt tiền,2.6,240.0,m²,3.0,3.0,2.0,22.0,"Xã Bàu Năng, Huyện Dương Minh Châu, Tây Ninh",Tây Ninh,Huyện Dương Minh Châu,Giấy tờ hợp lệ,Nam,6.0
5022,Nhà hẻm ngõ,0.69,405.0,m²,2.0,1.0,1.0,40.0,"Xã Lộc Hưng, Huyện Trảng Bàng, Tây Ninh",Tây Ninh,Huyện Trảng Bàng,Giấy tờ hợp lệ,,10.0
5023,Nhà mặt tiền,0.999,193.0,m²,6.0,6.0,1.0,33.0,"Xã Gia Lộc, Huyện Trảng Bàng, Tây Ninh",Tây Ninh,Huyện Trảng Bàng,Giấy tờ hợp lệ,,6.0
5024,Nhà mặt tiền,1.3,80.0,m²,3.0,2.0,3.0,20.0,"Xã Đôn Thuận, Huyện Trảng Bàng, Tây Ninh",Tây Ninh,Huyện Trảng Bàng,Giấy tờ hợp lệ,,4.0
5025,Nhà mặt tiền,1.07,284.0,m²,10.0,7.0,1.0,32.0,"Xã An Hòa, Huyện Trảng Bàng, Tây Ninh",Tây Ninh,Huyện Trảng Bàng,Giấy tờ hợp lệ,,8.5
5026,Nhà hẻm ngõ,1.85,202.0,m²,3.0,1.0,1.0,22.0,"Xã An Hòa, Huyện Trảng Bàng, Tây Ninh",Tây Ninh,Huyện Trảng Bàng,Giấy tờ hợp lệ,Đông Bắc,9.5
5027,Nhà mặt tiền,1.3,64.0,m²,3.0,2.0,,16.0,"Xã Đôn Thuận, Huyện Trảng Bàng, Tây Ninh",Tây Ninh,Huyện Trảng Bàng,Giấy tờ hợp lệ,,4.0
5028,Nhà mặt tiền,0.735,209.0,m²,3.0,2.0,1.0,30.0,"Xã An Tịnh, Huyện Trảng Bàng, Tây Ninh",Tây Ninh,Huyện Trảng Bàng,Giấy tờ hợp lệ,,7.0
5029,Nhà mặt tiền,0.95,325.5,m²,2.0,,,25.0,"Xã Hiệp Thạnh, Huyện Gò Dầu, Tây Ninh",Tây Ninh,Huyện Gò Dầu,Giấy tờ hợp lệ,,13.0
5030,Nhà hẻm ngõ,0.9,100.0,m²,6.0,6.0,,20.0,"Xã An Hòa, Huyện Trảng Bàng, Tây Ninh",Tây Ninh,Huyện Trảng Bàng,Sổ đỏ,,5.0
5031,Biệt thự,11.11,300.0,m²,3.0,3.0,1.0,30.0,"2, Đường G, Phường 3, TP. Tây Ninh, Tây Ninh",Tây Ninh,TP. Tây Ninh,Sổ hồng,Tây Nam,10.0
5032,Nhà hẻm ngõ,0.9,100.0,m²,6.0,6.0,,20.0,"Xã An Hòa, Huyện Trảng Bàng, Tây Ninh",Tây Ninh,Huyện Trảng Bàng,Sổ đỏ,,5.0
5033,Nhà mặt tiền,0.75,132.0,m²,2.0,1.0,,22.0,"Xã Gia Bình, Huyện Trảng Bàng, Tây Ninh",Tây Ninh,Huyện Trảng Bàng,Giấy tờ hợp lệ,Đông Nam,6.0
5034,Nhà mặt tiền,2.5,175.0,m²,,,,35.0,"Xã Phước Đông, Huyện Gò Dầu, Tây Ninh",Tây Ninh,Huyện Gò Dầu,Sổ hồng,,5.0
5035,Nhà hẻm ngõ,0.65,289.0,m²,2.0,2.0,1.0,31.0,"Xã Cẩm Giang, Huyện Gò Dầu, Tây Ninh",Tây Ninh,Huyện Gò Dầu,Giấy tờ hợp lệ,,10.0
5036,Nhà mặt tiền,0.6,150.0,m²,1.0,1.0,,30.0,"Xã An Bình, Huyện Châu Thành, Tây Ninh",Tây Ninh,Huyện Châu Thành,Giấy tờ hợp lệ,,5.0
5037,Nhà mặt tiền,0.82,120.0,m²,3.0,2.0,1.0,24.0,"Thị trấn Trảng Bàng, Huyện Trảng Bàng, Tây Ninh",Tây Ninh,Huyện Trảng Bàng,Giấy tờ hợp lệ,,5.0
5038,Nhà mặt tiền,0.71,120.0,m²,2.0,1.0,1.0,24.0,"Xã An Tịnh, Huyện Trảng Bàng, Tây Ninh",Tây Ninh,Huyện Trảng Bàng,Giấy tờ hợp lệ,,5.0
5039,Nhà mặt tiền,0.79,120.0,m²,2.0,2.0,1.0,24.0,"Thị trấn Gò Dầu, Huyện Gò Dầu, Tây Ninh",Tây Ninh,Huyện Gò Dầu,Giấy tờ hợp lệ,,5.0
5040,Nhà mặt tiền,0.975,75.0,m²,3.0,2.0,1.0,17.0,"Xã An Tịnh, Huyện Trảng Bàng, Tây Ninh",Tây Ninh,Huyện Trảng Bàng,Giấy tờ hợp lệ,,5.0
5041,Nhà mặt tiền,0.84,134.0,m²,2.0,1.0,1.0,22.0,"Xã Gia Lộc, Huyện Trảng Bàng, Tây Ninh",Tây Ninh,Huyện Trảng Bàng,Giấy tờ hợp lệ,,6.0
5042,Nhà hẻm ngõ,0.68,114.0,m²,2.0,2.0,,23.0,"Xã An Tịnh, Huyện Trảng Bàng, Tây Ninh",Tây Ninh,Huyện Trảng Bàng,Giấy tờ hợp lệ,,5.0
5043,Nhà hẻm ngõ,0.9,170.0,m²,2.0,,,,"Đường Nguyễn Văn Rốp, Thị trấn Trảng Bàng, Huyện Trảng Bàng, Tây Ninh",Tây Ninh,Huyện Trảng Bàng,Sổ hồng,,
5044,Nhà hẻm ngõ,0.71,126.0,m²,2.0,,,,"Đường Suối Sâu, Xã An Tịnh, Huyện Trảng Bàng, Tây Ninh",Tây Ninh,Huyện Trảng Bàng,Sổ hồng,,
5045,Nhà mặt tiền,0.825,196.0,m²,11.0,7.0,1.0,,"Xã Phước Thạnh, Huyện Gò Dầu, Tây Ninh",Tây Ninh,Huyện Gò Dầu,Giấy tờ hợp lệ,,
5046,Nhà mặt tiền,0.76,122.0,m²,2.0,1.0,1.0,24.0,"Xã An Hòa, Huyện Trảng Bàng, Tây Ninh",Tây Ninh,Huyện Trảng Bàng,Giấy tờ hợp lệ,,5.0
5047,Nhà hẻm ngõ,0.52,80.0,m²,2.0,1.0,,,"Đường Tân Lộc, Xã Gia Lộc, Huyện Trảng Bàng, Tây Ninh",Tây Ninh,Huyện Trảng Bàng,Sổ hồng,,
5048,Nhà mặt tiền,0.98,575.0,m²,3.0,2.0,,66.0,"Xã Hưng Thuận, Huyện Trảng Bàng, Tây Ninh",Tây Ninh,Huyện Trảng Bàng,Giấy tờ hợp lệ,,8.5
5049,Nhà hẻm ngõ,1.2,235.0,m²,2.0,1.0,1.0,20.0,"Xã An Tịnh, Huyện Trảng Bàng, Tây Ninh",Tây Ninh,Huyện Trảng Bàng,Giấy tờ hợp lệ,,12.0
5050,Nhà hẻm ngõ,0.99,200.0,m²,2.0,1.0,1.0,20.0,"Xã An Tịnh, Huyện Trảng Bàng, Tây Ninh",Tây Ninh,Huyện Trảng Bàng,Giấy tờ hợp lệ,,10.0
5051,Nhà mặt tiền,0.34,125.0,m²,2.0,2.0,,25.0,"Thị trấn Gò Dầu, Huyện Gò Dầu, Tây Ninh",Tây Ninh,Huyện Gò Dầu,Giấy tờ hợp lệ,Tây,5.0
5052,Nhà mặt tiền,0.53,123.0,m²,2.0,1.0,,24.0,"Xã An Tịnh, Huyện Trảng Bàng, Tây Ninh",Tây Ninh,Huyện Trảng Bàng,Giấy tờ hợp lệ,,5.0
5053,Mặt tiền,0.899,109.0,m²,2.0,2.0,1.0,24.0,"Xã Thanh Phước, Huyện Gò Dầu, Tây Ninh",Tây Ninh,Huyện Gò Dầu,Giấy tờ hợp lệ,Tây,5.0
5054,Nhà mặt tiền,0.635,152.0,m²,2.0,1.0,,30.0,"Xã An Tịnh, Huyện Trảng Bàng, Tây Ninh",Tây Ninh,Huyện Trảng Bàng,Giấy tờ hợp lệ,,5.0
5055,Mặt tiền,0.38,65.0,m²,2.0,2.0,1.0,12.0,"Huyện Trảng Bàng, Tây Ninh",Tây Ninh,Huyện Trảng Bàng,Sổ hồng,,4.0
5056,Nhà mặt tiền,0.635,190.0,m²,2.0,1.0,,31.0,"Xã An Tịnh, Huyện Trảng Bàng, Tây Ninh",Tây Ninh,Huyện Trảng Bàng,Giấy tờ hợp lệ,,6.0
5057,Nhà hẻm ngõ,0.88,117.0,m²,2.0,1.0,1.0,24.0,"Xã An Tịnh, Huyện Trảng Bàng, Tây Ninh",Tây Ninh,Huyện Trảng Bàng,Giấy tờ hợp lệ,,5.0
5058,Nhà hẻm ngõ,0.78,284.0,m²,11.0,,1.0,33.0,"Xã An Hòa, Huyện Trảng Bàng, Tây Ninh",Tây Ninh,Huyện Trảng Bàng,Giấy tờ hợp lệ,,8.0
5059,Nhà mặt tiền,0.87,447.0,m²,11.0,7.0,1.0,44.0,"Xã An Tịnh, Huyện Trảng Bàng, Tây Ninh",Tây Ninh,Huyện Trảng Bàng,Giấy tờ hợp lệ,Đông,10.0
5060,Mặt tiền,1.05,288.0,m²,14.0,14.0,,48.0,"Đường An Phú 3, Xã An Tịnh, Huyện Trảng Bàng, Tây Ninh",Tây Ninh,Huyện Trảng Bàng,Sổ hồng,Đông,6.0
5061,Mặt tiền,9.0,1116.0,m²,7.0,3.0,,63.0,"1111/A khu phố 3 Thị trấn bến cầu huyện bến cầu TN, Đường Bến Cầu, Thị trấn Bến Cầu, Huyện Bến Cầu, Tây Ninh",Tây Ninh,Huyện Bến Cầu,Sổ đỏ,Tây,22.0
5062,Mặt tiền,1.4,68.0,m²,2.0,1.0,1.0,17.0,"Xã Đôn Thuận, Huyện Trảng Bàng, Tây Ninh",Tây Ninh,Huyện Trảng Bàng,Giấy tờ hợp lệ,Đông Nam,4.0
5063,Mặt tiền,3.0,976.3,m²,2.0,1.0,1.0,83.0,"Xã Đồng Khởi, Huyện Châu Thành, Tây Ninh",Tây Ninh,Huyện Châu Thành,Giấy tờ hợp lệ,Đông Bắc,12.0
5064,Nhà hẻm ngõ,1.05,126.0,m²,2.0,1.0,1.0,25.0,"Xã An Tịnh, Huyện Trảng Bàng, Tây Ninh",Tây Ninh,Huyện Trảng Bàng,Giấy tờ hợp lệ,,5.0
5065,Mặt tiền,0.42,125.0,m²,5.0,5.0,,25.0,"Đường Ấp Xóm Bố, Xã Hiệp Thạnh, Huyện Gò Dầu, Tây Ninh",Tây Ninh,Huyện Gò Dầu,Sổ hồng,Đông,5.0
5066,Mặt tiền,1.15,100.0,m²,11.0,7.0,1.0,,"Xã An Tịnh, Huyện Trảng Bàng, Tây Ninh",Tây Ninh,Huyện Trảng Bàng,Giấy tờ hợp lệ,,
5067,Nhà hẻm ngõ,0.75,103.0,m²,2.0,,,21.0,"Xã An Tịnh, Huyện Trảng Bàng, Tây Ninh",Tây Ninh,Huyện Trảng Bàng,Giấy tờ hợp lệ,,5.0
5068,Mặt tiền,0.615,345.0,m²,2.0,1.0,,23.0,"Xã An Hòa, Huyện Trảng Bàng, Tây Ninh",Tây Ninh,Huyện Trảng Bàng,Giấy tờ hợp lệ,,15.0
5069,Nhà hẻm ngõ,0.95,113.0,m²,3.0,2.0,1.0,22.0,"Xã An Hòa, Huyện Trảng Bàng, Tây Ninh",Tây Ninh,Huyện Trảng Bàng,Giấy tờ hợp lệ,,5.2
5070,Mặt tiền,0.885,335.0,m²,3.0,,,33.0,"Xã An Tịnh, Huyện Trảng Bàng, Tây Ninh",Tây Ninh,Huyện Trảng Bàng,Giấy tờ hợp lệ,,10.0
5071,Biệt thự,16.8,230.0,m²,,,,,"Đường Trần Hưng Đạo, Phường Trần Lãm, TP. Thái Bình, Thái Bình",Thái Bình,TP. Thái Bình,Sổ đỏ,,
5072,Biệt thự,16.8,230.0,m²,,,,,"Đường Trần Hưng Đạo, Phường Trần Lãm, TP. Thái Bình, Thái Bình",Thái Bình,TP. Thái Bình,Sổ đỏ,,
5073,Mặt tiền,3.7,100.0,m²,,,,,"Phường Ba Hàng, Thị xã Phổ Yên, Thái Nguyên",Thái Nguyên,Thị xã Phổ Yên,Sổ đỏ,,
5074,Mặt tiền,3.7,100.0,m²,,,,,"Phường Ba Hàng, Thị xã Phổ Yên, Thái Nguyên",Thái Nguyên,Thị xã Phổ Yên,Sổ đỏ,,
5075,Biệt thự,15.0,370.0,m²,5.0,3.0,2.0,27.0,"Xã Đông Hải, TP. Thanh Hoá, Thanh Hóa",Thanh Hóa,TP. Thanh Hoá,Giấy tờ hợp lệ,Tây,15.0
5076,Nhà mặt tiền,24.0,304.0,m²,4.0,,,,"Phường Đông Vệ, TP. Thanh Hoá, Thanh Hóa",Thanh Hóa,TP. Thanh Hoá,Giấy tờ hợp lệ,Đông Nam,
5077,Nhà mặt tiền,8.0,110.0,m²,4.0,3.0,5.0,22.0,"Xã Đông Hải, TP. Thanh Hoá, Thanh Hóa",Thanh Hóa,TP. Thanh Hoá,Giấy tờ hợp lệ,Đông Bắc,5.0
5078,Nhà mặt tiền,2.4,70.0,m²,3.0,1.0,2.0,12.0,"33, Đường Ngô Văn Sở, Phường Bắc Sơn, Thị Xã Sầm Sơn, Thanh Hóa",Thanh Hóa,Thị Xã Sầm Sơn,Sổ đỏ,Đông Bắc,6.0
5079,Nhà mặt tiền,18.0,5000.0,m²,9.0,14.0,,,"Bản Ấm HIêu, Bản Ấm HIêu, Xã Cổ Lũng, Huyện Bá Thước, Thanh Hóa",Thanh Hóa,Huyện Bá Thước,Sổ hồng,,
5080,Biệt thự,4.8,108.0,m²,8.0,6.0,,18.0,"Thị Xã Sầm Sơn, Thanh Hóa",Thanh Hóa,Thị Xã Sầm Sơn,Sổ hồng,Tây Bắc,6.0
5081,Mặt tiền,5.4,260.0,m²,1.0,1.0,1.0,30.0,"453, Đường Lê Thái Tông, Thị Trấn Lam Sơn, Huyện Thọ Xuân, Thanh Hóa",Thanh Hóa,Huyện Thọ Xuân,Sổ hồng,Tây,7.2
5082,Nhà mặt tiền,4.1,80.0,m²,3.0,3.0,3.0,16.0,"Phường Vỹ Dạ, TP. Huế, Thừa Thiên Huế",Thừa Thiên Huế,TP. Huế,Giấy tờ hợp lệ,Bắc,5.0
5083,Nhà mặt tiền,2.68,129.0,m²,3.0,2.0,,,"Phường An Tây, TP. Huế, Thừa Thiên Huế",Thừa Thiên Huế,TP. Huế,Giấy tờ hợp lệ,Tây Nam,
5084,Nhà mặt tiền,13.0,100.0,m²,3.0,3.0,2.0,25.0,"Phường Tây Lộc, TP. Huế, Thừa Thiên Huế",Thừa Thiên Huế,TP. Huế,Giấy tờ hợp lệ,,4.0
5085,Nhà mặt tiền,7.7,126.0,m²,5.0,5.0,,21.0,"Phường An Cựu, TP. Huế, Thừa Thiên Huế",Thừa Thiên Huế,TP. Huế,Giấy tờ hợp lệ,,6.0
5086,Nhà hẻm ngõ,2.65,75.0,m²,2.0,2.0,2.0,,"Phường An Cựu, TP. Huế, Thừa Thiên Huế",Thừa Thiên Huế,TP. Huế,Giấy tờ hợp lệ,Đông,
5087,Biệt thự,6.7,232.0,m²,4.0,3.0,2.0,33.0,"Phường An Đông, TP. Huế, Thừa Thiên Huế",Thừa Thiên Huế,TP. Huế,Giấy tờ hợp lệ,Tây,7.0
5088,Nhà mặt tiền,4.1,80.0,m²,3.0,3.0,3.0,16.0,"Phường Vỹ Dạ, TP. Huế, Thừa Thiên Huế",Thừa Thiên Huế,TP. Huế,Giấy tờ hợp lệ,Nam,5.0
5089,Nhà hẻm ngõ,2.85,100.0,m²,4.0,3.0,2.0,,"Xã Thủy Xuân, TP. Huế, Thừa Thiên Huế",Thừa Thiên Huế,TP. Huế,Giấy tờ hợp lệ,Đông Nam,
5090,Nhà hẻm ngõ,2.85,100.5,m²,4.0,3.0,2.0,,"Xã Thủy Xuân, TP. Huế, Thừa Thiên Huế",Thừa Thiên Huế,TP. Huế,Giấy tờ hợp lệ,Nam,
5091,Nhà hẻm ngõ,2.87,100.0,m²,4.0,3.0,2.0,11.0,"Xã Thủy Xuân, TP. Huế, Thừa Thiên Huế",Thừa Thiên Huế,TP. Huế,Giấy tờ hợp lệ,Đông Nam,9.0
5092,Nhà mặt tiền,7.7,126.0,m²,5.0,,4.0,21.0,"Phường Xuân Phú, TP. Huế, Thừa Thiên Huế",Thừa Thiên Huế,TP. Huế,Giấy tờ hợp lệ,,6.0
5093,Nhà mặt tiền,8.0,188.0,m²,6.0,5.0,5.0,,"38, Đường Hồ Đắc Di, Phường An Đông, TP. Huế, Thừa Thiên Huế",Thừa Thiên Huế,TP. Huế,Giấy tờ khác,,
5094,Nhà mặt tiền,8.7,134.0,m²,5.0,5.0,5.0,20.0,"38, Đường Hồ Đắc Di, Phường An Đông, TP. Huế, Thừa Thiên Huế",Thừa Thiên Huế,TP. Huế,Giấy tờ khác,Đông,6.0
5095,Nhà hẻm ngõ,3.59,77.0,m²,3.0,2.0,2.0,16.0,"Phường An Cựu, TP. Huế, Thừa Thiên Huế",Thừa Thiên Huế,TP. Huế,Giấy tờ hợp lệ,Tây Nam,4.9
5096,Nhà mặt tiền,7.9,100.0,m²,5.0,5.0,5.0,,"38, Đường Hồ Đắc Di, Phường An Cựu, TP. Huế, Thừa Thiên Huế",Thừa Thiên Huế,TP. Huế,Hợp đồng mua bán,,
5097,Nhà hẻm ngõ,3.2,103.5,m²,3.0,3.0,2.0,,"Xã Thủy Xuân, TP. Huế, Thừa Thiên Huế",Thừa Thiên Huế,TP. Huế,Giấy tờ hợp lệ,Tây,
5098,Nhà mặt tiền,8.0,100.0,m²,5.0,5.0,5.0,20.0,"38, 38, Phường An Cựu, TP. Huế, Thừa Thiên Huế",Thừa Thiên Huế,TP. Huế,Giấy tờ hợp lệ,,5.0
5099,Nhà mặt tiền,2.66,107.0,m²,3.0,2.0,2.0,18.0,"Phường Thủy Lương, Thị Xã Hương Thuỷ, Thừa Thiên Huế",Thừa Thiên Huế,Thị Xã Hương Thuỷ,Giấy tờ hợp lệ,Bắc,6.0
5100,Nhà mặt tiền,4.2,139.0,m²,4.0,2.0,2.0,,"Phường Thuận Lộc, TP. Huế, Thừa Thiên Huế",Thừa Thiên Huế,TP. Huế,Giấy tờ hợp lệ,,
5101,Nhà hẻm ngõ,2.5,92.0,m²,1.0,,,,"Xã Hương Long, TP. Huế, Thừa Thiên Huế",Thừa Thiên Huế,TP. Huế,Giấy tờ hợp lệ,,
5102,Nhà hẻm ngõ,3.65,84.3,m²,3.0,2.0,2.0,,"Xã Thủy Xuân, TP. Huế, Thừa Thiên Huế",Thừa Thiên Huế,TP. Huế,Giấy tờ hợp lệ,Đông,
5103,Nhà hẻm ngõ,3.29,145.0,m²,3.0,3.0,2.0,29.0,"Xã Thủy Biều, TP. Huế, Thừa Thiên Huế",Thừa Thiên Huế,TP. Huế,Giấy tờ hợp lệ,,5.1
5104,Nhà mặt tiền,7.9,100.0,m²,5.0,5.0,5.0,,"38, Đường Hồ Đắc Di, Phường An Cựu, TP. Huế, Thừa Thiên Huế",Thừa Thiên Huế,TP. Huế,Sổ hồng,,
5105,Nhà mặt tiền,3.68,72.0,m²,3.0,,3.0,12.0,"Xã Phú Thượng, Huyện Phú Vang, Thừa Thiên Huế",Thừa Thiên Huế,Huyện Phú Vang,Giấy tờ hợp lệ,,6.0
5106,Nhà mặt tiền,3.35,80.0,m²,2.0,2.0,2.0,20.0,"Phường Trường An, TP. Huế, Thừa Thiên Huế",Thừa Thiên Huế,TP. Huế,Giấy tờ hợp lệ,Đông Bắc,4.0
5107,Nhà hẻm ngõ,3.05,102.0,m²,3.0,3.0,2.0,20.4,"Xã Thủy Xuân, TP. Huế, Thừa Thiên Huế",Thừa Thiên Huế,TP. Huế,Giấy tờ hợp lệ,Đông Bắc,5.0
5108,Mặt tiền,11.5,198.0,m²,4.0,3.0,3.0,,"32 Phùng Chí Kiên, 32 Phùng Chí Kiên, Phường An Cựu, TP. Huế, Thừa Thiên Huế",Thừa Thiên Huế,TP. Huế,Sổ hồng,,
5109,Nhà hẻm ngõ,2.85,140.0,m²,4.0,3.0,2.0,10.0,"Xã Thủy Xuân, TP. Huế, Thừa Thiên Huế",Thừa Thiên Huế,TP. Huế,Giấy tờ hợp lệ,Đông Nam,10.0
5110,Mặt tiền,2.3,126.0,m²,5.0,,,21.0,"Phường Xuân Phú, TP. Huế, Thừa Thiên Huế",Thừa Thiên Huế,TP. Huế,Giấy tờ hợp lệ,,6.0
5111,Nhà hẻm ngõ,6.7,232.0,m²,4.0,4.0,2.0,33.0,"Phường An Đông, TP. Huế, Thừa Thiên Huế",Thừa Thiên Huế,TP. Huế,Giấy tờ hợp lệ,Tây,7.0
5112,Nhà hẻm ngõ,1.15,8200.0,m²,3.0,2.0,,136.0,"Xã Phước Hưng, Huyện Trà Cú, Trà Vinh",Trà Vinh,Huyện Trà Cú,Giấy tờ hợp lệ,Đông Nam,60.0
5113,Nhà hẻm ngõ,0.4,47.0,m²,2.0,1.0,,10.0,"Phường 5, TP. Trà Vinh, Trà Vinh",Trà Vinh,TP. Trà Vinh,Giấy tờ hợp lệ,,4.5
5114,Nhà mặt tiền,5.2,376.0,m²,15.0,17.0,1.0,58.0,"376, Đường Quốc lộ 60, Xã Phú Cần, Huyện Tiểu Cần, Trà Vinh",Trà Vinh,Huyện Tiểu Cần,Sổ hồng,Đông,8.0
5115,Nhà mặt tiền,0.619,175.0,m²,1.0,2.0,,5.4,"Thị Trấn Cầu Quan, Huyện Tiểu Cần, Trà Vinh",Trà Vinh,Huyện Tiểu Cần,Giấy tờ hợp lệ,,31.0
5116,Nhà hẻm ngõ,1.19,75.0,m²,2.0,1.0,,15.0,"Phường 7, TP. Trà Vinh, Trà Vinh",Trà Vinh,TP. Trà Vinh,Giấy tờ hợp lệ,Tây Bắc,5.0
5117,Nhà hẻm ngõ,1.15,8200.0,m²,3.0,2.0,,136.0,"Xã Phước Hưng, Huyện Trà Cú, Trà Vinh",Trà Vinh,Huyện Trà Cú,Giấy tờ hợp lệ,Đông Nam,60.0
5118,Nhà hẻm ngõ,0.4,47.0,m²,2.0,1.0,,10.0,"Phường 5, TP. Trà Vinh, Trà Vinh",Trà Vinh,TP. Trà Vinh,Giấy tờ hợp lệ,,4.5
5119,Nhà mặt tiền,5.2,376.0,m²,15.0,17.0,1.0,58.0,"376, Đường Quốc lộ 60, Xã Phú Cần, Huyện Tiểu Cần, Trà Vinh",Trà Vinh,Huyện Tiểu Cần,Sổ hồng,Đông,8.0
5120,Nhà mặt tiền,0.619,175.0,m²,1.0,2.0,,5.4,"Thị Trấn Cầu Quan, Huyện Tiểu Cần, Trà Vinh",Trà Vinh,Huyện Tiểu Cần,Giấy tờ hợp lệ,,31.0
5121,Nhà hẻm ngõ,1.19,75.0,m²,2.0,1.0,,15.0,"Phường 7, TP. Trà Vinh, Trà Vinh",Trà Vinh,TP. Trà Vinh,Giấy tờ hợp lệ,Tây Bắc,5.0
5122,Nhà hẻm ngõ,1.15,8200.0,m²,3.0,2.0,,136.0,"Xã Phước Hưng, Huyện Trà Cú, Trà Vinh",Trà Vinh,Huyện Trà Cú,Giấy tờ hợp lệ,Đông Nam,60.0
5123,Nhà hẻm ngõ,0.4,47.0,m²,2.0,1.0,,10.0,"Phường 5, TP. Trà Vinh, Trà Vinh",Trà Vinh,TP. Trà Vinh,Giấy tờ hợp lệ,,4.5
5124,Nhà mặt tiền,5.2,376.0,m²,15.0,17.0,1.0,58.0,"376, Đường Quốc lộ 60, Xã Phú Cần, Huyện Tiểu Cần, Trà Vinh",Trà Vinh,Huyện Tiểu Cần,Sổ hồng,Đông,8.0
5125,Nhà mặt tiền,0.619,175.0,m²,1.0,2.0,,5.4,"Thị Trấn Cầu Quan, Huyện Tiểu Cần, Trà Vinh",Trà Vinh,Huyện Tiểu Cần,Giấy tờ hợp lệ,,31.0
5126,Nhà hẻm ngõ,1.19,75.0,m²,2.0,1.0,,15.0,"Phường 7, TP. Trà Vinh, Trà Vinh",Trà Vinh,TP. Trà Vinh,Giấy tờ hợp lệ,Tây Bắc,5.0
5127,Nhà hẻm ngõ,1.15,8200.0,m²,3.0,2.0,,136.0,"Xã Phước Hưng, Huyện Trà Cú, Trà Vinh",Trà Vinh,Huyện Trà Cú,Giấy tờ hợp lệ,Đông Nam,60.0
5128,Nhà hẻm ngõ,0.4,47.0,m²,2.0,1.0,,10.0,"Phường 5, TP. Trà Vinh, Trà Vinh",Trà Vinh,TP. Trà Vinh,Giấy tờ hợp lệ,,4.5
5129,Nhà mặt tiền,5.2,376.0,m²,15.0,17.0,1.0,58.0,"376, Đường Quốc lộ 60, Xã Phú Cần, Huyện Tiểu Cần, Trà Vinh",Trà Vinh,Huyện Tiểu Cần,Sổ hồng,Đông,8.0
5130,Nhà mặt tiền,0.619,175.0,m²,1.0,2.0,,5.4,"Thị Trấn Cầu Quan, Huyện Tiểu Cần, Trà Vinh",Trà Vinh,Huyện Tiểu Cần,Giấy tờ hợp lệ,,31.0
5131,Nhà hẻm ngõ,1.19,75.0,m²,2.0,1.0,,15.0,"Phường 7, TP. Trà Vinh, Trà Vinh",Trà Vinh,TP. Trà Vinh,Giấy tờ hợp lệ,Tây Bắc,5.0
5132,Nhà hẻm ngõ,1.15,8200.0,m²,3.0,2.0,,136.0,"Xã Phước Hưng, Huyện Trà Cú, Trà Vinh",Trà Vinh,Huyện Trà Cú,Giấy tờ hợp lệ,Đông Nam,60.0
5133,Nhà hẻm ngõ,0.4,47.0,m²,2.0,1.0,,10.0,"Phường 5, TP. Trà Vinh, Trà Vinh",Trà Vinh,TP. Trà Vinh,Giấy tờ hợp lệ,,4.5
5134,Nhà mặt tiền,5.2,376.0,m²,15.0,17.0,1.0,58.0,"376, Đường Quốc lộ 60, Xã Phú Cần, Huyện Tiểu Cần, Trà Vinh",Trà Vinh,Huyện Tiểu Cần,Sổ hồng,Đông,8.0
5135,Nhà mặt tiền,0.619,175.0,m²,1.0,2.0,,5.4,"Thị Trấn Cầu Quan, Huyện Tiểu Cần, Trà Vinh",Trà Vinh,Huyện Tiểu Cần,Giấy tờ hợp lệ,,31.0
5136,Nhà hẻm ngõ,1.19,75.0,m²,2.0,1.0,,15.0,"Phường 7, TP. Trà Vinh, Trà Vinh",Trà Vinh,TP. Trà Vinh,Giấy tờ hợp lệ,Tây Bắc,5.0
5137,Nhà hẻm ngõ,1.15,8200.0,m²,3.0,2.0,,136.0,"Xã Phước Hưng, Huyện Trà Cú, Trà Vinh",Trà Vinh,Huyện Trà Cú,Giấy tờ hợp lệ,Đông Nam,60.0
5138,Nhà hẻm ngõ,0.4,47.0,m²,2.0,1.0,,10.0,"Phường 5, TP. Trà Vinh, Trà Vinh",Trà Vinh,TP. Trà Vinh,Giấy tờ hợp lệ,,4.5
5139,Nhà mặt tiền,5.2,376.0,m²,15.0,17.0,1.0,58.0,"376, Đường Quốc lộ 60, Xã Phú Cần, Huyện Tiểu Cần, Trà Vinh",Trà Vinh,Huyện Tiểu Cần,Sổ hồng,Đông,8.0
5140,Nhà mặt tiền,0.619,175.0,m²,1.0,2.0,,5.4,"Thị Trấn Cầu Quan, Huyện Tiểu Cần, Trà Vinh",Trà Vinh,Huyện Tiểu Cần,Giấy tờ hợp lệ,,31.0
5141,Nhà hẻm ngõ,1.19,75.0,m²,2.0,1.0,,15.0,"Phường 7, TP. Trà Vinh, Trà Vinh",Trà Vinh,TP. Trà Vinh,Giấy tờ hợp lệ,Tây Bắc,5.0
5142,Nhà hẻm ngõ,1.15,8200.0,m²,3.0,2.0,,136.0,"Xã Phước Hưng, Huyện Trà Cú, Trà Vinh",Trà Vinh,Huyện Trà Cú,Giấy tờ hợp lệ,Đông Nam,60.0
5143,Nhà hẻm ngõ,0.4,47.0,m²,2.0,1.0,,10.0,"Phường 5, TP. Trà Vinh, Trà Vinh",Trà Vinh,TP. Trà Vinh,Giấy tờ hợp lệ,,4.5
5144,Nhà mặt tiền,5.2,376.0,m²,15.0,17.0,1.0,58.0,"376, Đường Quốc lộ 60, Xã Phú Cần, Huyện Tiểu Cần, Trà Vinh",Trà Vinh,Huyện Tiểu Cần,Sổ hồng,Đông,8.0
5145,Nhà mặt tiền,0.619,175.0,m²,1.0,2.0,,5.4,"Thị Trấn Cầu Quan, Huyện Tiểu Cần, Trà Vinh",Trà Vinh,Huyện Tiểu Cần,Giấy tờ hợp lệ,,31.0
5146,Nhà hẻm ngõ,1.19,75.0,m²,2.0,1.0,,15.0,"Phường 7, TP. Trà Vinh, Trà Vinh",Trà Vinh,TP. Trà Vinh,Giấy tờ hợp lệ,Tây Bắc,5.0
5147,Nhà hẻm ngõ,1.15,8200.0,m²,3.0,2.0,,136.0,"Xã Phước Hưng, Huyện Trà Cú, Trà Vinh",Trà Vinh,Huyện Trà Cú,Giấy tờ hợp lệ,Đông Nam,60.0
5148,Nhà hẻm ngõ,0.4,47.0,m²,2.0,1.0,,10.0,"Phường 5, TP. Trà Vinh, Trà Vinh",Trà Vinh,TP. Trà Vinh,Giấy tờ hợp lệ,,4.5
5149,Nhà mặt tiền,5.2,376.0,m²,15.0,17.0,1.0,58.0,"376, Đường Quốc lộ 60, Xã Phú Cần, Huyện Tiểu Cần, Trà Vinh",Trà Vinh,Huyện Tiểu Cần,Sổ hồng,Đông,8.0
5150,Nhà mặt tiền,0.619,175.0,m²,1.0,2.0,,5.4,"Thị Trấn Cầu Quan, Huyện Tiểu Cần, Trà Vinh",Trà Vinh,Huyện Tiểu Cần,Giấy tờ hợp lệ,,31.0
5151,Nhà hẻm ngõ,1.19,75.0,m²,2.0,1.0,,15.0,"Phường 7, TP. Trà Vinh, Trà Vinh",Trà Vinh,TP. Trà Vinh,Giấy tờ hợp lệ,Tây Bắc,5.0
5152,Nhà hẻm ngõ,1.15,8200.0,m²,3.0,2.0,,136.0,"Xã Phước Hưng, Huyện Trà Cú, Trà Vinh",Trà Vinh,Huyện Trà Cú,Giấy tờ hợp lệ,Đông Nam,60.0
5153,Nhà hẻm ngõ,0.4,47.0,m²,2.0,1.0,,10.0,"Phường 5, TP. Trà Vinh, Trà Vinh",Trà Vinh,TP. Trà Vinh,Giấy tờ hợp lệ,,4.5
5154,Nhà mặt tiền,5.2,376.0,m²,15.0,17.0,1.0,58.0,"376, Đường Quốc lộ 60, Xã Phú Cần, Huyện Tiểu Cần, Trà Vinh",Trà Vinh,Huyện Tiểu Cần,Sổ hồng,Đông,8.0
5155,Nhà mặt tiền,0.619,175.0,m²,1.0,2.0,,5.4,"Thị Trấn Cầu Quan, Huyện Tiểu Cần, Trà Vinh",Trà Vinh,Huyện Tiểu Cần,Giấy tờ hợp lệ,,31.0
5156,Nhà hẻm ngõ,1.19,75.0,m²,2.0,1.0,,15.0,"Phường 7, TP. Trà Vinh, Trà Vinh",Trà Vinh,TP. Trà Vinh,Giấy tờ hợp lệ,Tây Bắc,5.0
5157,Nhà hẻm ngõ,1.15,8200.0,m²,3.0,2.0,,136.0,"Xã Phước Hưng, Huyện Trà Cú, Trà Vinh",Trà Vinh,Huyện Trà Cú,Giấy tờ hợp lệ,Đông Nam,60.0
5158,Nhà hẻm ngõ,0.4,47.0,m²,2.0,1.0,,10.0,"Phường 5, TP. Trà Vinh, Trà Vinh",Trà Vinh,TP. Trà Vinh,Giấy tờ hợp lệ,,4.5
5159,Nhà mặt tiền,5.2,376.0,m²,15.0,17.0,1.0,58.0,"376, Đường Quốc lộ 60, Xã Phú Cần, Huyện Tiểu Cần, Trà Vinh",Trà Vinh,Huyện Tiểu Cần,Sổ hồng,Đông,8.0
5160,Nhà mặt tiền,0.619,175.0,m²,1.0,2.0,,5.4,"Thị Trấn Cầu Quan, Huyện Tiểu Cần, Trà Vinh",Trà Vinh,Huyện Tiểu Cần,Giấy tờ hợp lệ,,31.0
5161,Nhà hẻm ngõ,1.19,75.0,m²,2.0,1.0,,15.0,"Phường 7, TP. Trà Vinh, Trà Vinh",Trà Vinh,TP. Trà Vinh,Giấy tờ hợp lệ,Tây Bắc,5.0
5162,Nhà hẻm ngõ,1.15,8200.0,m²,3.0,2.0,,136.0,"Xã Phước Hưng, Huyện Trà Cú, Trà Vinh",Trà Vinh,Huyện Trà Cú,Giấy tờ hợp lệ,Đông Nam,60.0
5163,Nhà hẻm ngõ,0.4,47.0,m²,2.0,1.0,,10.0,"Phường 5, TP. Trà Vinh, Trà Vinh",Trà Vinh,TP. Trà Vinh,Giấy tờ hợp lệ,,4.5
5164,Nhà mặt tiền,5.2,376.0,m²,15.0,17.0,1.0,58.0,"376, Đường Quốc lộ 60, Xã Phú Cần, Huyện Tiểu Cần, Trà Vinh",Trà Vinh,Huyện Tiểu Cần,Sổ hồng,Đông,8.0
5165,Nhà mặt tiền,0.619,175.0,m²,1.0,2.0,,5.4,"Thị Trấn Cầu Quan, Huyện Tiểu Cần, Trà Vinh",Trà Vinh,Huyện Tiểu Cần,Giấy tờ hợp lệ,,31.0
5166,Nhà hẻm ngõ,1.19,75.0,m²,2.0,1.0,,15.0,"Phường 7, TP. Trà Vinh, Trà Vinh",Trà Vinh,TP. Trà Vinh,Giấy tờ hợp lệ,Tây Bắc,5.0
5167,Nhà hẻm ngõ,1.15,8200.0,m²,3.0,2.0,,136.0,"Xã Phước Hưng, Huyện Trà Cú, Trà Vinh",Trà Vinh,Huyện Trà Cú,Giấy tờ hợp lệ,Đông Nam,60.0
5168,Nhà hẻm ngõ,0.4,47.0,m²,2.0,1.0,,10.0,"Phường 5, TP. Trà Vinh, Trà Vinh",Trà Vinh,TP. Trà Vinh,Giấy tờ hợp lệ,,4.5
5169,Nhà mặt tiền,5.2,376.0,m²,15.0,17.0,1.0,58.0,"376, Đường Quốc lộ 60, Xã Phú Cần, Huyện Tiểu Cần, Trà Vinh",Trà Vinh,Huyện Tiểu Cần,Sổ hồng,Đông,8.0
5170,Nhà mặt tiền,0.619,175.0,m²,1.0,2.0,,5.4,"Thị Trấn Cầu Quan, Huyện Tiểu Cần, Trà Vinh",Trà Vinh,Huyện Tiểu Cần,Giấy tờ hợp lệ,,31.0
5171,Nhà hẻm ngõ,1.19,75.0,m²,2.0,1.0,,15.0,"Phường 7, TP. Trà Vinh, Trà Vinh",Trà Vinh,TP. Trà Vinh,Giấy tờ hợp lệ,Tây Bắc,5.0
5172,Nhà hẻm ngõ,1.15,8200.0,m²,3.0,2.0,,136.0,"Xã Phước Hưng, Huyện Trà Cú, Trà Vinh",Trà Vinh,Huyện Trà Cú,Giấy tờ hợp lệ,Đông Nam,60.0
5173,Nhà hẻm ngõ,0.4,47.0,m²,2.0,1.0,,10.0,"Phường 5, TP. Trà Vinh, Trà Vinh",Trà Vinh,TP. Trà Vinh,Giấy tờ hợp lệ,,4.5
5174,Nhà mặt tiền,5.2,376.0,m²,15.0,17.0,1.0,58.0,"376, Đường Quốc lộ 60, Xã Phú Cần, Huyện Tiểu Cần, Trà Vinh",Trà Vinh,Huyện Tiểu Cần,Sổ hồng,Đông,8.0
5175,Nhà mặt tiền,0.619,175.0,m²,1.0,2.0,,5.4,"Thị Trấn Cầu Quan, Huyện Tiểu Cần, Trà Vinh",Trà Vinh,Huyện Tiểu Cần,Giấy tờ hợp lệ,,31.0
5176,Nhà hẻm ngõ,1.19,75.0,m²,2.0,1.0,,15.0,"Phường 7, TP. Trà Vinh, Trà Vinh",Trà Vinh,TP. Trà Vinh,Giấy tờ hợp lệ,Tây Bắc,5.0
5177,Nhà hẻm ngõ,1.15,8200.0,m²,3.0,2.0,,136.0,"Xã Phước Hưng, Huyện Trà Cú, Trà Vinh",Trà Vinh,Huyện Trà Cú,Giấy tờ hợp lệ,Đông Nam,60.0
5178,Nhà hẻm ngõ,0.4,47.0,m²,2.0,1.0,,10.0,"Phường 5, TP. Trà Vinh, Trà Vinh",Trà Vinh,TP. Trà Vinh,Giấy tờ hợp lệ,,4.5
5179,Nhà mặt tiền,5.2,376.0,m²,15.0,17.0,1.0,58.0,"376, Đường Quốc lộ 60, Xã Phú Cần, Huyện Tiểu Cần, Trà Vinh",Trà Vinh,Huyện Tiểu Cần,Sổ hồng,Đông,8.0
5180,Nhà mặt tiền,0.619,175.0,m²,1.0,2.0,,5.4,"Thị Trấn Cầu Quan, Huyện Tiểu Cần, Trà Vinh",Trà Vinh,Huyện Tiểu Cần,Giấy tờ hợp lệ,,31.0
5181,Nhà hẻm ngõ,1.19,75.0,m²,2.0,1.0,,15.0,"Phường 7, TP. Trà Vinh, Trà Vinh",Trà Vinh,TP. Trà Vinh,Giấy tờ hợp lệ,Tây Bắc,5.0
5182,Nhà hẻm ngõ,1.15,8200.0,m²,3.0,2.0,,136.0,"Xã Phước Hưng, Huyện Trà Cú, Trà Vinh",Trà Vinh,Huyện Trà Cú,Giấy tờ hợp lệ,Đông Nam,60.0
5183,Nhà hẻm ngõ,0.4,47.0,m²,2.0,1.0,,10.0,"Phường 5, TP. Trà Vinh, Trà Vinh",Trà Vinh,TP. Trà Vinh,Giấy tờ hợp lệ,,4.5
5184,Nhà mặt tiền,5.2,376.0,m²,15.0,17.0,1.0,58.0,"376, Đường Quốc lộ 60, Xã Phú Cần, Huyện Tiểu Cần, Trà Vinh",Trà Vinh,Huyện Tiểu Cần,Sổ hồng,Đông,8.0
5185,Nhà mặt tiền,0.619,175.0,m²,1.0,2.0,,5.4,"Thị Trấn Cầu Quan, Huyện Tiểu Cần, Trà Vinh",Trà Vinh,Huyện Tiểu Cần,Giấy tờ hợp lệ,,31.0
5186,Nhà hẻm ngõ,1.19,75.0,m²,2.0,1.0,,15.0,"Phường 7, TP. Trà Vinh, Trà Vinh",Trà Vinh,TP. Trà Vinh,Giấy tờ hợp lệ,Tây Bắc,5.0
5187,Nhà hẻm ngõ,1.15,8200.0,m²,3.0,2.0,,136.0,"Xã Phước Hưng, Huyện Trà Cú, Trà Vinh",Trà Vinh,Huyện Trà Cú,Giấy tờ hợp lệ,Đông Nam,60.0
5188,Nhà hẻm ngõ,0.4,47.0,m²,2.0,1.0,,10.0,"Phường 5, TP. Trà Vinh, Trà Vinh",Trà Vinh,TP. Trà Vinh,Giấy tờ hợp lệ,,4.5
5189,Nhà mặt tiền,5.2,376.0,m²,15.0,17.0,1.0,58.0,"376, Đường Quốc lộ 60, Xã Phú Cần, Huyện Tiểu Cần, Trà Vinh",Trà Vinh,Huyện Tiểu Cần,Sổ hồng,Đông,8.0
5190,Nhà mặt tiền,0.619,175.0,m²,1.0,2.0,,5.4,"Thị Trấn Cầu Quan, Huyện Tiểu Cần, Trà Vinh",Trà Vinh,Huyện Tiểu Cần,Giấy tờ hợp lệ,,31.0
5191,Nhà hẻm ngõ,1.19,75.0,m²,2.0,1.0,,15.0,"Phường 7, TP. Trà Vinh, Trà Vinh",Trà Vinh,TP. Trà Vinh,Giấy tờ hợp lệ,Tây Bắc,5.0
5192,Nhà hẻm ngõ,1.15,8200.0,m²,3.0,2.0,,136.0,"Xã Phước Hưng, Huyện Trà Cú, Trà Vinh",Trà Vinh,Huyện Trà Cú,Giấy tờ hợp lệ,Đông Nam,60.0
5193,Nhà hẻm ngõ,0.4,47.0,m²,2.0,1.0,,10.0,"Phường 5, TP. Trà Vinh, Trà Vinh",Trà Vinh,TP. Trà Vinh,Giấy tờ hợp lệ,,4.5
5194,Nhà mặt tiền,5.2,376.0,m²,15.0,17.0,1.0,58.0,"376, Đường Quốc lộ 60, Xã Phú Cần, Huyện Tiểu Cần, Trà Vinh",Trà Vinh,Huyện Tiểu Cần,Sổ hồng,Đông,8.0
5195,Nhà mặt tiền,0.619,175.0,m²,1.0,2.0,,5.4,"Thị Trấn Cầu Quan, Huyện Tiểu Cần, Trà Vinh",Trà Vinh,Huyện Tiểu Cần,Giấy tờ hợp lệ,,31.0
5196,Nhà hẻm ngõ,1.19,75.0,m²,2.0,1.0,,15.0,"Phường 7, TP. Trà Vinh, Trà Vinh",Trà Vinh,TP. Trà Vinh,Giấy tờ hợp lệ,Tây Bắc,5.0
5197,Nhà hẻm ngõ,1.15,8200.0,m²,3.0,2.0,,136.0,"Xã Phước Hưng, Huyện Trà Cú, Trà Vinh",Trà Vinh,Huyện Trà Cú,Giấy tờ hợp lệ,Đông Nam,60.0
5198,Nhà hẻm ngõ,0.4,47.0,m²,2.0,1.0,,10.0,"Phường 5, TP. Trà Vinh, Trà Vinh",Trà Vinh,TP. Trà Vinh,Giấy tờ hợp lệ,,4.5
5199,Nhà mặt tiền,5.2,376.0,m²,15.0,17.0,1.0,58.0,"376, Đường Quốc lộ 60, Xã Phú Cần, Huyện Tiểu Cần, Trà Vinh",Trà Vinh,Huyện Tiểu Cần,Sổ hồng,Đông,8.0
5200,Nhà mặt tiền,0.619,175.0,m²,1.0,2.0,,5.4,"Thị Trấn Cầu Quan, Huyện Tiểu Cần, Trà Vinh",Trà Vinh,Huyện Tiểu Cần,Giấy tờ hợp lệ,,31.0
5201,Nhà hẻm ngõ,1.19,75.0,m²,2.0,1.0,,15.0,"Phường 7, TP. Trà Vinh, Trà Vinh",Trà Vinh,TP. Trà Vinh,Giấy tờ hợp lệ,Tây Bắc,5.0
5202,Nhà hẻm ngõ,1.15,8200.0,m²,3.0,2.0,,136.0,"Xã Phước Hưng, Huyện Trà Cú, Trà Vinh",Trà Vinh,Huyện Trà Cú,Giấy tờ hợp lệ,Đông Nam,60.0
5203,Nhà hẻm ngõ,0.4,47.0,m²,2.0,1.0,,10.0,"Phường 5, TP. Trà Vinh, Trà Vinh",Trà Vinh,TP. Trà Vinh,Giấy tờ hợp lệ,,4.5
5204,Nhà mặt tiền,5.2,376.0,m²,15.0,17.0,1.0,58.0,"376, Đường Quốc lộ 60, Xã Phú Cần, Huyện Tiểu Cần, Trà Vinh",Trà Vinh,Huyện Tiểu Cần,Sổ hồng,Đông,8.0
5205,Nhà mặt tiền,0.619,175.0,m²,1.0,2.0,,5.4,"Thị Trấn Cầu Quan, Huyện Tiểu Cần, Trà Vinh",Trà Vinh,Huyện Tiểu Cần,Giấy tờ hợp lệ,,31.0
5206,Nhà hẻm ngõ,1.19,75.0,m²,2.0,1.0,,15.0,"Phường 7, TP. Trà Vinh, Trà Vinh",Trà Vinh,TP. Trà Vinh,Giấy tờ hợp lệ,Tây Bắc,5.0
5207,Nhà hẻm ngõ,1.15,8200.0,m²,3.0,2.0,,136.0,"Xã Phước Hưng, Huyện Trà Cú, Trà Vinh",Trà Vinh,Huyện Trà Cú,Giấy tờ hợp lệ,Đông Nam,60.0
5208,Nhà hẻm ngõ,0.4,47.0,m²,2.0,1.0,,10.0,"Phường 5, TP. Trà Vinh, Trà Vinh",Trà Vinh,TP. Trà Vinh,Giấy tờ hợp lệ,,4.5
5209,Nhà mặt tiền,5.2,376.0,m²,15.0,17.0,1.0,58.0,"376, Đường Quốc lộ 60, Xã Phú Cần, Huyện Tiểu Cần, Trà Vinh",Trà Vinh,Huyện Tiểu Cần,Sổ hồng,Đông,8.0
5210,Nhà mặt tiền,0.619,175.0,m²,1.0,2.0,,5.4,"Thị Trấn Cầu Quan, Huyện Tiểu Cần, Trà Vinh",Trà Vinh,Huyện Tiểu Cần,Giấy tờ hợp lệ,,31.0
5211,Nhà hẻm ngõ,1.19,75.0,m²,2.0,1.0,,15.0,"Phường 7, TP. Trà Vinh, Trà Vinh",Trà Vinh,TP. Trà Vinh,Giấy tờ hợp lệ,Tây Bắc,5.0
5212,Nhà hẻm ngõ,1.15,8200.0,m²,3.0,2.0,,136.0,"Xã Phước Hưng, Huyện Trà Cú, Trà Vinh",Trà Vinh,Huyện Trà Cú,Giấy tờ hợp lệ,Đông Nam,60.0
5213,Nhà hẻm ngõ,0.4,47.0,m²,2.0,1.0,,10.0,"Phường 5, TP. Trà Vinh, Trà Vinh",Trà Vinh,TP. Trà Vinh,Giấy tờ hợp lệ,,4.5
5214,Nhà mặt tiền,5.2,376.0,m²,15.0,17.0,1.0,58.0,"376, Đường Quốc lộ 60, Xã Phú Cần, Huyện Tiểu Cần, Trà Vinh",Trà Vinh,Huyện Tiểu Cần,Sổ hồng,Đông,8.0
5215,Nhà mặt tiền,0.619,175.0,m²,1.0,2.0,,5.4,"Thị Trấn Cầu Quan, Huyện Tiểu Cần, Trà Vinh",Trà Vinh,Huyện Tiểu Cần,Giấy tờ hợp lệ,,31.0
5216,Nhà hẻm ngõ,1.19,75.0,m²,2.0,1.0,,15.0,"Phường 7, TP. Trà Vinh, Trà Vinh",Trà Vinh,TP. Trà Vinh,Giấy tờ hợp lệ,Tây Bắc,5.0
5217,Nhà hẻm ngõ,1.15,8200.0,m²,3.0,2.0,,136.0,"Xã Phước Hưng, Huyện Trà Cú, Trà Vinh",Trà Vinh,Huyện Trà Cú,Giấy tờ hợp lệ,Đông Nam,60.0
5218,Nhà hẻm ngõ,0.4,47.0,m²,2.0,1.0,,10.0,"Phường 5, TP. Trà Vinh, Trà Vinh",Trà Vinh,TP. Trà Vinh,Giấy tờ hợp lệ,,4.5
5219,Nhà mặt tiền,5.2,376.0,m²,15.0,17.0,1.0,58.0,"376, Đường Quốc lộ 60, Xã Phú Cần, Huyện Tiểu Cần, Trà Vinh",Trà Vinh,Huyện Tiểu Cần,Sổ hồng,Đông,8.0
5220,Nhà mặt tiền,0.619,175.0,m²,1.0,2.0,,5.4,"Thị Trấn Cầu Quan, Huyện Tiểu Cần, Trà Vinh",Trà Vinh,Huyện Tiểu Cần,Giấy tờ hợp lệ,,31.0
5221,Nhà hẻm ngõ,1.19,75.0,m²,2.0,1.0,,15.0,"Phường 7, TP. Trà Vinh, Trà Vinh",Trà Vinh,TP. Trà Vinh,Giấy tờ hợp lệ,Tây Bắc,5.0
5222,Nhà hẻm ngõ,1.15,8200.0,m²,3.0,2.0,,136.0,"Xã Phước Hưng, Huyện Trà Cú, Trà Vinh",Trà Vinh,Huyện Trà Cú,Giấy tờ hợp lệ,Đông Nam,60.0
5223,Nhà hẻm ngõ,0.4,47.0,m²,2.0,1.0,,10.0,"Phường 5, TP. Trà Vinh, Trà Vinh",Trà Vinh,TP. Trà Vinh,Giấy tờ hợp lệ,,4.5
5224,Nhà mặt tiền,5.2,376.0,m²,15.0,17.0,1.0,58.0,"376, Đường Quốc lộ 60, Xã Phú Cần, Huyện Tiểu Cần, Trà Vinh",Trà Vinh,Huyện Tiểu Cần,Sổ hồng,Đông,8.0
5225,Nhà mặt tiền,0.619,175.0,m²,1.0,2.0,,5.4,"Thị Trấn Cầu Quan, Huyện Tiểu Cần, Trà Vinh",Trà Vinh,Huyện Tiểu Cần,Giấy tờ hợp lệ,,31.0
5226,Nhà hẻm ngõ,1.19,75.0,m²,2.0,1.0,,15.0,"Phường 7, TP. Trà Vinh, Trà Vinh",Trà Vinh,TP. Trà Vinh,Giấy tờ hợp lệ,Tây Bắc,5.0
5227,Nhà hẻm ngõ,1.15,8200.0,m²,3.0,2.0,,136.0,"Xã Phước Hưng, Huyện Trà Cú, Trà Vinh",Trà Vinh,Huyện Trà Cú,Giấy tờ hợp lệ,Đông Nam,60.0
5228,Nhà hẻm ngõ,0.4,47.0,m²,2.0,1.0,,10.0,"Phường 5, TP. Trà Vinh, Trà Vinh",Trà Vinh,TP. Trà Vinh,Giấy tờ hợp lệ,,4.5
5229,Nhà mặt tiền,5.2,376.0,m²,15.0,17.0,1.0,58.0,"376, Đường Quốc lộ 60, Xã Phú Cần, Huyện Tiểu Cần, Trà Vinh",Trà Vinh,Huyện Tiểu Cần,Sổ hồng,Đông,8.0
5230,Nhà mặt tiền,0.619,175.0,m²,1.0,2.0,,5.4,"Thị Trấn Cầu Quan, Huyện Tiểu Cần, Trà Vinh",Trà Vinh,Huyện Tiểu Cần,Giấy tờ hợp lệ,,31.0
5231,Nhà hẻm ngõ,1.19,75.0,m²,2.0,1.0,,15.0,"Phường 7, TP. Trà Vinh, Trà Vinh",Trà Vinh,TP. Trà Vinh,Giấy tờ hợp lệ,Tây Bắc,5.0
5232,Nhà hẻm ngõ,1.15,8200.0,m²,3.0,2.0,,136.0,"Xã Phước Hưng, Huyện Trà Cú, Trà Vinh",Trà Vinh,Huyện Trà Cú,Giấy tờ hợp lệ,Đông Nam,60.0
5233,Nhà hẻm ngõ,0.4,47.0,m²,2.0,1.0,,10.0,"Phường 5, TP. Trà Vinh, Trà Vinh",Trà Vinh,TP. Trà Vinh,Giấy tờ hợp lệ,,4.5
5234,Nhà mặt tiền,5.2,376.0,m²,15.0,17.0,1.0,58.0,"376, Đường Quốc lộ 60, Xã Phú Cần, Huyện Tiểu Cần, Trà Vinh",Trà Vinh,Huyện Tiểu Cần,Sổ hồng,Đông,8.0
5235,Nhà mặt tiền,0.619,175.0,m²,1.0,2.0,,5.4,"Thị Trấn Cầu Quan, Huyện Tiểu Cần, Trà Vinh",Trà Vinh,Huyện Tiểu Cần,Giấy tờ hợp lệ,,31.0
5236,Nhà hẻm ngõ,1.19,75.0,m²,2.0,1.0,,15.0,"Phường 7, TP. Trà Vinh, Trà Vinh",Trà Vinh,TP. Trà Vinh,Giấy tờ hợp lệ,Tây Bắc,5.0
5237,Nhà hẻm ngõ,1.15,8200.0,m²,3.0,2.0,,136.0,"Xã Phước Hưng, Huyện Trà Cú, Trà Vinh",Trà Vinh,Huyện Trà Cú,Giấy tờ hợp lệ,Đông Nam,60.0
5238,Nhà hẻm ngõ,0.4,47.0,m²,2.0,1.0,,10.0,"Phường 5, TP. Trà Vinh, Trà Vinh",Trà Vinh,TP. Trà Vinh,Giấy tờ hợp lệ,,4.5
5239,Nhà mặt tiền,5.2,376.0,m²,15.0,17.0,1.0,58.0,"376, Đường Quốc lộ 60, Xã Phú Cần, Huyện Tiểu Cần, Trà Vinh",Trà Vinh,Huyện Tiểu Cần,Sổ hồng,Đông,8.0
5240,Nhà mặt tiền,0.619,175.0,m²,1.0,2.0,,5.4,"Thị Trấn Cầu Quan, Huyện Tiểu Cần, Trà Vinh",Trà Vinh,Huyện Tiểu Cần,Giấy tờ hợp lệ,,31.0
5241,Nhà hẻm ngõ,1.19,75.0,m²,2.0,1.0,,15.0,"Phường 7, TP. Trà Vinh, Trà Vinh",Trà Vinh,TP. Trà Vinh,Giấy tờ hợp lệ,Tây Bắc,5.0
5242,Nhà hẻm ngõ,1.15,8200.0,m²,3.0,2.0,,136.0,"Xã Phước Hưng, Huyện Trà Cú, Trà Vinh",Trà Vinh,Huyện Trà Cú,Giấy tờ hợp lệ,Đông Nam,60.0
5243,Nhà hẻm ngõ,0.4,47.0,m²,2.0,1.0,,10.0,"Phường 5, TP. Trà Vinh, Trà Vinh",Trà Vinh,TP. Trà Vinh,Giấy tờ hợp lệ,,4.5
5244,Nhà mặt tiền,5.2,376.0,m²,15.0,17.0,1.0,58.0,"376, Đường Quốc lộ 60, Xã Phú Cần, Huyện Tiểu Cần, Trà Vinh",Trà Vinh,Huyện Tiểu Cần,Sổ hồng,Đông,8.0
5245,Nhà mặt tiền,0.619,175.0,m²,1.0,2.0,,5.4,"Thị Trấn Cầu Quan, Huyện Tiểu Cần, Trà Vinh",Trà Vinh,Huyện Tiểu Cần,Giấy tờ hợp lệ,,31.0
5246,Nhà hẻm ngõ,1.19,75.0,m²,2.0,1.0,,15.0,"Phường 7, TP. Trà Vinh, Trà Vinh",Trà Vinh,TP. Trà Vinh,Giấy tờ hợp lệ,Tây Bắc,5.0
5247,Nhà hẻm ngõ,1.15,8200.0,m²,3.0,2.0,,136.0,"Xã Phước Hưng, Huyện Trà Cú, Trà Vinh",Trà Vinh,Huyện Trà Cú,Giấy tờ hợp lệ,Đông Nam,60.0
5248,Nhà hẻm ngõ,0.4,47.0,m²,2.0,1.0,,10.0,"Phường 5, TP. Trà Vinh, Trà Vinh",Trà Vinh,TP. Trà Vinh,Giấy tờ hợp lệ,,4.5
5249,Nhà mặt tiền,5.2,376.0,m²,15.0,17.0,1.0,58.0,"376, Đường Quốc lộ 60, Xã Phú Cần, Huyện Tiểu Cần, Trà Vinh",Trà Vinh,Huyện Tiểu Cần,Sổ hồng,Đông,8.0
5250,Nhà mặt tiền,0.619,175.0,m²,1.0,2.0,,5.4,"Thị Trấn Cầu Quan, Huyện Tiểu Cần, Trà Vinh",Trà Vinh,Huyện Tiểu Cần,Giấy tờ hợp lệ,,31.0
5251,Nhà hẻm ngõ,1.19,75.0,m²,2.0,1.0,,15.0,"Phường 7, TP. Trà Vinh, Trà Vinh",Trà Vinh,TP. Trà Vinh,Giấy tờ hợp lệ,Tây Bắc,5.0
5252,Nhà hẻm ngõ,1.15,8200.0,m²,3.0,2.0,,136.0,"Xã Phước Hưng, Huyện Trà Cú, Trà Vinh",Trà Vinh,Huyện Trà Cú,Giấy tờ hợp lệ,Đông Nam,60.0
5253,Nhà hẻm ngõ,0.4,47.0,m²,2.0,1.0,,10.0,"Phường 5, TP. Trà Vinh, Trà Vinh",Trà Vinh,TP. Trà Vinh,Giấy tờ hợp lệ,,4.5
5254,Nhà mặt tiền,5.2,376.0,m²,15.0,17.0,1.0,58.0,"376, Đường Quốc lộ 60, Xã Phú Cần, Huyện Tiểu Cần, Trà Vinh",Trà Vinh,Huyện Tiểu Cần,Sổ hồng,Đông,8.0
5255,Nhà mặt tiền,0.619,175.0,m²,1.0,2.0,,5.4,"Thị Trấn Cầu Quan, Huyện Tiểu Cần, Trà Vinh",Trà Vinh,Huyện Tiểu Cần,Giấy tờ hợp lệ,,31.0
5256,Nhà hẻm ngõ,1.19,75.0,m²,2.0,1.0,,15.0,"Phường 7, TP. Trà Vinh, Trà Vinh",Trà Vinh,TP. Trà Vinh,Giấy tờ hợp lệ,Tây Bắc,5.0
5257,Nhà hẻm ngõ,1.15,8200.0,m²,3.0,2.0,,136.0,"Xã Phước Hưng, Huyện Trà Cú, Trà Vinh",Trà Vinh,Huyện Trà Cú,Giấy tờ hợp lệ,Đông Nam,60.0
5258,Nhà hẻm ngõ,0.4,47.0,m²,2.0,1.0,,10.0,"Phường 5, TP. Trà Vinh, Trà Vinh",Trà Vinh,TP. Trà Vinh,Giấy tờ hợp lệ,,4.5
5259,Nhà mặt tiền,5.2,376.0,m²,15.0,17.0,1.0,58.0,"376, Đường Quốc lộ 60, Xã Phú Cần, Huyện Tiểu Cần, Trà Vinh",Trà Vinh,Huyện Tiểu Cần,Sổ hồng,Đông,8.0
5260,Nhà mặt tiền,0.619,175.0,m²,1.0,2.0,,5.4,"Thị Trấn Cầu Quan, Huyện Tiểu Cần, Trà Vinh",Trà Vinh,Huyện Tiểu Cần,Giấy tờ hợp lệ,,31.0
5261,Nhà hẻm ngõ,1.19,75.0,m²,2.0,1.0,,15.0,"Phường 7, TP. Trà Vinh, Trà Vinh",Trà Vinh,TP. Trà Vinh,Giấy tờ hợp lệ,Tây Bắc,5.0
5262,Nhà hẻm ngõ,1.15,8200.0,m²,3.0,2.0,,136.0,"Xã Phước Hưng, Huyện Trà Cú, Trà Vinh",Trà Vinh,Huyện Trà Cú,Giấy tờ hợp lệ,Đông Nam,60.0
5263,Nhà hẻm ngõ,0.4,47.0,m²,2.0,1.0,,10.0,"Phường 5, TP. Trà Vinh, Trà Vinh",Trà Vinh,TP. Trà Vinh,Giấy tờ hợp lệ,,4.5
5264,Nhà mặt tiền,5.2,376.0,m²,15.0,17.0,1.0,58.0,"376, Đường Quốc lộ 60, Xã Phú Cần, Huyện Tiểu Cần, Trà Vinh",Trà Vinh,Huyện Tiểu Cần,Sổ hồng,Đông,8.0
5265,Nhà mặt tiền,0.619,175.0,m²,1.0,2.0,,5.4,"Thị Trấn Cầu Quan, Huyện Tiểu Cần, Trà Vinh",Trà Vinh,Huyện Tiểu Cần,Giấy tờ hợp lệ,,31.0
5266,Nhà hẻm ngõ,1.19,75.0,m²,2.0,1.0,,15.0,"Phường 7, TP. Trà Vinh, Trà Vinh",Trà Vinh,TP. Trà Vinh,Giấy tờ hợp lệ,Tây Bắc,5.0
5267,Nhà hẻm ngõ,1.15,8200.0,m²,3.0,2.0,,136.0,"Xã Phước Hưng, Huyện Trà Cú, Trà Vinh",Trà Vinh,Huyện Trà Cú,Giấy tờ hợp lệ,Đông Nam,60.0
5268,Nhà hẻm ngõ,0.4,47.0,m²,2.0,1.0,,10.0,"Phường 5, TP. Trà Vinh, Trà Vinh",Trà Vinh,TP. Trà Vinh,Giấy tờ hợp lệ,,4.5
5269,Nhà mặt tiền,5.2,376.0,m²,15.0,17.0,1.0,58.0,"376, Đường Quốc lộ 60, Xã Phú Cần, Huyện Tiểu Cần, Trà Vinh",Trà Vinh,Huyện Tiểu Cần,Sổ hồng,Đông,8.0
5270,Nhà mặt tiền,0.619,175.0,m²,1.0,2.0,,5.4,"Thị Trấn Cầu Quan, Huyện Tiểu Cần, Trà Vinh",Trà Vinh,Huyện Tiểu Cần,Giấy tờ hợp lệ,,31.0
5271,Nhà hẻm ngõ,1.19,75.0,m²,2.0,1.0,,15.0,"Phường 7, TP. Trà Vinh, Trà Vinh",Trà Vinh,TP. Trà Vinh,Giấy tờ hợp lệ,Tây Bắc,5.0
5272,Nhà hẻm ngõ,1.15,8200.0,m²,3.0,2.0,,136.0,"Xã Phước Hưng, Huyện Trà Cú, Trà Vinh",Trà Vinh,Huyện Trà Cú,Giấy tờ hợp lệ,Đông Nam,60.0
5273,Nhà hẻm ngõ,0.4,47.0,m²,2.0,1.0,,10.0,"Phường 5, TP. Trà Vinh, Trà Vinh",Trà Vinh,TP. Trà Vinh,Giấy tờ hợp lệ,,4.5
5274,Nhà mặt tiền,5.2,376.0,m²,15.0,17.0,1.0,58.0,"376, Đường Quốc lộ 60, Xã Phú Cần, Huyện Tiểu Cần, Trà Vinh",Trà Vinh,Huyện Tiểu Cần,Sổ hồng,Đông,8.0
5275,Nhà mặt tiền,0.619,175.0,m²,1.0,2.0,,5.4,"Thị Trấn Cầu Quan, Huyện Tiểu Cần, Trà Vinh",Trà Vinh,Huyện Tiểu Cần,Giấy tờ hợp lệ,,31.0
5276,Nhà hẻm ngõ,1.19,75.0,m²,2.0,1.0,,15.0,"Phường 7, TP. Trà Vinh, Trà Vinh",Trà Vinh,TP. Trà Vinh,Giấy tờ hợp lệ,Tây Bắc,5.0
5277,Nhà hẻm ngõ,1.15,8200.0,m²,3.0,2.0,,136.0,"Xã Phước Hưng, Huyện Trà Cú, Trà Vinh",Trà Vinh,Huyện Trà Cú,Giấy tờ hợp lệ,Đông Nam,60.0
5278,Nhà hẻm ngõ,0.4,47.0,m²,2.0,1.0,,10.0,"Phường 5, TP. Trà Vinh, Trà Vinh",Trà Vinh,TP. Trà Vinh,Giấy tờ hợp lệ,,4.5
5279,Nhà mặt tiền,5.2,376.0,m²,15.0,17.0,1.0,58.0,"376, Đường Quốc lộ 60, Xã Phú Cần, Huyện Tiểu Cần, Trà Vinh",Trà Vinh,Huyện Tiểu Cần,Sổ hồng,Đông,8.0
5280,Nhà mặt tiền,0.619,175.0,m²,1.0,2.0,,5.4,"Thị Trấn Cầu Quan, Huyện Tiểu Cần, Trà Vinh",Trà Vinh,Huyện Tiểu Cần,Giấy tờ hợp lệ,,31.0
5281,Nhà hẻm ngõ,1.19,75.0,m²,2.0,1.0,,15.0,"Phường 7, TP. Trà Vinh, Trà Vinh",Trà Vinh,TP. Trà Vinh,Giấy tờ hợp lệ,Tây Bắc,5.0
5282,Nhà hẻm ngõ,1.15,8200.0,m²,3.0,2.0,,136.0,"Xã Phước Hưng, Huyện Trà Cú, Trà Vinh",Trà Vinh,Huyện Trà Cú,Giấy tờ hợp lệ,Đông Nam,60.0
5283,Nhà hẻm ngõ,0.4,47.0,m²,2.0,1.0,,10.0,"Phường 5, TP. Trà Vinh, Trà Vinh",Trà Vinh,TP. Trà Vinh,Giấy tờ hợp lệ,,4.5
5284,Nhà mặt tiền,5.2,376.0,m²,15.0,17.0,1.0,58.0,"376, Đường Quốc lộ 60, Xã Phú Cần, Huyện Tiểu Cần, Trà Vinh",Trà Vinh,Huyện Tiểu Cần,Sổ hồng,Đông,8.0
5285,Nhà mặt tiền,0.619,175.0,m²,1.0,2.0,,5.4,"Thị Trấn Cầu Quan, Huyện Tiểu Cần, Trà Vinh",Trà Vinh,Huyện Tiểu Cần,Giấy tờ hợp lệ,,31.0
5286,Nhà hẻm ngõ,1.19,75.0,m²,2.0,1.0,,15.0,"Phường 7, TP. Trà Vinh, Trà Vinh",Trà Vinh,TP. Trà Vinh,Giấy tờ hợp lệ,Tây Bắc,5.0
5287,Nhà hẻm ngõ,1.15,8200.0,m²,3.0,2.0,,136.0,"Xã Phước Hưng, Huyện Trà Cú, Trà Vinh",Trà Vinh,Huyện Trà Cú,Giấy tờ hợp lệ,Đông Nam,60.0
5288,Nhà hẻm ngõ,0.4,47.0,m²,2.0,1.0,,10.0,"Phường 5, TP. Trà Vinh, Trà Vinh",Trà Vinh,TP. Trà Vinh,Giấy tờ hợp lệ,,4.5
5289,Nhà mặt tiền,5.2,376.0,m²,15.0,17.0,1.0,58.0,"376, Đường Quốc lộ 60, Xã Phú Cần, Huyện Tiểu Cần, Trà Vinh",Trà Vinh,Huyện Tiểu Cần,Sổ hồng,Đông,8.0
5290,Nhà mặt tiền,0.619,175.0,m²,1.0,2.0,,5.4,"Thị Trấn Cầu Quan, Huyện Tiểu Cần, Trà Vinh",Trà Vinh,Huyện Tiểu Cần,Giấy tờ hợp lệ,,31.0
5291,Nhà hẻm ngõ,1.19,75.0,m²,2.0,1.0,,15.0,"Phường 7, TP. Trà Vinh, Trà Vinh",Trà Vinh,TP. Trà Vinh,Giấy tờ hợp lệ,Tây Bắc,5.0
5292,Nhà hẻm ngõ,1.15,8200.0,m²,3.0,2.0,,136.0,"Xã Phước Hưng, Huyện Trà Cú, Trà Vinh",Trà Vinh,Huyện Trà Cú,Giấy tờ hợp lệ,Đông Nam,60.0
5293,Nhà hẻm ngõ,0.4,47.0,m²,2.0,1.0,,10.0,"Phường 5, TP. Trà Vinh, Trà Vinh",Trà Vinh,TP. Trà Vinh,Giấy tờ hợp lệ,,4.5
5294,Nhà mặt tiền,5.2,376.0,m²,15.0,17.0,1.0,58.0,"376, Đường Quốc lộ 60, Xã Phú Cần, Huyện Tiểu Cần, Trà Vinh",Trà Vinh,Huyện Tiểu Cần,Sổ hồng,Đông,8.0
5295,Nhà mặt tiền,0.619,175.0,m²,1.0,2.0,,5.4,"Thị Trấn Cầu Quan, Huyện Tiểu Cần, Trà Vinh",Trà Vinh,Huyện Tiểu Cần,Giấy tờ hợp lệ,,31.0
5296,Nhà hẻm ngõ,1.19,75.0,m²,2.0,1.0,,15.0,"Phường 7, TP. Trà Vinh, Trà Vinh",Trà Vinh,TP. Trà Vinh,Giấy tờ hợp lệ,Tây Bắc,5.0
5297,Nhà hẻm ngõ,1.15,8200.0,m²,3.0,2.0,,136.0,"Xã Phước Hưng, Huyện Trà Cú, Trà Vinh",Trà Vinh,Huyện Trà Cú,Giấy tờ hợp lệ,Đông Nam,60.0
5298,Nhà hẻm ngõ,0.4,47.0,m²,2.0,1.0,,10.0,"Phường 5, TP. Trà Vinh, Trà Vinh",Trà Vinh,TP. Trà Vinh,Giấy tờ hợp lệ,,4.5
5299,Nhà mặt tiền,5.2,376.0,m²,15.0,17.0,1.0,58.0,"376, Đường Quốc lộ 60, Xã Phú Cần, Huyện Tiểu Cần, Trà Vinh",Trà Vinh,Huyện Tiểu Cần,Sổ hồng,Đông,8.0
5300,Nhà mặt tiền,0.619,175.0,m²,1.0,2.0,,5.4,"Thị Trấn Cầu Quan, Huyện Tiểu Cần, Trà Vinh",Trà Vinh,Huyện Tiểu Cần,Giấy tờ hợp lệ,,31.0
5301,Nhà hẻm ngõ,1.19,75.0,m²,2.0,1.0,,15.0,"Phường 7, TP. Trà Vinh, Trà Vinh",Trà Vinh,TP. Trà Vinh,Giấy tờ hợp lệ,Tây Bắc,5.0
5302,Nhà hẻm ngõ,1.15,8200.0,m²,3.0,2.0,,136.0,"Xã Phước Hưng, Huyện Trà Cú, Trà Vinh",Trà Vinh,Huyện Trà Cú,Giấy tờ hợp lệ,Đông Nam,60.0
5303,Nhà hẻm ngõ,0.4,47.0,m²,2.0,1.0,,10.0,"Phường 5, TP. Trà Vinh, Trà Vinh",Trà Vinh,TP. Trà Vinh,Giấy tờ hợp lệ,,4.5
5304,Nhà mặt tiền,5.2,376.0,m²,15.0,17.0,1.0,58.0,"376, Đường Quốc lộ 60, Xã Phú Cần, Huyện Tiểu Cần, Trà Vinh",Trà Vinh,Huyện Tiểu Cần,Sổ hồng,Đông,8.0
5305,Nhà mặt tiền,0.619,175.0,m²,1.0,2.0,,5.4,"Thị Trấn Cầu Quan, Huyện Tiểu Cần, Trà Vinh",Trà Vinh,Huyện Tiểu Cần,Giấy tờ hợp lệ,,31.0
5306,Nhà hẻm ngõ,1.19,75.0,m²,2.0,1.0,,15.0,"Phường 7, TP. Trà Vinh, Trà Vinh",Trà Vinh,TP. Trà Vinh,Giấy tờ hợp lệ,Tây Bắc,5.0
5307,Nhà hẻm ngõ,1.15,8200.0,m²,3.0,2.0,,136.0,"Xã Phước Hưng, Huyện Trà Cú, Trà Vinh",Trà Vinh,Huyện Trà Cú,Giấy tờ hợp lệ,Đông Nam,60.0
5308,Nhà hẻm ngõ,0.4,47.0,m²,2.0,1.0,,10.0,"Phường 5, TP. Trà Vinh, Trà Vinh",Trà Vinh,TP. Trà Vinh,Giấy tờ hợp lệ,,4.5
5309,Nhà mặt tiền,5.2,376.0,m²,15.0,17.0,1.0,58.0,"376, Đường Quốc lộ 60, Xã Phú Cần, Huyện Tiểu Cần, Trà Vinh",Trà Vinh,Huyện Tiểu Cần,Sổ hồng,Đông,8.0
5310,Nhà mặt tiền,0.619,175.0,m²,1.0,2.0,,5.4,"Thị Trấn Cầu Quan, Huyện Tiểu Cần, Trà Vinh",Trà Vinh,Huyện Tiểu Cần,Giấy tờ hợp lệ,,31.0
5311,Nhà hẻm ngõ,1.19,75.0,m²,2.0,1.0,,15.0,"Phường 7, TP. Trà Vinh, Trà Vinh",Trà Vinh,TP. Trà Vinh,Giấy tờ hợp lệ,Tây Bắc,5.0
5312,Nhà hẻm ngõ,1.15,8200.0,m²,3.0,2.0,,136.0,"Xã Phước Hưng, Huyện Trà Cú, Trà Vinh",Trà Vinh,Huyện Trà Cú,Giấy tờ hợp lệ,Đông Nam,60.0
5313,Nhà hẻm ngõ,0.4,47.0,m²,2.0,1.0,,10.0,"Phường 5, TP. Trà Vinh, Trà Vinh",Trà Vinh,TP. Trà Vinh,Giấy tờ hợp lệ,,4.5
5314,Nhà mặt tiền,5.2,376.0,m²,15.0,17.0,1.0,58.0,"376, Đường Quốc lộ 60, Xã Phú Cần, Huyện Tiểu Cần, Trà Vinh",Trà Vinh,Huyện Tiểu Cần,Sổ hồng,Đông,8.0
5315,Nhà mặt tiền,0.619,175.0,m²,1.0,2.0,,5.4,"Thị Trấn Cầu Quan, Huyện Tiểu Cần, Trà Vinh",Trà Vinh,Huyện Tiểu Cần,Giấy tờ hợp lệ,,31.0
5316,Nhà hẻm ngõ,1.19,75.0,m²,2.0,1.0,,15.0,"Phường 7, TP. Trà Vinh, Trà Vinh",Trà Vinh,TP. Trà Vinh,Giấy tờ hợp lệ,Tây Bắc,5.0
5317,Nhà hẻm ngõ,1.15,8200.0,m²,3.0,2.0,,136.0,"Xã Phước Hưng, Huyện Trà Cú, Trà Vinh",Trà Vinh,Huyện Trà Cú,Giấy tờ hợp lệ,Đông Nam,60.0
5318,Nhà hẻm ngõ,0.4,47.0,m²,2.0,1.0,,10.0,"Phường 5, TP. Trà Vinh, Trà Vinh",Trà Vinh,TP. Trà Vinh,Giấy tờ hợp lệ,,4.5
5319,Nhà mặt tiền,5.2,376.0,m²,15.0,17.0,1.0,58.0,"376, Đường Quốc lộ 60, Xã Phú Cần, Huyện Tiểu Cần, Trà Vinh",Trà Vinh,Huyện Tiểu Cần,Sổ hồng,Đông,8.0
5320,Nhà mặt tiền,0.619,175.0,m²,1.0,2.0,,5.4,"Thị Trấn Cầu Quan, Huyện Tiểu Cần, Trà Vinh",Trà Vinh,Huyện Tiểu Cần,Giấy tờ hợp lệ,,31.0
5321,Nhà hẻm ngõ,1.19,75.0,m²,2.0,1.0,,15.0,"Phường 7, TP. Trà Vinh, Trà Vinh",Trà Vinh,TP. Trà Vinh,Giấy tờ hợp lệ,Tây Bắc,5.0
5322,Nhà hẻm ngõ,1.15,8200.0,m²,3.0,2.0,,136.0,"Xã Phước Hưng, Huyện Trà Cú, Trà Vinh",Trà Vinh,Huyện Trà Cú,Giấy tờ hợp lệ,Đông Nam,60.0
5323,Nhà hẻm ngõ,0.4,47.0,m²,2.0,1.0,,10.0,"Phường 5, TP. Trà Vinh, Trà Vinh",Trà Vinh,TP. Trà Vinh,Giấy tờ hợp lệ,,4.5
5324,Nhà mặt tiền,5.2,376.0,m²,15.0,17.0,1.0,58.0,"376, Đường Quốc lộ 60, Xã Phú Cần, Huyện Tiểu Cần, Trà Vinh",Trà Vinh,Huyện Tiểu Cần,Sổ hồng,Đông,8.0
5325,Nhà mặt tiền,0.619,175.0,m²,1.0,2.0,,5.4,"Thị Trấn Cầu Quan, Huyện Tiểu Cần, Trà Vinh",Trà Vinh,Huyện Tiểu Cần,Giấy tờ hợp lệ,,31.0
5326,Nhà hẻm ngõ,1.19,75.0,m²,2.0,1.0,,15.0,"Phường 7, TP. Trà Vinh, Trà Vinh",Trà Vinh,TP. Trà Vinh,Giấy tờ hợp lệ,Tây Bắc,5.0
5327,Nhà hẻm ngõ,1.15,8200.0,m²,3.0,2.0,,136.0,"Xã Phước Hưng, Huyện Trà Cú, Trà Vinh",Trà Vinh,Huyện Trà Cú,Giấy tờ hợp lệ,Đông Nam,60.0
5328,Nhà hẻm ngõ,0.4,47.0,m²,2.0,1.0,,10.0,"Phường 5, TP. Trà Vinh, Trà Vinh",Trà Vinh,TP. Trà Vinh,Giấy tờ hợp lệ,,4.5
5329,Nhà mặt tiền,5.2,376.0,m²,15.0,17.0,1.0,58.0,"376, Đường Quốc lộ 60, Xã Phú Cần, Huyện Tiểu Cần, Trà Vinh",Trà Vinh,Huyện Tiểu Cần,Sổ hồng,Đông,8.0
5330,Nhà mặt tiền,0.619,175.0,m²,1.0,2.0,,5.4,"Thị Trấn Cầu Quan, Huyện Tiểu Cần, Trà Vinh",Trà Vinh,Huyện Tiểu Cần,Giấy tờ hợp lệ,,31.0
5331,Nhà hẻm ngõ,1.19,75.0,m²,2.0,1.0,,15.0,"Phường 7, TP. Trà Vinh, Trà Vinh",Trà Vinh,TP. Trà Vinh,Giấy tờ hợp lệ,Tây Bắc,5.0
5332,Nhà hẻm ngõ,1.15,8200.0,m²,3.0,2.0,,136.0,"Xã Phước Hưng, Huyện Trà Cú, Trà Vinh",Trà Vinh,Huyện Trà Cú,Giấy tờ hợp lệ,Đông Nam,60.0
5333,Nhà hẻm ngõ,0.4,47.0,m²,2.0,1.0,,10.0,"Phường 5, TP. Trà Vinh, Trà Vinh",Trà Vinh,TP. Trà Vinh,Giấy tờ hợp lệ,,4.5
5334,Nhà mặt tiền,5.2,376.0,m²,15.0,17.0,1.0,58.0,"376, Đường Quốc lộ 60, Xã Phú Cần, Huyện Tiểu Cần, Trà Vinh",Trà Vinh,Huyện Tiểu Cần,Sổ hồng,Đông,8.0
5335,Nhà mặt tiền,0.619,175.0,m²,1.0,2.0,,5.4,"Thị Trấn Cầu Quan, Huyện Tiểu Cần, Trà Vinh",Trà Vinh,Huyện Tiểu Cần,Giấy tờ hợp lệ,,31.0
5336,Nhà hẻm ngõ,1.19,75.0,m²,2.0,1.0,,15.0,"Phường 7, TP. Trà Vinh, Trà Vinh",Trà Vinh,TP. Trà Vinh,Giấy tờ hợp lệ,Tây Bắc,5.0
5337,Nhà hẻm ngõ,1.15,8200.0,m²,3.0,2.0,,136.0,"Xã Phước Hưng, Huyện Trà Cú, Trà Vinh",Trà Vinh,Huyện Trà Cú,Giấy tờ hợp lệ,Đông Nam,60.0
5338,Nhà hẻm ngõ,0.4,47.0,m²,2.0,1.0,,10.0,"Phường 5, TP. Trà Vinh, Trà Vinh",Trà Vinh,TP. Trà Vinh,Giấy tờ hợp lệ,,4.5
5339,Nhà mặt tiền,5.2,376.0,m²,15.0,17.0,1.0,58.0,"376, Đường Quốc lộ 60, Xã Phú Cần, Huyện Tiểu Cần, Trà Vinh",Trà Vinh,Huyện Tiểu Cần,Sổ hồng,Đông,8.0
5340,Nhà mặt tiền,0.619,175.0,m²,1.0,2.0,,5.4,"Thị Trấn Cầu Quan, Huyện Tiểu Cần, Trà Vinh",Trà Vinh,Huyện Tiểu Cần,Giấy tờ hợp lệ,,31.0
5341,Nhà hẻm ngõ,1.19,75.0,m²,2.0,1.0,,15.0,"Phường 7, TP. Trà Vinh, Trà Vinh",Trà Vinh,TP. Trà Vinh,Giấy tờ hợp lệ,Tây Bắc,5.0
5342,Nhà hẻm ngõ,1.15,8200.0,m²,3.0,2.0,,136.0,"Xã Phước Hưng, Huyện Trà Cú, Trà Vinh",Trà Vinh,Huyện Trà Cú,Giấy tờ hợp lệ,Đông Nam,60.0
5343,Nhà hẻm ngõ,0.4,47.0,m²,2.0,1.0,,10.0,"Phường 5, TP. Trà Vinh, Trà Vinh",Trà Vinh,TP. Trà Vinh,Giấy tờ hợp lệ,,4.5
5344,Nhà mặt tiền,5.2,376.0,m²,15.0,17.0,1.0,58.0,"376, Đường Quốc lộ 60, Xã Phú Cần, Huyện Tiểu Cần, Trà Vinh",Trà Vinh,Huyện Tiểu Cần,Sổ hồng,Đông,8.0
5345,Nhà mặt tiền,0.619,175.0,m²,1.0,2.0,,5.4,"Thị Trấn Cầu Quan, Huyện Tiểu Cần, Trà Vinh",Trà Vinh,Huyện Tiểu Cần,Giấy tờ hợp lệ,,31.0
5346,Nhà hẻm ngõ,1.19,75.0,m²,2.0,1.0,,15.0,"Phường 7, TP. Trà Vinh, Trà Vinh",Trà Vinh,TP. Trà Vinh,Giấy tờ hợp lệ,Tây Bắc,5.0
5347,Nhà hẻm ngõ,1.15,8200.0,m²,3.0,2.0,,136.0,"Xã Phước Hưng, Huyện Trà Cú, Trà Vinh",Trà Vinh,Huyện Trà Cú,Giấy tờ hợp lệ,Đông Nam,60.0
5348,Nhà hẻm ngõ,0.4,47.0,m²,2.0,1.0,,10.0,"Phường 5, TP. Trà Vinh, Trà Vinh",Trà Vinh,TP. Trà Vinh,Giấy tờ hợp lệ,,4.5
5349,Nhà mặt tiền,5.2,376.0,m²,15.0,17.0,1.0,58.0,"376, Đường Quốc lộ 60, Xã Phú Cần, Huyện Tiểu Cần, Trà Vinh",Trà Vinh,Huyện Tiểu Cần,Sổ hồng,Đông,8.0
5350,Nhà mặt tiền,0.619,175.0,m²,1.0,2.0,,5.4,"Thị Trấn Cầu Quan, Huyện Tiểu Cần, Trà Vinh",Trà Vinh,Huyện Tiểu Cần,Giấy tờ hợp lệ,,31.0
5351,Nhà hẻm ngõ,1.19,75.0,m²,2.0,1.0,,15.0,"Phường 7, TP. Trà Vinh, Trà Vinh",Trà Vinh,TP. Trà Vinh,Giấy tờ hợp lệ,Tây Bắc,5.0
5352,Nhà hẻm ngõ,1.15,8200.0,m²,3.0,2.0,,136.0,"Xã Phước Hưng, Huyện Trà Cú, Trà Vinh",Trà Vinh,Huyện Trà Cú,Giấy tờ hợp lệ,Đông Nam,60.0
5353,Nhà hẻm ngõ,0.4,47.0,m²,2.0,1.0,,10.0,"Phường 5, TP. Trà Vinh, Trà Vinh",Trà Vinh,TP. Trà Vinh,Giấy tờ hợp lệ,,4.5
5354,Nhà mặt tiền,5.2,376.0,m²,15.0,17.0,1.0,58.0,"376, Đường Quốc lộ 60, Xã Phú Cần, Huyện Tiểu Cần, Trà Vinh",Trà Vinh,Huyện Tiểu Cần,Sổ hồng,Đông,8.0
5355,Nhà mặt tiền,0.619,175.0,m²,1.0,2.0,,5.4,"Thị Trấn Cầu Quan, Huyện Tiểu Cần, Trà Vinh",Trà Vinh,Huyện Tiểu Cần,Giấy tờ hợp lệ,,31.0
5356,Nhà hẻm ngõ,1.19,75.0,m²,2.0,1.0,,15.0,"Phường 7, TP. Trà Vinh, Trà Vinh",Trà Vinh,TP. Trà Vinh,Giấy tờ hợp lệ,Tây Bắc,5.0
5357,Nhà hẻm ngõ,1.15,8200.0,m²,3.0,2.0,,136.0,"Xã Phước Hưng, Huyện Trà Cú, Trà Vinh",Trà Vinh,Huyện Trà Cú,Giấy tờ hợp lệ,Đông Nam,60.0
5358,Nhà hẻm ngõ,0.4,47.0,m²,2.0,1.0,,10.0,"Phường 5, TP. Trà Vinh, Trà Vinh",Trà Vinh,TP. Trà Vinh,Giấy tờ hợp lệ,,4.5
5359,Nhà mặt tiền,5.2,376.0,m²,15.0,17.0,1.0,58.0,"376, Đường Quốc lộ 60, Xã Phú Cần, Huyện Tiểu Cần, Trà Vinh",Trà Vinh,Huyện Tiểu Cần,Sổ hồng,Đông,8.0
5360,Nhà mặt tiền,0.619,175.0,m²,1.0,2.0,,5.4,"Thị Trấn Cầu Quan, Huyện Tiểu Cần, Trà Vinh",Trà Vinh,Huyện Tiểu Cần,Giấy tờ hợp lệ,,31.0
5361,Nhà hẻm ngõ,1.19,75.0,m²,2.0,1.0,,15.0,"Phường 7, TP. Trà Vinh, Trà Vinh",Trà Vinh,TP. Trà Vinh,Giấy tờ hợp lệ,Tây Bắc,5.0
5362,Nhà mặt tiền,2.29,90.0,m²,3.0,2.0,,20.0,"Phường 5, Thành Phố Vĩnh Long, Vĩnh Long",Vĩnh Long,Thành Phố Vĩnh Long,Giấy tờ hợp lệ,,4.5
5363,Nhà mặt tiền,5.9,147.0,m²,3.0,2.0,2.0,26.0,"Phường 4, Thành Phố Vĩnh Long, Vĩnh Long",Vĩnh Long,Thành Phố Vĩnh Long,Giấy tờ hợp lệ,Bắc,5.5
5364,Nhà mặt tiền,8.0,585.4,m²,6.0,3.0,1.0,70.0,"Xã Long Phước, Huyện Long Hồ, Vĩnh Long",Vĩnh Long,Huyện Long Hồ,Giấy tờ hợp lệ,Tây Nam,9.3
5365,Nhà mặt tiền,1.83,115.0,m²,3.0,2.0,1.0,23.0,"Xã Long Phước, Huyện Long Hồ, Vĩnh Long",Vĩnh Long,Huyện Long Hồ,Giấy tờ hợp lệ,Tây,5.0
5366,Nhà hẻm ngõ,4.0,362.2,m²,11.0,7.0,,32.8,"Phường 8, Thành Phố Vĩnh Long, Vĩnh Long",Vĩnh Long,Thành Phố Vĩnh Long,Giấy tờ hợp lệ,Tây Nam,10.6
5367,Nhà mặt tiền,3.0,81.0,m²,3.0,,,18.0,"Xã Trường An, Thành Phố Vĩnh Long, Vĩnh Long",Vĩnh Long,Thành Phố Vĩnh Long,Giấy tờ hợp lệ,,4.5
5368,Biệt thự,2.9,231.0,m²,5.0,3.0,3.0,39.0,"Xã Phước Hậu, Huyện Long Hồ, Vĩnh Long",Vĩnh Long,Huyện Long Hồ,Giấy tờ hợp lệ,Đông Nam,5.9
5369,Nhà mặt tiền,2.8,95.0,m²,4.0,3.0,2.0,19.0,"Xã Mỹ Hòa, Thị Xã Bình Minh, Vĩnh Long",Vĩnh Long,Thị Xã Bình Minh,Giấy tờ hợp lệ,Tây Nam,5.0
5370,Nhà mặt tiền,4.16,245.0,m²,2.0,1.0,1.0,24.0,"Xã Phước Hậu, Huyện Long Hồ, Vĩnh Long",Vĩnh Long,Huyện Long Hồ,Giấy tờ hợp lệ,Tây Bắc,9.9
5371,Nhà hẻm ngõ,1.15,75.0,m²,3.0,2.0,1.0,15.0,"Xã Thanh Đức, Huyện Long Hồ, Vĩnh Long",Vĩnh Long,Huyện Long Hồ,Giấy tờ hợp lệ,,5.0
5372,Nhà mặt tiền,1.89,41.5,m²,2.0,,,8.9,"Phường 1, Thành Phố Vĩnh Long, Vĩnh Long",Vĩnh Long,Thành Phố Vĩnh Long,Giấy tờ hợp lệ,,4.0
5373,Nhà mặt tiền,1.95,92.3,m²,3.0,4.0,,20.5,"Xã Hòa Phú, Huyện Long Hồ, Vĩnh Long",Vĩnh Long,Huyện Long Hồ,Giấy tờ hợp lệ,,4.5
5374,Nhà mặt tiền,2.5,68.0,m²,2.0,2.0,1.0,16.0,"Phường 3, Thành Phố Vĩnh Long, Vĩnh Long",Vĩnh Long,Thành Phố Vĩnh Long,Giấy tờ hợp lệ,,4.2
5375,Nhà mặt tiền,2.69,90.0,m²,3.0,3.0,2.0,20.0,"Phường 5, Thành Phố Vĩnh Long, Vĩnh Long",Vĩnh Long,Thành Phố Vĩnh Long,Giấy tờ hợp lệ,Đông Bắc,4.5
5376,Nhà mặt tiền,2.88,100.0,m²,4.0,3.0,2.0,20.0,"Phường 5, Thành Phố Vĩnh Long, Vĩnh Long",Vĩnh Long,Thành Phố Vĩnh Long,Giấy tờ hợp lệ,Tây Nam,5.0
5377,Nhà hẻm ngõ,2.69,99.6,m²,3.0,3.0,2.0,22.0,"Phường 9, Thành Phố Vĩnh Long, Vĩnh Long",Vĩnh Long,Thành Phố Vĩnh Long,Giấy tờ hợp lệ,Đông Nam,4.5
5378,Nhà mặt tiền,15.99,100.1,m²,6.0,6.0,4.0,18.2,"B2, B2, Thị Xã Bình Minh, Vĩnh Long",Vĩnh Long,Thị Xã Bình Minh,Đang chờ sổ,Tây Nam,5.5
5379,Nhà mặt tiền,12.3,77.3,m²,6.0,6.0,4.0,6.0,"C21, C21, Thị Xã Bình Minh, Vĩnh Long",Vĩnh Long,Thị Xã Bình Minh,Đang chờ sổ,Đông Bắc,13.7
5380,Nhà mặt tiền,2.8,95.0,m²,4.0,5.0,3.0,19.0,"Xã Mỹ Hòa, Thị Xã Bình Minh, Vĩnh Long",Vĩnh Long,Thị Xã Bình Minh,Giấy tờ hợp lệ,Tây Nam,5.0
5381,Nhà mặt tiền,4.2,126.0,m²,3.0,2.0,2.0,20.0,"Phường 8, Thành Phố Vĩnh Long, Vĩnh Long",Vĩnh Long,Thành Phố Vĩnh Long,Giấy tờ hợp lệ,Tây Nam,6.3
5382,Nhà mặt tiền,2.29,172.9,m²,3.0,3.0,2.0,23.0,"Phường 8, Thành Phố Vĩnh Long, Vĩnh Long",Vĩnh Long,Thành Phố Vĩnh Long,Giấy tờ hợp lệ,Nam,7.5
5383,Nhà mặt tiền,1.87,60.0,m²,2.0,2.0,,15.0,"Phường 1, Thành Phố Vĩnh Long, Vĩnh Long",Vĩnh Long,Thành Phố Vĩnh Long,Giấy tờ hợp lệ,,4.0
5384,Nhà mặt tiền,2.85,95.0,m²,4.0,5.0,2.0,19.0,"Xã Mỹ Hòa, Thị Xã Bình Minh, Vĩnh Long",Vĩnh Long,Thị Xã Bình Minh,Giấy tờ hợp lệ,Tây Nam,5.0
5385,Nhà hẻm ngõ,1.49,79.0,m²,2.0,1.0,1.0,19.0,"Phường 2, Thành Phố Vĩnh Long, Vĩnh Long",Vĩnh Long,Thành Phố Vĩnh Long,Giấy tờ hợp lệ,Nam,4.0
5386,Nhà mặt tiền,0.95,124.9,m²,1.0,1.0,,24.5,"Xã Tân Ngãi, Thành Phố Vĩnh Long, Vĩnh Long",Vĩnh Long,Thành Phố Vĩnh Long,Giấy tờ hợp lệ,Tây Nam,5.0
5387,Nhà hẻm ngõ,4.38,292.0,m²,2.0,1.0,1.0,30.0,"Phường 3, Thành Phố Vĩnh Long, Vĩnh Long",Vĩnh Long,Thành Phố Vĩnh Long,Giấy tờ hợp lệ,Đông Nam,10.0
5388,Biệt thự,2.4,200.0,m²,2.0,2.0,1.0,20.0,"Xã Tân Hạnh, Huyện Long Hồ, Vĩnh Long",Vĩnh Long,Huyện Long Hồ,Giấy tờ hợp lệ,Tây,10.0
5389,Nhà mặt tiền,2.4,200.0,m²,2.0,2.0,,20.0,"Xã Tân Hạnh, Huyện Long Hồ, Vĩnh Long",Vĩnh Long,Huyện Long Hồ,Đang chờ sổ,Tây Bắc,10.0
5390,Nhà mặt tiền,0.85,92.4,m²,2.0,1.0,1.0,19.0,"Xã Long Phước, Huyện Long Hồ, Vĩnh Long",Vĩnh Long,Huyện Long Hồ,Giấy tờ hợp lệ,Tây Nam,5.0
5391,Nhà mặt tiền,6.0,180.0,m²,2.0,,1.0,34.0,"Phường 3, Thành Phố Vĩnh Long, Vĩnh Long",Vĩnh Long,Thành Phố Vĩnh Long,Giấy tờ hợp lệ,Tây Nam,5.0
5392,Nhà mặt tiền,1.25,83.7,m²,4.0,,,17.8,"Phường 3, Thành Phố Vĩnh Long, Vĩnh Long",Vĩnh Long,Thành Phố Vĩnh Long,Giấy tờ hợp lệ,,4.7
5393,Nhà hẻm ngõ,1.25,99.0,m²,2.0,1.0,1.0,20.0,"Phường 3, Thành Phố Vĩnh Long, Vĩnh Long",Vĩnh Long,Thành Phố Vĩnh Long,Giấy tờ hợp lệ,Đông,5.0
5394,Nhà mặt tiền,1.5,80.0,m²,2.0,1.0,1.0,15.3,"Xã Thanh Đức, Huyện Long Hồ, Vĩnh Long",Vĩnh Long,Huyện Long Hồ,Giấy tờ hợp lệ,Đông Nam,5.4
5395,Nhà mặt tiền,1.55,81.0,m²,2.0,1.0,1.0,20.0,"Phường 9, Thành Phố Vĩnh Long, Vĩnh Long",Vĩnh Long,Thành Phố Vĩnh Long,Giấy tờ hợp lệ,Bắc,4.5
5396,Nhà mặt tiền,1.89,90.0,m²,2.0,1.0,1.0,20.0,"Phường 9, Thành Phố Vĩnh Long, Vĩnh Long",Vĩnh Long,Thành Phố Vĩnh Long,Giấy tờ hợp lệ,Tây,4.5
5397,Nhà hẻm ngõ,1.15,87.0,m²,2.0,1.0,1.0,16.0,"Xã Tân Hạnh, Huyện Long Hồ, Vĩnh Long",Vĩnh Long,Huyện Long Hồ,Giấy tờ hợp lệ,Tây,6.8
5398,Nhà hẻm ngõ,0.9,107.0,m²,4.0,2.0,1.0,18.0,"Thị trấn Long Hồ, Huyện Long Hồ, Vĩnh Long",Vĩnh Long,Huyện Long Hồ,Giấy tờ hợp lệ,Đông Bắc,6.0
5399,Mặt tiền,2.2,90.0,m²,3.0,3.0,,18.0,"Phường 9, Thành Phố Vĩnh Long, Vĩnh Long",Vĩnh Long,Thành Phố Vĩnh Long,Giấy tờ hợp lệ,Tây,5.0
5400,Mặt tiền,2.88,100.0,m²,4.0,3.0,2.0,20.0,"Phường 5, Thành Phố Vĩnh Long, Vĩnh Long",Vĩnh Long,Thành Phố Vĩnh Long,Giấy tờ hợp lệ,Tây Nam,5.0
5401,Mặt tiền,2.7,75.0,m²,2.0,2.0,2.0,17.0,"Phường 3, Thành Phố Vĩnh Long, Vĩnh Long",Vĩnh Long,Thành Phố Vĩnh Long,Giấy tờ hợp lệ,Đông Nam,4.7
5402,Nhà hẻm ngõ,1.89,41.5,m²,2.0,1.0,2.0,11.0,"Phường 1, Thành Phố Vĩnh Long, Vĩnh Long",Vĩnh Long,Thành Phố Vĩnh Long,Giấy tờ hợp lệ,Đông Nam,4.1
5403,Mặt tiền,2.05,90.0,m²,3.0,2.0,2.0,20.0,"Phường 5, Thành Phố Vĩnh Long, Vĩnh Long",Vĩnh Long,Thành Phố Vĩnh Long,Giấy tờ hợp lệ,Tây Bắc,4.5
5404,Mặt tiền,2.2,88.0,m²,3.0,2.0,2.0,22.0,"Phường 9, Thành Phố Vĩnh Long, Vĩnh Long",Vĩnh Long,Thành Phố Vĩnh Long,Giấy tờ hợp lệ,Đông Nam,4.0
5405,Biệt thự,,180.0,m²,,,2.0,,"Thị Xã Phúc Yên, Vĩnh Phúc",Vĩnh Phúc,Thị Xã Phúc Yên,Sổ đỏ,,
5406,Nhà hẻm ngõ,2.85,49.1,m²,3.0,3.0,3.0,,"Phường Trưng Trắc, Thị Xã Phúc Yên, Vĩnh Phúc",Vĩnh Phúc,Thị Xã Phúc Yên,Giấy tờ hợp lệ,Nam,
5407,Nhà mặt tiền,15.0,250.0,m²,4.0,,3.0,,"Xã Ngọc Thanh, Thị Xã Phúc Yên, Vĩnh Phúc",Vĩnh Phúc,Thị Xã Phúc Yên,Giấy tờ hợp lệ,,
5408,Nhà mặt tiền,6.2,60.0,m²,3.0,3.0,,15.0,"Phường Trưng Trắc, Thị Xã Phúc Yên, Vĩnh Phúc",Vĩnh Phúc,Thị Xã Phúc Yên,Giấy tờ hợp lệ,Đông Bắc,4.0
5409,Biệt thự,27.5,570.0,m²,5.0,,,30.0,"Xã Ngọc Thanh, Thị Xã Phúc Yên, Vĩnh Phúc",Vĩnh Phúc,Thị Xã Phúc Yên,Giấy tờ hợp lệ,,19.0
5410,Mặt tiền,15.9,150.0,m²,26.0,26.0,7.0,15.0,"436, Đường Tôn Đức Thắng, Xã Gia Khánh, Huyện Bình Xuyên, Vĩnh Phúc",Vĩnh Phúc,Huyện Bình Xuyên,Sổ hồng,Nam,10.0
5411,Biệt thự,3.35,113.0,m²,2.0,2.0,,,"Phường Hùng Vương, Thị Xã Phúc Yên, Vĩnh Phúc",Vĩnh Phúc,Thị Xã Phúc Yên,Giấy tờ hợp lệ,,
5412,Nhà mặt tiền,5.6,150.0,m²,,,3.0,15.0,"Đường Yên Ninh, Phường Yên Ninh, TP. Yên Bái, Yên Bái",Yên Bái,TP. Yên Bái,Sổ hồng,,10.0
5413,Nhà mặt tiền,5.6,150.0,m²,,,3.0,15.0,"Đường Yên Ninh, Phường Yên Ninh, TP. Yên Bái, Yên Bái",Yên Bái,TP. Yên Bái,Sổ hồng,,10.0
